-- MySQL dump 10.13  Distrib 5.7.28, for Linux (x86_64)
--
-- Host: 127.0.0.1    Database: cmsv11
-- ------------------------------------------------------
-- Server version	5.7.28-0ubuntu0.18.04.4

/*!40101 SET @OLD_CHARACTER_SET_CLIENT=@@CHARACTER_SET_CLIENT */;
/*!40101 SET @OLD_CHARACTER_SET_RESULTS=@@CHARACTER_SET_RESULTS */;
/*!40101 SET @OLD_COLLATION_CONNECTION=@@COLLATION_CONNECTION */;
/*!40101 SET NAMES utf8 */;
/*!40103 SET @OLD_TIME_ZONE=@@TIME_ZONE */;
/*!40103 SET TIME_ZONE='+00:00' */;
/*!40014 SET @OLD_UNIQUE_CHECKS=@@UNIQUE_CHECKS, UNIQUE_CHECKS=0 */;
/*!40014 SET @OLD_FOREIGN_KEY_CHECKS=@@FOREIGN_KEY_CHECKS, FOREIGN_KEY_CHECKS=0 */;
/*!40101 SET @OLD_SQL_MODE=@@SQL_MODE, SQL_MODE='NO_AUTO_VALUE_ON_ZERO' */;
/*!40111 SET @OLD_SQL_NOTES=@@SQL_NOTES, SQL_NOTES=0 */;

--
-- Table structure for table `activations`
--

DROP TABLE IF EXISTS `activations`;
/*!40101 SET @saved_cs_client     = @@character_set_client */;
/*!40101 SET character_set_client = utf8 */;
CREATE TABLE `activations` (
  `id` int(10) unsigned NOT NULL AUTO_INCREMENT,
  `user_id` int(10) unsigned NOT NULL,
  `code` varchar(255) COLLATE utf8_unicode_ci NOT NULL,
  `completed` tinyint(1) NOT NULL DEFAULT '0',
  `completed_at` timestamp NULL DEFAULT NULL,
  `created_at` timestamp NULL DEFAULT NULL,
  `updated_at` timestamp NULL DEFAULT NULL,
  PRIMARY KEY (`id`) USING BTREE
) ENGINE=InnoDB AUTO_INCREMENT=4559 DEFAULT CHARSET=utf8 COLLATE=utf8_unicode_ci ROW_FORMAT=COMPACT;
/*!40101 SET character_set_client = @saved_cs_client */;

--
-- Dumping data for table `activations`
--

LOCK TABLES `activations` WRITE;
/*!40000 ALTER TABLE `activations` DISABLE KEYS */;
INSERT INTO `activations` VALUES (1,1,'RCsr7Qt1bBMqFwlW4bBVvtu02UBBQ0hr',1,'2015-07-11 16:39:31','2015-07-11 16:39:31','2015-07-11 16:39:31'),(4554,2,'ACyPZjSZaq3F7sWeCLI8y4TrU8u3UDQ8',1,'2019-09-06 11:10:00','2019-09-06 11:10:00','2019-09-06 11:10:00'),(4555,3,'NOxTmXDUGQGPjq8TtQ3h7XWyS9WQa7Jo',1,'2019-09-06 11:10:38','2019-09-06 11:10:38','2019-09-06 11:10:38'),(4556,4,'EdJ9414wXiG6krxlW4hJquExhAsZY16q',1,'2019-10-28 22:24:21','2019-10-28 22:24:21','2019-10-28 22:24:21'),(4557,5,'sDBDYLDHHUE3Jehf5zm5ZAIhrOsmBUGu',1,'2019-10-29 07:39:25','2019-10-29 07:39:25','2019-10-29 07:39:25'),(4558,6,'dr0qCgqJFINItD3HAV9qOK3YO8eMUYbQ',1,'2019-10-31 04:42:15','2019-10-31 04:42:15','2019-10-31 04:42:15');
/*!40000 ALTER TABLE `activations` ENABLE KEYS */;
UNLOCK TABLES;

--
-- Table structure for table `address`
--

DROP TABLE IF EXISTS `address`;
/*!40101 SET @saved_cs_client     = @@character_set_client */;
/*!40101 SET character_set_client = utf8 */;
CREATE TABLE `address` (
  `id` int(11) NOT NULL AUTO_INCREMENT,
  `house_no` varchar(10) DEFAULT NULL,
  `street_name` varchar(255) DEFAULT NULL,
  `city` varchar(255) DEFAULT NULL,
  `state` varchar(255) DEFAULT NULL,
  `zip` varchar(255) DEFAULT NULL,
  `country` varchar(255) DEFAULT NULL,
  `status` int(11) DEFAULT '1',
  `update_dt` datetime DEFAULT NULL,
  `created_at` datetime DEFAULT NULL,
  `updated_at` datetime DEFAULT NULL,
  `deleted_at` datetime DEFAULT NULL,
  PRIMARY KEY (`id`) USING BTREE
) ENGINE=InnoDB DEFAULT CHARSET=latin1 ROW_FORMAT=DYNAMIC;
/*!40101 SET character_set_client = @saved_cs_client */;

--
-- Dumping data for table `address`
--

LOCK TABLES `address` WRITE;
/*!40000 ALTER TABLE `address` DISABLE KEYS */;
/*!40000 ALTER TABLE `address` ENABLE KEYS */;
UNLOCK TABLES;

--
-- Table structure for table `api_keys`
--

DROP TABLE IF EXISTS `api_keys`;
/*!40101 SET @saved_cs_client     = @@character_set_client */;
/*!40101 SET character_set_client = utf8 */;
CREATE TABLE `api_keys` (
  `api_token_id` int(11) NOT NULL AUTO_INCREMENT,
  `api_token` varchar(255) DEFAULT NULL,
  `api_role` varchar(15) DEFAULT NULL,
  `lock_flag` int(11) DEFAULT NULL,
  PRIMARY KEY (`api_token_id`)
) ENGINE=InnoDB AUTO_INCREMENT=2 DEFAULT CHARSET=latin1;
/*!40101 SET character_set_client = @saved_cs_client */;

--
-- Dumping data for table `api_keys`
--

LOCK TABLES `api_keys` WRITE;
/*!40000 ALTER TABLE `api_keys` DISABLE KEYS */;
INSERT INTO `api_keys` VALUES (1,'$2a$08$SDakQoHnkW2hekZVNorGu.YrFOlBFfii/Ed7qAQK7.TDQJ627w.4q','USER',NULL);
/*!40000 ALTER TABLE `api_keys` ENABLE KEYS */;
UNLOCK TABLES;

--
-- Table structure for table `content_category`
--

DROP TABLE IF EXISTS `content_category`;
/*!40101 SET @saved_cs_client     = @@character_set_client */;
/*!40101 SET character_set_client = utf8 */;
CREATE TABLE `content_category` (
  `content_category_id` int(11) NOT NULL AUTO_INCREMENT,
  `content_category_name` varchar(255) DEFAULT NULL,
  `status` int(1) DEFAULT '1',
  PRIMARY KEY (`content_category_id`)
) ENGINE=InnoDB AUTO_INCREMENT=4 DEFAULT CHARSET=latin1;
/*!40101 SET character_set_client = @saved_cs_client */;

--
-- Dumping data for table `content_category`
--

LOCK TABLES `content_category` WRITE;
/*!40000 ALTER TABLE `content_category` DISABLE KEYS */;
INSERT INTO `content_category` VALUES (1,'Science',1),(2,'Technology',1),(3,'Arts',1);
/*!40000 ALTER TABLE `content_category` ENABLE KEYS */;
UNLOCK TABLES;

--
-- Table structure for table `course`
--

DROP TABLE IF EXISTS `course`;
/*!40101 SET @saved_cs_client     = @@character_set_client */;
/*!40101 SET character_set_client = utf8 */;
CREATE TABLE `course` (
  `id` int(11) NOT NULL AUTO_INCREMENT,
  `description` text,
  `public_course_id` varchar(10) DEFAULT NULL,
  `created_by` int(11) DEFAULT NULL,
  `course_name` varchar(255) DEFAULT NULL,
  `created_at` datetime NOT NULL,
  `updated_at` datetime DEFAULT NULL,
  `status` int(1) NOT NULL DEFAULT '1',
  `start_at` datetime DEFAULT NULL,
  `end_at` datetime DEFAULT NULL,
  `publish_at` datetime DEFAULT NULL,
  `deleted_at` datetime DEFAULT NULL,
  `price` decimal(10,2) NOT NULL,
  `end_dt` datetime DEFAULT NULL,
  `is_new` int(11) DEFAULT '0',
  `lock_flag` int(11) DEFAULT NULL,
  `publish_dt` datetime DEFAULT NULL,
  `start_dt` datetime DEFAULT NULL,
  `updated_dt` datetime DEFAULT NULL,
  `created_dt` datetime DEFAULT NULL,
  `rating` decimal(19,2) DEFAULT NULL,
  `image_url` varchar(255) DEFAULT 'https://storage.googleapis.com/tuto-image/course/banner/course1.png',
  `banner` varchar(255) DEFAULT NULL,
  PRIMARY KEY (`id`) USING BTREE,
  UNIQUE KEY `course_public_course_id_uindex` (`public_course_id`),
  UNIQUE KEY `course_public_course_id_IX` (`public_course_id`)
) ENGINE=InnoDB AUTO_INCREMENT=56 DEFAULT CHARSET=latin1;
/*!40101 SET character_set_client = @saved_cs_client */;

--
-- Dumping data for table `course`
--

LOCK TABLES `course` WRITE;
/*!40000 ALTER TABLE `course` DISABLE KEYS */;
INSERT INTO `course` VALUES (1,'Teset','Course 1',NULL,'Course 1','2019-10-07 15:52:40','2019-10-09 09:54:54',1,'2019-10-31 00:00:00','2019-10-31 00:00:00','2019-10-30 00:00:00',NULL,5600.00,NULL,1,NULL,NULL,NULL,NULL,'2019-10-07 15:52:40',9.50,'https://storage.googleapis.com/tuto-image/course/banner/course1.png','https://storage.googleapis.com/tuto-image/course/banner/course1.png'),(2,'Teset','Course 2',NULL,'Course 2','2019-10-07 15:52:40','2019-10-09 09:54:54',1,'2019-09-30 00:00:00','2020-10-31 00:00:00','2019-09-30 00:00:00',NULL,5600.00,NULL,1,NULL,NULL,NULL,NULL,'2019-10-07 15:52:40',9.50,'https://storage.googleapis.com/tuto-image/course/banner/course1.png','https://storage.googleapis.com/tuto-image/course/banner/course1.png'),(43,'Teset','Tset556',NULL,'CK00112q8979','2019-10-07 15:52:40','2019-10-09 09:54:54',1,'2019-09-30 00:00:00','2020-10-31 00:00:00','2019-09-30 00:00:00',NULL,5600.00,NULL,1,NULL,NULL,NULL,NULL,'2019-10-07 15:52:40',9.50,'https://storage.googleapis.com/tuto-image/course/banner/course1.png','https://storage.googleapis.com/tuto-image/course/banner/course1.png'),(44,'Teset','Tset557',NULL,'CK00112q8979','2019-10-07 15:52:40',NULL,1,NULL,NULL,NULL,NULL,5600.00,NULL,0,NULL,NULL,NULL,NULL,NULL,8.00,'https://storage.googleapis.com/tuto-image/course/banner/course1.png','https://storage.googleapis.com/tuto-image/course/banner/course1.png'),(47,'','T',NULL,'T','2019-10-26 21:13:17','2019-10-26 21:13:17',1,'2019-10-01 00:00:00','2019-10-31 00:00:00','2019-10-01 00:00:00',NULL,1000.00,NULL,0,NULL,NULL,NULL,NULL,NULL,NULL,'',NULL),(48,'','aa',NULL,'aa','2019-10-27 18:38:59','2019-10-27 18:38:59',1,'2019-10-27 00:00:00','2019-10-27 00:00:00','2019-10-27 00:00:00',NULL,0.00,NULL,0,NULL,NULL,NULL,NULL,NULL,NULL,'',NULL),(51,'','ss',NULL,'aas','2019-10-27 18:42:29','2019-10-27 18:42:29',1,'2019-10-27 00:00:00','2019-10-27 00:00:00','2019-10-27 00:00:00',NULL,0.00,NULL,0,NULL,NULL,NULL,NULL,NULL,NULL,'https://storage.cloud.google.com/tuto-image/course/images.jpeg','https://storage.cloud.google.com/tuto-image/course/images.jpeg'),(53,'','vv',NULL,'ss','2019-10-27 18:43:30','2019-10-27 18:43:30',1,'2019-10-27 00:00:00','2019-10-27 00:00:00','2019-10-27 00:00:00',NULL,0.00,NULL,0,NULL,NULL,NULL,NULL,NULL,NULL,'',NULL),(54,'','bb',NULL,'bb','2019-10-27 18:44:05','2019-10-27 18:44:05',1,'2019-10-27 00:00:00','2019-10-27 00:00:00','2019-10-27 00:00:00',NULL,0.00,NULL,0,NULL,NULL,NULL,NULL,NULL,NULL,'https://storage.cloud.google.com/tuto-image/course/images.jpeg','https://storage.cloud.google.com/tuto-image/course/images.jpeg'),(55,'sSDFAS','3423',NULL,'test123','2019-10-28 22:19:51','2019-10-28 22:19:51',1,'2019-10-01 00:00:00','2020-10-31 00:00:00','0000-00-00 00:00:00',NULL,34534.00,NULL,0,NULL,NULL,NULL,NULL,NULL,NULL,'https://storage.cloud.google.com/tuto-image/course/logo_logotipo.png','https://storage.cloud.google.com/tuto-image/course/logo_logotipo.png');
/*!40000 ALTER TABLE `course` ENABLE KEYS */;
UNLOCK TABLES;

--
-- Table structure for table `course_category`
--

DROP TABLE IF EXISTS `course_category`;
/*!40101 SET @saved_cs_client     = @@character_set_client */;
/*!40101 SET character_set_client = utf8 */;
CREATE TABLE `course_category` (
  `course_id` int(11) DEFAULT NULL,
  `content_category_id` int(11) DEFAULT NULL,
  `id` bigint(20) NOT NULL,
  `lock_flag` int(11) DEFAULT NULL
) ENGINE=InnoDB DEFAULT CHARSET=latin1;
/*!40101 SET character_set_client = @saved_cs_client */;

--
-- Dumping data for table `course_category`
--

LOCK TABLES `course_category` WRITE;
/*!40000 ALTER TABLE `course_category` DISABLE KEYS */;
INSERT INTO `course_category` VALUES (1,1,0,NULL),(1,2,0,NULL),(2,3,0,NULL);
/*!40000 ALTER TABLE `course_category` ENABLE KEYS */;
UNLOCK TABLES;

--
-- Table structure for table `course_owners`
--

DROP TABLE IF EXISTS `course_owners`;
/*!40101 SET @saved_cs_client     = @@character_set_client */;
/*!40101 SET character_set_client = utf8 */;
CREATE TABLE `course_owners` (
  `course_id` int(11) DEFAULT NULL,
  `owner_resource_type_id` int(2) DEFAULT NULL,
  `owner_id` int(11) DEFAULT NULL,
  `updated_at` datetime DEFAULT NULL,
  `created_at` datetime DEFAULT CURRENT_TIMESTAMP,
  `deleted_at` datetime DEFAULT NULL,
  `status` tinyint(4) DEFAULT '1',
  `id` bigint(20) NOT NULL AUTO_INCREMENT,
  `lock_flag` int(11) DEFAULT NULL,
  PRIMARY KEY (`id`)
) ENGINE=InnoDB AUTO_INCREMENT=15 DEFAULT CHARSET=latin1;
/*!40101 SET character_set_client = @saved_cs_client */;

--
-- Dumping data for table `course_owners`
--

LOCK TABLES `course_owners` WRITE;
/*!40000 ALTER TABLE `course_owners` DISABLE KEYS */;
INSERT INTO `course_owners` VALUES (44,4,2,'2019-10-14 09:20:29','2019-10-14 09:20:29',NULL,1,1,NULL),(44,5,1,'2019-10-14 09:20:29','2019-10-14 09:20:29',NULL,1,2,NULL),(1,5,1,NULL,'2019-10-16 13:11:45',NULL,1,3,NULL),(47,4,4,'2019-10-26 21:13:17','2019-10-26 21:13:17',NULL,1,4,NULL),(47,5,8,'2019-10-26 21:13:17','2019-10-26 21:13:17',NULL,1,5,NULL),(48,4,6,'2019-10-27 18:38:59','2019-10-27 18:38:59',NULL,1,6,NULL),(48,5,9,'2019-10-27 18:38:59','2019-10-27 18:38:59',NULL,1,7,NULL),(51,4,6,'2019-10-27 18:42:29','2019-10-27 18:42:29',NULL,1,8,NULL),(51,5,9,'2019-10-27 18:42:29','2019-10-27 18:42:29',NULL,1,9,NULL),(53,5,9,'2019-10-27 18:43:30','2019-10-27 18:43:30',NULL,1,10,NULL),(54,4,6,'2019-10-27 18:44:05','2019-10-27 18:44:05',NULL,1,11,NULL),(54,5,9,'2019-10-27 18:44:05','2019-10-27 18:44:05',NULL,1,12,NULL),(55,4,2,'2019-10-28 22:19:51','2019-10-28 22:19:51',NULL,1,13,NULL),(55,5,1,'2019-10-28 22:19:51','2019-10-28 22:19:51',NULL,1,14,NULL);
/*!40000 ALTER TABLE `course_owners` ENABLE KEYS */;
UNLOCK TABLES;

--
-- Table structure for table `division`
--

DROP TABLE IF EXISTS `division`;
/*!40101 SET @saved_cs_client     = @@character_set_client */;
/*!40101 SET character_set_client = utf8 */;
CREATE TABLE `division` (
  `id` int(11) NOT NULL AUTO_INCREMENT,
  `public_division_id` varchar(10) DEFAULT NULL,
  `division_name` varchar(255) DEFAULT NULL,
  `status` int(1) NOT NULL,
  `created_at` datetime NOT NULL,
  `updated_at` datetime DEFAULT NULL,
  `address` text,
  `lat` decimal(10,2) DEFAULT NULL,
  `lng` decimal(10,2) DEFAULT NULL,
  `description` text,
  `telephone` varchar(20) DEFAULT NULL,
  `fax` varchar(20) DEFAULT NULL,
  `email` varchar(50) DEFAULT NULL,
  `deleted_at` datetime DEFAULT NULL,
  `division_id` int(11) NOT NULL,
  `lock_flag` int(11) DEFAULT NULL,
  `updated_dt` datetime DEFAULT NULL,
  `created_dt` datetime NOT NULL,
  PRIMARY KEY (`id`) USING BTREE,
  UNIQUE KEY `division_public_division_id_uindex` (`public_division_id`) USING BTREE,
  UNIQUE KEY `division_public_division_id_IX` (`public_division_id`)
) ENGINE=InnoDB AUTO_INCREMENT=14 DEFAULT CHARSET=latin1 ROW_FORMAT=COMPACT;
/*!40101 SET character_set_client = @saved_cs_client */;

--
-- Dumping data for table `division`
--

LOCK TABLES `division` WRITE;
/*!40000 ALTER TABLE `division` DISABLE KEYS */;
INSERT INTO `division` VALUES (1,'MTR','Matara',1,'2019-09-09 13:42:14','2019-09-09 13:59:34','No 51/6B/1/1,Dhimitiyagahawatta Rd,Dabahena Rd',1.22,12.22,'','0713879610','','c@c.com',NULL,0,NULL,NULL,'0000-00-00 00:00:00'),(2,'NCAA','NCAA',1,'2019-10-14 09:12:50','2019-10-14 09:12:50','Cambridge, Massachusetts',42.36,71.09,'','+1 617-253-1000','','info@mitathletics.com',NULL,0,NULL,NULL,'0000-00-00 00:00:00'),(3,'1414','zz',1,'2019-10-21 18:03:07','2019-10-21 18:03:07','colombo',214.00,214.00,'','23432414124','','suranjith.rodrigo@gmail.com',NULL,0,NULL,NULL,'0000-00-00 00:00:00'),(4,'TT','TT',1,'2019-10-26 21:12:36','2019-10-26 21:12:36','TT',1.00,1.00,'','01111111','','a@a.com',NULL,0,NULL,NULL,'0000-00-00 00:00:00'),(5,'sds','aa sub',1,'2019-10-27 18:32:58','2019-10-27 18:33:16','sds',34.00,0.00,'sub','dsd','sf','dds@dfd.rrg',NULL,0,NULL,NULL,'0000-00-00 00:00:00'),(6,'aa','aa',1,'2019-10-27 18:34:48','2019-10-27 18:34:48','aa',0.00,0.00,'aa','aa','aa','aa@aa.aa',NULL,0,NULL,NULL,'0000-00-00 00:00:00'),(13,'baa','bbb',1,'2019-10-27 18:38:04','2019-10-27 18:38:04','aa',0.00,0.00,'baa','baa','aa','baa@aa.aa',NULL,0,NULL,NULL,'0000-00-00 00:00:00');
/*!40000 ALTER TABLE `division` ENABLE KEYS */;
UNLOCK TABLES;

--
-- Table structure for table `division_owners`
--

DROP TABLE IF EXISTS `division_owners`;
/*!40101 SET @saved_cs_client     = @@character_set_client */;
/*!40101 SET character_set_client = utf8 */;
CREATE TABLE `division_owners` (
  `division_id` int(11) DEFAULT NULL,
  `owner_resource_type_id` int(2) DEFAULT NULL,
  `owner_id` int(11) DEFAULT NULL,
  `created_at` datetime DEFAULT NULL,
  `updated_at` datetime DEFAULT NULL,
  `deleted_at` datetime DEFAULT NULL,
  `id` int(50) NOT NULL AUTO_INCREMENT,
  `lock_flag` int(11) DEFAULT NULL,
  PRIMARY KEY (`id`) USING BTREE
) ENGINE=InnoDB AUTO_INCREMENT=10 DEFAULT CHARSET=latin1 ROW_FORMAT=COMPACT;
/*!40101 SET character_set_client = @saved_cs_client */;

--
-- Dumping data for table `division_owners`
--

LOCK TABLES `division_owners` WRITE;
/*!40000 ALTER TABLE `division_owners` DISABLE KEYS */;
INSERT INTO `division_owners` VALUES (1,5,1,'2019-10-07 09:42:10','2019-10-07 11:45:45',NULL,1,NULL),(2,5,1,'2019-10-14 09:12:50','2019-10-14 09:12:50',NULL,4,NULL),(3,5,1,'2019-10-21 18:03:07','2019-10-21 18:03:07',NULL,5,NULL),(4,5,8,'2019-10-26 21:12:36','2019-10-26 21:12:36',NULL,6,NULL),(5,5,9,'2019-10-27 18:32:58','2019-10-27 18:32:58',NULL,7,NULL),(6,5,9,'2019-10-27 18:34:48','2019-10-27 18:34:48',NULL,8,NULL),(13,5,9,'2019-10-27 18:38:04','2019-10-27 18:38:04',NULL,9,NULL);
/*!40000 ALTER TABLE `division_owners` ENABLE KEYS */;
UNLOCK TABLES;

--
-- Table structure for table `event`
--

DROP TABLE IF EXISTS `event`;
/*!40101 SET @saved_cs_client     = @@character_set_client */;
/*!40101 SET character_set_client = utf8 */;
CREATE TABLE `event` (
  `event_id` int(11) NOT NULL AUTO_INCREMENT,
  `public_event_id` varchar(10) DEFAULT NULL,
  `event_title` varchar(255) DEFAULT NULL,
  `status` int(1) DEFAULT NULL,
  `created_dt` datetime DEFAULT NULL,
  `updated_dt` datetime DEFAULT NULL,
  `event_dt` datetime DEFAULT NULL,
  `lock_flag` int(11) DEFAULT NULL,
  PRIMARY KEY (`event_id`)
) ENGINE=InnoDB DEFAULT CHARSET=latin1;
/*!40101 SET character_set_client = @saved_cs_client */;

--
-- Dumping data for table `event`
--

LOCK TABLES `event` WRITE;
/*!40000 ALTER TABLE `event` DISABLE KEYS */;
/*!40000 ALTER TABLE `event` ENABLE KEYS */;
UNLOCK TABLES;

--
-- Table structure for table `event_owners`
--

DROP TABLE IF EXISTS `event_owners`;
/*!40101 SET @saved_cs_client     = @@character_set_client */;
/*!40101 SET character_set_client = utf8 */;
CREATE TABLE `event_owners` (
  `event_id` int(11) DEFAULT NULL,
  `owner_type_id` int(2) DEFAULT NULL,
  `owner_id` int(11) DEFAULT NULL,
  `id` bigint(20) NOT NULL,
  `lock_flag` int(11) DEFAULT NULL
) ENGINE=InnoDB DEFAULT CHARSET=latin1;
/*!40101 SET character_set_client = @saved_cs_client */;

--
-- Dumping data for table `event_owners`
--

LOCK TABLES `event_owners` WRITE;
/*!40000 ALTER TABLE `event_owners` DISABLE KEYS */;
/*!40000 ALTER TABLE `event_owners` ENABLE KEYS */;
UNLOCK TABLES;

--
-- Table structure for table `faq`
--

DROP TABLE IF EXISTS `faq`;
/*!40101 SET @saved_cs_client     = @@character_set_client */;
/*!40101 SET character_set_client = utf8 */;
CREATE TABLE `faq` (
  `faq_id` int(11) NOT NULL AUTO_INCREMENT,
  `status` int(1) DEFAULT NULL,
  `created_dt` datetime DEFAULT NULL,
  `updated_dt` datetime DEFAULT NULL,
  `lock_flag` int(11) DEFAULT NULL,
  PRIMARY KEY (`faq_id`)
) ENGINE=InnoDB DEFAULT CHARSET=latin1;
/*!40101 SET character_set_client = @saved_cs_client */;

--
-- Dumping data for table `faq`
--

LOCK TABLES `faq` WRITE;
/*!40000 ALTER TABLE `faq` DISABLE KEYS */;
/*!40000 ALTER TABLE `faq` ENABLE KEYS */;
UNLOCK TABLES;

--
-- Table structure for table `faq_owners`
--

DROP TABLE IF EXISTS `faq_owners`;
/*!40101 SET @saved_cs_client     = @@character_set_client */;
/*!40101 SET character_set_client = utf8 */;
CREATE TABLE `faq_owners` (
  `faq_id` int(11) DEFAULT NULL,
  `owner_type_id` int(2) DEFAULT NULL,
  `owner_id` int(11) DEFAULT NULL,
  `id` bigint(20) NOT NULL,
  `lock_flag` int(11) DEFAULT NULL
) ENGINE=InnoDB DEFAULT CHARSET=latin1;
/*!40101 SET character_set_client = @saved_cs_client */;

--
-- Dumping data for table `faq_owners`
--

LOCK TABLES `faq_owners` WRITE;
/*!40000 ALTER TABLE `faq_owners` DISABLE KEYS */;
/*!40000 ALTER TABLE `faq_owners` ENABLE KEYS */;
UNLOCK TABLES;

--
-- Table structure for table `faq_questions`
--

DROP TABLE IF EXISTS `faq_questions`;
/*!40101 SET @saved_cs_client     = @@character_set_client */;
/*!40101 SET character_set_client = utf8 */;
CREATE TABLE `faq_questions` (
  `question_id` int(11) NOT NULL AUTO_INCREMENT,
  `faq_id` int(11) DEFAULT NULL,
  `question` text,
  `answer` text,
  `lock_flag` int(11) DEFAULT NULL,
  PRIMARY KEY (`question_id`)
) ENGINE=InnoDB DEFAULT CHARSET=latin1;
/*!40101 SET character_set_client = @saved_cs_client */;

--
-- Dumping data for table `faq_questions`
--

LOCK TABLES `faq_questions` WRITE;
/*!40000 ALTER TABLE `faq_questions` DISABLE KEYS */;
/*!40000 ALTER TABLE `faq_questions` ENABLE KEYS */;
UNLOCK TABLES;

--
-- Table structure for table `feedback`
--

DROP TABLE IF EXISTS `feedback`;
/*!40101 SET @saved_cs_client     = @@character_set_client */;
/*!40101 SET character_set_client = utf8 */;
CREATE TABLE `feedback` (
  `feedback_id` int(11) NOT NULL AUTO_INCREMENT,
  `lesson_id` int(11) DEFAULT NULL,
  `user_id` int(11) DEFAULT NULL,
  `created_dt` datetime DEFAULT NULL,
  `updated_dt` datetime DEFAULT NULL,
  `status` int(1) DEFAULT NULL,
  `comment` varchar(255) DEFAULT NULL,
  `lock_flag` int(11) DEFAULT NULL,
  PRIMARY KEY (`feedback_id`)
) ENGINE=InnoDB DEFAULT CHARSET=latin1;
/*!40101 SET character_set_client = @saved_cs_client */;

--
-- Dumping data for table `feedback`
--

LOCK TABLES `feedback` WRITE;
/*!40000 ALTER TABLE `feedback` DISABLE KEYS */;
/*!40000 ALTER TABLE `feedback` ENABLE KEYS */;
UNLOCK TABLES;

--
-- Table structure for table `fonts-list`
--

DROP TABLE IF EXISTS `fonts-list`;
/*!40101 SET @saved_cs_client     = @@character_set_client */;
/*!40101 SET character_set_client = utf8 */;
CREATE TABLE `fonts-list` (
  `id` int(15) NOT NULL AUTO_INCREMENT,
  `type` varchar(30) DEFAULT NULL,
  `icon` varchar(30) DEFAULT NULL,
  `unicode` varchar(30) DEFAULT NULL,
  PRIMARY KEY (`id`) USING BTREE
) ENGINE=InnoDB AUTO_INCREMENT=594 DEFAULT CHARSET=utf8 ROW_FORMAT=COMPACT;
/*!40101 SET character_set_client = @saved_cs_client */;

--
-- Dumping data for table `fonts-list`
--

LOCK TABLES `fonts-list` WRITE;
/*!40000 ALTER TABLE `fonts-list` DISABLE KEYS */;
INSERT INTO `fonts-list` VALUES (1,'fa','fa-adjust','&#xf042;'),(2,'fa','fa-adn','&#xf170;'),(3,'fa','fa-align-center','&#xf037;'),(4,'fa','fa-align-justify','&#xf039;'),(5,'fa','fa-align-left','&#xf036;'),(6,'fa','fa-align-right','&#xf038;'),(7,'fa','fa-ambulance','&#xf0f9;'),(8,'fa','fa-anchor','&#xf13d;'),(9,'fa','fa-android','&#xf17b;'),(10,'fa','fa-angellist','&#xf209;'),(11,'fa','fa-angle-double-down','&#xf103;'),(12,'fa','fa-angle-double-left','&#xf100;'),(13,'fa','fa-angle-double-right','&#xf101;'),(14,'fa','fa-angle-double-up','&#xf102;'),(15,'fa','fa-angle-down','&#xf107;'),(16,'fa','fa-angle-left','&#xf104;'),(17,'fa','fa-angle-right','&#xf105;'),(18,'fa','fa-angle-up','&#xf106;'),(19,'fa','fa-apple','&#xf179;'),(20,'fa','fa-archive','&#xf187;'),(21,'fa','fa-area-chart','&#xf1fe;'),(22,'fa','fa-arrow-circle-down','&#xf0ab;'),(23,'fa','fa-arrow-circle-left','&#xf0a8;'),(24,'fa','fa-arrow-circle-o-down','&#xf01a;'),(25,'fa','fa-arrow-circle-o-left','&#xf190;'),(26,'fa','fa-arrow-circle-o-right','&#xf18e;'),(27,'fa','fa-arrow-circle-o-up','&#xf01b;'),(28,'fa','fa-arrow-circle-right','&#xf0a9;'),(29,'fa','fa-arrow-circle-up','&#xf0aa;'),(30,'fa','fa-arrow-down','&#xf063;'),(31,'fa','fa-arrow-left','&#xf060;'),(32,'fa','fa-arrow-right','&#xf061;'),(33,'fa','fa-arrow-up','&#xf062;'),(34,'fa','fa-arrows','&#xf047;'),(35,'fa','fa-arrows-alt','&#xf0b2;'),(36,'fa','fa-arrows-h','&#xf07e;'),(37,'fa','fa-arrows-v','&#xf07d;'),(38,'fa','fa-asterisk','&#xf069;'),(39,'fa','fa-at','&#xf1fa;'),(40,'fa','fa-automobile(alias)','&#xf1b9;'),(41,'fa','fa-backward','&#xf04a;'),(42,'fa','fa-ban','&#xf05e;'),(43,'fa','fa-bank(alias)','&#xf19c;'),(44,'fa','fa-bar-chart','&#xf080;'),(45,'fa','fa-bar-chart-o(alias)','&#xf080;'),(46,'fa','fa-barcode','&#xf02a;'),(47,'fa','fa-bars','&#xf0c9;'),(48,'fa','fa-bed','&#xf236;'),(49,'fa','fa-beer','&#xf0fc;'),(50,'fa','fa-behance','&#xf1b4;'),(51,'fa','fa-behance-square','&#xf1b5;'),(52,'fa','fa-bell','&#xf0f3;'),(53,'fa','fa-bell-o','&#xf0a2;'),(54,'fa','fa-bell-slash','&#xf1f6;'),(55,'fa','fa-bell-slash-o','&#xf1f7;'),(56,'fa','fa-bicycle','&#xf206;'),(57,'fa','fa-binoculars','&#xf1e5;'),(58,'fa','fa-birthday-cake','&#xf1fd;'),(59,'fa','fa-bitbucket','&#xf171;'),(60,'fa','fa-bitbucket-square','&#xf172;'),(61,'fa','fa-bitcoin(alias)','&#xf15a;'),(62,'fa','fa-bold','&#xf032;'),(63,'fa','fa-bolt','&#xf0e7;'),(64,'fa','fa-bomb','&#xf1e2;'),(65,'fa','fa-book','&#xf02d;'),(66,'fa','fa-bookmark','&#xf02e;'),(67,'fa','fa-bookmark-o','&#xf097;'),(68,'fa','fa-briefcase','&#xf0b1;'),(69,'fa','fa-btc','&#xf15a;'),(70,'fa','fa-bug','&#xf188;'),(71,'fa','fa-building','&#xf1ad;'),(72,'fa','fa-building-o','&#xf0f7;'),(73,'fa','fa-bullhorn','&#xf0a1;'),(74,'fa','fa-bullseye','&#xf140;'),(75,'fa','fa-bus','&#xf207;'),(76,'fa','fa-buysellads',NULL),(77,'fa','fa-cab(alias)',NULL),(78,'fa','fa-calculator',NULL),(79,'fa','fa-calendar',NULL),(80,'fa','fa-calendar-o',NULL),(81,'fa','fa-camera',NULL),(82,'fa','fa-camera-retro',NULL),(83,'fa','fa-car',NULL),(84,'fa','fa-caret-down',NULL),(85,'fa','fa-caret-left',NULL),(86,'fa','fa-caret-right',NULL),(87,'fa','fa-caret-square-o-down',NULL),(88,'fa','fa-caret-square-o-left',NULL),(89,'fa','fa-caret-square-o-right',NULL),(90,'fa','fa-caret-square-o-up',NULL),(91,'fa','fa-caret-up',NULL),(92,'fa','fa-cart-arrow-down',NULL),(93,'fa','fa-cart-plus',NULL),(94,'fa','fa-cc',NULL),(95,'fa','fa-cc-amex',NULL),(96,'fa','fa-cc-discover',NULL),(97,'fa','fa-cc-mastercard',NULL),(98,'fa','fa-cc-paypal',NULL),(99,'fa','fa-cc-stripe',NULL),(100,'fa','fa-cc-visa',NULL),(101,'fa','fa-certificate',NULL),(102,'fa','fa-chain(alias)',NULL),(103,'fa','fa-chain-broken',NULL),(104,'fa','fa-check',NULL),(105,'fa','fa-check-circle',NULL),(106,'fa','fa-check-circle-o',NULL),(107,'fa','fa-check-square',NULL),(108,'fa','fa-check-square-o',NULL),(109,'fa','fa-chevron-circle-down',NULL),(110,'fa','fa-chevron-circle-left',NULL),(111,'fa','fa-chevron-circle-right',NULL),(112,'fa','fa-chevron-circle-up',NULL),(113,'fa','fa-chevron-down',NULL),(114,'fa','fa-chevron-left',NULL),(115,'fa','fa-chevron-right',NULL),(116,'fa','fa-chevron-up',NULL),(117,'fa','fa-child',NULL),(118,'fa','fa-circle',NULL),(119,'fa','fa-circle-o',NULL),(120,'fa','fa-circle-o-notch',NULL),(121,'fa','fa-circle-thin',NULL),(122,'fa','fa-clipboard',NULL),(123,'fa','fa-clock-o',NULL),(124,'fa','fa-close(alias)',NULL),(125,'fa','fa-cloud',NULL),(126,'fa','fa-cloud-download',NULL),(127,'fa','fa-cloud-upload',NULL),(128,'fa','fa-cny(alias)',NULL),(129,'fa','fa-code',NULL),(130,'fa','fa-code-fork',NULL),(131,'fa','fa-codepen',NULL),(132,'fa','fa-coffee',NULL),(133,'fa','fa-cog',NULL),(134,'fa','fa-cogs',NULL),(135,'fa','fa-columns',NULL),(136,'fa','fa-comment',NULL),(137,'fa','fa-comment-o',NULL),(138,'fa','fa-comments',NULL),(139,'fa','fa-comments-o',NULL),(140,'fa','fa-compass',NULL),(141,'fa','fa-compress',NULL),(142,'fa','fa-connectdevelop',NULL),(143,'fa','fa-copy(alias)',NULL),(144,'fa','fa-copyright',NULL),(145,'fa','fa-credit-card',NULL),(146,'fa','fa-crop',NULL),(147,'fa','fa-crosshairs',NULL),(148,'fa','fa-css3',NULL),(149,'fa','fa-cube',NULL),(150,'fa','fa-cubes',NULL),(151,'fa','fa-cut(alias)',NULL),(152,'fa','fa-cutlery',NULL),(153,'fa','fa-dashboard(alias)',NULL),(154,'fa','fa-dashcube',NULL),(155,'fa','fa-database',NULL),(156,'fa','fa-dedent(alias)',NULL),(157,'fa','fa-delicious',NULL),(158,'fa','fa-desktop',NULL),(159,'fa','fa-deviantart',NULL),(160,'fa','fa-diamond',NULL),(161,'fa','fa-digg',NULL),(162,'fa','fa-dollar(alias)',NULL),(163,'fa','fa-dot-circle-o',NULL),(164,'fa','fa-download',NULL),(165,'fa','fa-dribbble',NULL),(166,'fa','fa-dropbox',NULL),(167,'fa','fa-drupal',NULL),(168,'fa','fa-edit(alias)',NULL),(169,'fa','fa-eject',NULL),(170,'fa','fa-ellipsis-h',NULL),(171,'fa','fa-ellipsis-v',NULL),(172,'fa','fa-empire',NULL),(173,'fa','fa-envelope',NULL),(174,'fa','fa-envelope-o',NULL),(175,'fa','fa-envelope-square',NULL),(176,'fa','fa-eraser',NULL),(177,'fa','fa-eur',NULL),(178,'fa','fa-euro(alias)',NULL),(179,'fa','fa-exchange',NULL),(180,'fa','fa-exclamation',NULL),(181,'fa','fa-exclamation-circle',NULL),(182,'fa','fa-exclamation-triangle',NULL),(183,'fa','fa-expand',NULL),(184,'fa','fa-external-link',NULL),(185,'fa','fa-external-link-square',NULL),(186,'fa','fa-eye',NULL),(187,'fa','fa-eye-slash',NULL),(188,'fa','fa-eyedropper',NULL),(189,'fa','fa-facebook',NULL),(190,'fa','fa-facebook-f(alias)',NULL),(191,'fa','fa-facebook-official',NULL),(192,'fa','fa-facebook-square',NULL),(193,'fa','fa-fast-backward',NULL),(194,'fa','fa-fast-forward',NULL),(195,'fa','fa-fax',NULL),(196,'fa','fa-female',NULL),(197,'fa','fa-fighter-jet',NULL),(198,'fa','fa-file',NULL),(199,'fa','fa-file-archive-o',NULL),(200,'fa','fa-file-audio-o',NULL),(201,'fa','fa-file-code-o',NULL),(202,'fa','fa-file-excel-o',NULL),(203,'fa','fa-file-image-o',NULL),(204,'fa','fa-file-movie-o(alias)',NULL),(205,'fa','fa-file-o',NULL),(206,'fa','fa-file-pdf-o',NULL),(207,'fa','fa-file-photo-o(alias)',NULL),(208,'fa','fa-file-picture-o(alias)',NULL),(209,'fa','fa-file-powerpoint-o',NULL),(210,'fa','fa-file-sound-o(alias)',NULL),(211,'fa','fa-file-text',NULL),(212,'fa','fa-file-text-o',NULL),(213,'fa','fa-file-video-o',NULL),(214,'fa','fa-file-word-o',NULL),(215,'fa','fa-file-zip-o(alias)',NULL),(216,'fa','fa-files-o',NULL),(217,'fa','fa-film',NULL),(218,'fa','fa-filter',NULL),(219,'fa','fa-fire',NULL),(220,'fa','fa-fire-extinguisher',NULL),(221,'fa','fa-flag',NULL),(222,'fa','fa-flag-checkered',NULL),(223,'fa','fa-flag-o',NULL),(224,'fa','fa-flash(alias)',NULL),(225,'fa','fa-flask',NULL),(226,'fa','fa-flickr',NULL),(227,'fa','fa-floppy-o',NULL),(228,'fa','fa-folder',NULL),(229,'fa','fa-folder-o',NULL),(230,'fa','fa-folder-open',NULL),(231,'fa','fa-folder-open-o',NULL),(232,'fa','fa-font',NULL),(233,'fa','fa-forumbee',NULL),(234,'fa','fa-forward',NULL),(235,'fa','fa-foursquare',NULL),(236,'fa','fa-frown-o',NULL),(237,'fa','fa-futbol-o',NULL),(238,'fa','fa-gamepad',NULL),(239,'fa','fa-gavel',NULL),(240,'fa','fa-gbp',NULL),(241,'fa','fa-ge(alias)',NULL),(242,'fa','fa-gear(alias)',NULL),(243,'fa','fa-gears(alias)',NULL),(244,'fa','fa-genderless(alias)',NULL),(245,'fa','fa-gift',NULL),(246,'fa','fa-git',NULL),(247,'fa','fa-git-square',NULL),(248,'fa','fa-github',NULL),(249,'fa','fa-github-alt',NULL),(250,'fa','fa-github-square',NULL),(251,'fa','fa-gittip(alias)',NULL),(252,'fa','fa-glass',NULL),(253,'fa','fa-globe',NULL),(254,'fa','fa-google',NULL),(255,'fa','fa-google-plus',NULL),(256,'fa','fa-google-plus-square',NULL),(257,'fa','fa-google-wallet',NULL),(258,'fa','fa-graduation-cap',NULL),(259,'fa','fa-gratipay',NULL),(260,'fa','fa-group(alias)',NULL),(261,'fa','fa-h-square',NULL),(262,'fa','fa-hacker-news',NULL),(263,'fa','fa-hand-o-down',NULL),(264,'fa','fa-hand-o-left',NULL),(265,'fa','fa-hand-o-right',NULL),(266,'fa','fa-hand-o-up',NULL),(267,'fa','fa-hdd-o',NULL),(268,'fa','fa-header',NULL),(269,'fa','fa-headphones',NULL),(270,'fa','fa-heart',NULL),(271,'fa','fa-heart-o',NULL),(272,'fa','fa-heartbeat',NULL),(273,'fa','fa-history',NULL),(274,'fa','fa-home',NULL),(275,'fa','fa-hospital-o',NULL),(276,'fa','fa-hotel(alias)',NULL),(277,'fa','fa-html5',NULL),(278,'fa','fa-ils',NULL),(279,'fa','fa-image(alias)',NULL),(280,'fa','fa-inbox',NULL),(281,'fa','fa-indent',NULL),(282,'fa','fa-info',NULL),(283,'fa','fa-info-circle',NULL),(284,'fa','fa-inr',NULL),(285,'fa','fa-instagram',NULL),(286,'fa','fa-institution(alias)',NULL),(287,'fa','fa-ioxhost',NULL),(288,'fa','fa-italic',NULL),(289,'fa','fa-joomla',NULL),(290,'fa','fa-jpy',NULL),(291,'fa','fa-jsfiddle',NULL),(292,'fa','fa-key',NULL),(293,'fa','fa-keyboard-o',NULL),(294,'fa','fa-krw',NULL),(295,'fa','fa-language',NULL),(296,'fa','fa-laptop',NULL),(297,'fa','fa-lastfm',NULL),(298,'fa','fa-lastfm-square',NULL),(299,'fa','fa-leaf',NULL),(300,'fa','fa-leanpub',NULL),(301,'fa','fa-legal(alias)',NULL),(302,'fa','fa-lemon-o',NULL),(303,'fa','fa-level-down',NULL),(304,'fa','fa-level-up',NULL),(305,'fa','fa-life-bouy(alias)',NULL),(306,'fa','fa-life-buoy(alias)',NULL),(307,'fa','fa-life-ring',NULL),(308,'fa','fa-life-saver(alias)',NULL),(309,'fa','fa-lightbulb-o',NULL),(310,'fa','fa-line-chart',NULL),(311,'fa','fa-link',NULL),(312,'fa','fa-linkedin',NULL),(313,'fa','fa-linkedin-square',NULL),(314,'fa','fa-linux',NULL),(315,'fa','fa-list',NULL),(316,'fa','fa-list-alt',NULL),(317,'fa','fa-list-ol',NULL),(318,'fa','fa-list-ul',NULL),(319,'fa','fa-location-arrow',NULL),(320,'fa','fa-lock',NULL),(321,'fa','fa-long-arrow-down',NULL),(322,'fa','fa-long-arrow-left',NULL),(323,'fa','fa-long-arrow-right',NULL),(324,'fa','fa-long-arrow-up',NULL),(325,'fa','fa-magic',NULL),(326,'fa','fa-magnet',NULL),(327,'fa','fa-mail-forward(alias)',NULL),(328,'fa','fa-mail-reply(alias)',NULL),(329,'fa','fa-mail-reply-all(alias)',NULL),(330,'fa','fa-male',NULL),(331,'fa','fa-map-marker',NULL),(332,'fa','fa-mars',NULL),(333,'fa','fa-mars-double',NULL),(334,'fa','fa-mars-stroke',NULL),(335,'fa','fa-mars-stroke-h',NULL),(336,'fa','fa-mars-stroke-v',NULL),(337,'fa','fa-maxcdn',NULL),(338,'fa','fa-meanpath',NULL),(339,'fa','fa-medium',NULL),(340,'fa','fa-medkit',NULL),(341,'fa','fa-meh-o',NULL),(342,'fa','fa-mercury',NULL),(343,'fa','fa-microphone',NULL),(344,'fa','fa-microphone-slash',NULL),(345,'fa','fa-minus',NULL),(346,'fa','fa-minus-circle',NULL),(347,'fa','fa-minus-square',NULL),(348,'fa','fa-minus-square-o',NULL),(349,'fa','fa-mobile',NULL),(350,'fa','fa-mobile-phone(alias)',NULL),(351,'fa','fa-money',NULL),(352,'fa','fa-moon-o',NULL),(353,'fa','fa-mortar-board(alias)',NULL),(354,'fa','fa-motorcycle',NULL),(355,'fa','fa-music',NULL),(356,'fa','fa-navicon(alias)',NULL),(357,'fa','fa-neuter',NULL),(358,'fa','fa-newspaper-o',NULL),(359,'fa','fa-openid',NULL),(360,'fa','fa-outdent',NULL),(361,'fa','fa-pagelines',NULL),(362,'fa','fa-paint-brush',NULL),(363,'fa','fa-paper-plane',NULL),(364,'fa','fa-paper-plane-o',NULL),(365,'fa','fa-paperclip',NULL),(366,'fa','fa-paragraph',NULL),(367,'fa','fa-paste(alias)',NULL),(368,'fa','fa-pause',NULL),(369,'fa','fa-paw',NULL),(370,'fa','fa-paypal',NULL),(371,'fa','fa-pencil',NULL),(372,'fa','fa-pencil-square',NULL),(373,'fa','fa-pencil-square-o',NULL),(374,'fa','fa-phone',NULL),(375,'fa','fa-phone-square',NULL),(376,'fa','fa-photo(alias)',NULL),(377,'fa','fa-picture-o',NULL),(378,'fa','fa-pie-chart',NULL),(379,'fa','fa-pied-piper',NULL),(380,'fa','fa-pied-piper-alt',NULL),(381,'fa','fa-pinterest',NULL),(382,'fa','fa-pinterest-p',NULL),(383,'fa','fa-pinterest-square',NULL),(384,'fa','fa-plane',NULL),(385,'fa','fa-play',NULL),(386,'fa','fa-play-circle',NULL),(387,'fa','fa-play-circle-o',NULL),(388,'fa','fa-plug',NULL),(389,'fa','fa-plus',NULL),(390,'fa','fa-plus-circle',NULL),(391,'fa','fa-plus-square',NULL),(392,'fa','fa-plus-square-o',NULL),(393,'fa','fa-power-off',NULL),(394,'fa','fa-print',NULL),(395,'fa','fa-puzzle-piece',NULL),(396,'fa','fa-qq',NULL),(397,'fa','fa-qrcode',NULL),(398,'fa','fa-question',NULL),(399,'fa','fa-question-circle',NULL),(400,'fa','fa-quote-left',NULL),(401,'fa','fa-quote-right',NULL),(402,'fa','fa-ra(alias)',NULL),(403,'fa','fa-random',NULL),(404,'fa','fa-rebel',NULL),(405,'fa','fa-recycle',NULL),(406,'fa','fa-reddit',NULL),(407,'fa','fa-reddit-square',NULL),(408,'fa','fa-refresh',NULL),(409,'fa','fa-remove(alias)',NULL),(410,'fa','fa-renren',NULL),(411,'fa','fa-reorder(alias)',NULL),(412,'fa','fa-repeat',NULL),(413,'fa','fa-reply',NULL),(414,'fa','fa-reply-all',NULL),(415,'fa','fa-retweet',NULL),(416,'fa','fa-rmb(alias)',NULL),(417,'fa','fa-road',NULL),(418,'fa','fa-rocket',NULL),(419,'fa','fa-rotate-left(alias)',NULL),(420,'fa','fa-rotate-right(alias)',NULL),(421,'fa','fa-rouble(alias)',NULL),(422,'fa','fa-rss',NULL),(423,'fa','fa-rss-square',NULL),(424,'fa','fa-rub',NULL),(425,'fa','fa-ruble(alias)',NULL),(426,'fa','fa-rupee(alias)',NULL),(427,'fa','fa-save(alias)',NULL),(428,'fa','fa-scissors',NULL),(429,'fa','fa-search',NULL),(430,'fa','fa-search-minus',NULL),(431,'fa','fa-search-plus',NULL),(432,'fa','fa-sellsy',NULL),(433,'fa','fa-send(alias)',NULL),(434,'fa','fa-send-o(alias)',NULL),(435,'fa','fa-server',NULL),(436,'fa','fa-share',NULL),(437,'fa','fa-share-alt',NULL),(438,'fa','fa-share-alt-square',NULL),(439,'fa','fa-share-square',NULL),(440,'fa','fa-share-square-o',NULL),(441,'fa','fa-shekel(alias)',NULL),(442,'fa','fa-sheqel(alias)',NULL),(443,'fa','fa-shield',NULL),(444,'fa','fa-ship',NULL),(445,'fa','fa-shirtsinbulk',NULL),(446,'fa','fa-shopping-cart',NULL),(447,'fa','fa-sign-in',NULL),(448,'fa','fa-sign-out',NULL),(449,'fa','fa-signal',NULL),(450,'fa','fa-simplybuilt',NULL),(451,'fa','fa-sitemap',NULL),(452,'fa','fa-skyatlas',NULL),(453,'fa','fa-skype',NULL),(454,'fa','fa-slack',NULL),(455,'fa','fa-sliders',NULL),(456,'fa','fa-slideshare',NULL),(457,'fa','fa-smile-o',NULL),(458,'fa','fa-soccer-ball-o(alias)',NULL),(459,'fa','fa-sort',NULL),(460,'fa','fa-sort-alpha-asc',NULL),(461,'fa','fa-sort-alpha-desc',NULL),(462,'fa','fa-sort-amount-asc',NULL),(463,'fa','fa-sort-amount-desc',NULL),(464,'fa','fa-sort-asc',NULL),(465,'fa','fa-sort-desc',NULL),(466,'fa','fa-sort-down(alias)',NULL),(467,'fa','fa-sort-numeric-asc',NULL),(468,'fa','fa-sort-numeric-desc',NULL),(469,'fa','fa-sort-up(alias)',NULL),(470,'fa','fa-soundcloud',NULL),(471,'fa','fa-space-shuttle',NULL),(472,'fa','fa-spinner',NULL),(473,'fa','fa-spoon',NULL),(474,'fa','fa-spotify',NULL),(475,'fa','fa-square',NULL),(476,'fa','fa-square-o',NULL),(477,'fa','fa-stack-exchange',NULL),(478,'fa','fa-stack-overflow',NULL),(479,'fa','fa-star',NULL),(480,'fa','fa-star-half',NULL),(481,'fa','fa-star-half-empty(alias)',NULL),(482,'fa','fa-star-half-full(alias)',NULL),(483,'fa','fa-star-half-o',NULL),(484,'fa','fa-star-o',NULL),(485,'fa','fa-steam',NULL),(486,'fa','fa-steam-square',NULL),(487,'fa','fa-step-backward',NULL),(488,'fa','fa-step-forward',NULL),(489,'fa','fa-stethoscope',NULL),(490,'fa','fa-stop',NULL),(491,'fa','fa-street-view',NULL),(492,'fa','fa-strikethrough',NULL),(493,'fa','fa-stumbleupon',NULL),(494,'fa','fa-stumbleupon-circle',NULL),(495,'fa','fa-subscript',NULL),(496,'fa','fa-subway',NULL),(497,'fa','fa-suitcase',NULL),(498,'fa','fa-sun-o',NULL),(499,'fa','fa-superscript',NULL),(500,'fa','fa-support(alias)',NULL),(501,'fa','fa-table',NULL),(502,'fa','fa-tablet',NULL),(503,'fa','fa-tachometer',NULL),(504,'fa','fa-tag',NULL),(505,'fa','fa-tags',NULL),(506,'fa','fa-tasks',NULL),(507,'fa','fa-taxi',NULL),(508,'fa','fa-tencent-weibo',NULL),(509,'fa','fa-terminal',NULL),(510,'fa','fa-text-height',NULL),(511,'fa','fa-text-width',NULL),(512,'fa','fa-th',NULL),(513,'fa','fa-th-large',NULL),(514,'fa','fa-th-list',NULL),(515,'fa','fa-thumb-tack',NULL),(516,'fa','fa-thumbs-down',NULL),(517,'fa','fa-thumbs-o-down',NULL),(518,'fa','fa-thumbs-o-up',NULL),(519,'fa','fa-thumbs-up',NULL),(520,'fa','fa-ticket',NULL),(521,'fa','fa-times',NULL),(522,'fa','fa-times-circle',NULL),(523,'fa','fa-times-circle-o',NULL),(524,'fa','fa-tint',NULL),(525,'fa','fa-toggle-down(alias)',NULL),(526,'fa','fa-toggle-left(alias)',NULL),(527,'fa','fa-toggle-off',NULL),(528,'fa','fa-toggle-on',NULL),(529,'fa','fa-toggle-right(alias)',NULL),(530,'fa','fa-toggle-up(alias)',NULL),(531,'fa','fa-train',NULL),(532,'fa','fa-transgender',NULL),(533,'fa','fa-transgender-alt',NULL),(534,'fa','fa-trash',NULL),(535,'fa','fa-trash-o',NULL),(536,'fa','fa-tree',NULL),(537,'fa','fa-trello',NULL),(538,'fa','fa-trophy',NULL),(539,'fa','fa-truck',NULL),(540,'fa','fa-try',NULL),(541,'fa','fa-tty',NULL),(542,'fa','fa-tumblr',NULL),(543,'fa','fa-tumblr-square',NULL),(544,'fa','fa-turkish-lira(alias)',NULL),(545,'fa','fa-twitch',NULL),(546,'fa','fa-twitter',NULL),(547,'fa','fa-twitter-square',NULL),(548,'fa','fa-umbrella',NULL),(549,'fa','fa-underline',NULL),(550,'fa','fa-undo',NULL),(551,'fa','fa-university',NULL),(552,'fa','fa-unlink(alias)',NULL),(553,'fa','fa-unlock',NULL),(554,'fa','fa-unlock-alt',NULL),(555,'fa','fa-unsorted(alias)',NULL),(556,'fa','fa-upload',NULL),(557,'fa','fa-usd',NULL),(558,'fa','fa-user',NULL),(559,'fa','fa-user-md',NULL),(560,'fa','fa-user-plus',NULL),(561,'fa','fa-user-secret',NULL),(562,'fa','fa-user-times',NULL),(563,'fa','fa-users',NULL),(564,'fa','fa-venus',NULL),(565,'fa','fa-venus-double',NULL),(566,'fa','fa-venus-mars',NULL),(567,'fa','fa-viacoin',NULL),(568,'fa','fa-video-camera',NULL),(569,'fa','fa-vimeo-square',NULL),(570,'fa','fa-vine',NULL),(571,'fa','fa-vk',NULL),(572,'fa','fa-volume-down',NULL),(573,'fa','fa-volume-off',NULL),(574,'fa','fa-volume-up',NULL),(575,'fa','fa-warning(alias)',NULL),(576,'fa','fa-wechat(alias)',NULL),(577,'fa','fa-weibo',NULL),(578,'fa','fa-weixin',NULL),(579,'fa','fa-whatsapp',NULL),(580,'fa','fa-wheelchair',NULL),(581,'fa','fa-wifi',NULL),(582,'fa','fa-windows',NULL),(583,'fa','fa-won(alias)',NULL),(584,'fa','fa-wordpress',NULL),(585,'fa','fa-wrench',NULL),(586,'fa','fa-xing',NULL),(587,'fa','fa-xing-square',NULL),(588,'fa','fa-yahoo',NULL),(589,'fa','fa-yelp',NULL),(590,'fa','fa-yen(alias)',NULL),(591,'fa','fa-youtube',NULL),(592,'fa','fa-youtube-play',NULL),(593,'fa','fa-youtube-square',NULL);
/*!40000 ALTER TABLE `fonts-list` ENABLE KEYS */;
UNLOCK TABLES;

--
-- Table structure for table `hibernate_sequence`
--

DROP TABLE IF EXISTS `hibernate_sequence`;
/*!40101 SET @saved_cs_client     = @@character_set_client */;
/*!40101 SET character_set_client = utf8 */;
CREATE TABLE `hibernate_sequence` (
  `next_val` bigint(20) DEFAULT NULL,
  `id` bigint(20) NOT NULL,
  `lock_flag` int(11) DEFAULT NULL
) ENGINE=InnoDB DEFAULT CHARSET=latin1;
/*!40101 SET character_set_client = @saved_cs_client */;

--
-- Dumping data for table `hibernate_sequence`
--

LOCK TABLES `hibernate_sequence` WRITE;
/*!40000 ALTER TABLE `hibernate_sequence` DISABLE KEYS */;
INSERT INTO `hibernate_sequence` VALUES (32,0,NULL);
/*!40000 ALTER TABLE `hibernate_sequence` ENABLE KEYS */;
UNLOCK TABLES;

--
-- Table structure for table `lesson`
--

DROP TABLE IF EXISTS `lesson`;
/*!40101 SET @saved_cs_client     = @@character_set_client */;
/*!40101 SET character_set_client = utf8 */;
CREATE TABLE `lesson` (
  `id` int(11) NOT NULL AUTO_INCREMENT,
  `public_lesson_id` varchar(10) DEFAULT NULL,
  `lesson_name` varchar(255) DEFAULT NULL,
  `created_dt` datetime NOT NULL,
  `status` int(1) DEFAULT '1',
  `updated_dt` datetime DEFAULT NULL,
  `stream_url` text,
  `description` text,
  `updated_at` datetime DEFAULT NULL,
  `deleted_at` datetime DEFAULT NULL,
  `created_at` datetime DEFAULT NULL,
  `lesson_id` int(11) NOT NULL,
  `lock_flag` int(11) DEFAULT NULL,
  PRIMARY KEY (`id`) USING BTREE,
  UNIQUE KEY `lesson_public_lesson_id_uindex` (`public_lesson_id`),
  UNIQUE KEY `lesson_public_lesson_id_IX` (`public_lesson_id`)
) ENGINE=InnoDB AUTO_INCREMENT=10 DEFAULT CHARSET=latin1;
/*!40101 SET character_set_client = @saved_cs_client */;

--
-- Dumping data for table `lesson`
--

LOCK TABLES `lesson` WRITE;
/*!40000 ALTER TABLE `lesson` DISABLE KEYS */;
INSERT INTO `lesson` VALUES (1,'Test56','Mo5654','2019-08-06 03:46:57',1,NULL,'www.google.lk','Hi','2019-10-09 09:54:37',NULL,'2019-10-07 15:55:49',0,NULL),(2,'L22222','Day 1','2019-08-07 03:46:57',1,'2019-08-06 03:47:07',NULL,NULL,NULL,NULL,NULL,2,NULL),(3,'L33333','Day 2','2019-08-08 03:46:57',1,'2019-08-06 03:47:07',NULL,NULL,NULL,NULL,NULL,3,NULL),(4,'cdd1','c2 d1','2019-08-09 03:46:57',1,'2019-08-07 03:46:57',NULL,NULL,NULL,NULL,NULL,4,NULL),(5,'cdd2','c2 d2','2019-10-10 03:46:57',1,'2019-08-07 03:46:57',NULL,NULL,NULL,NULL,NULL,5,NULL),(6,'V','BB','0000-00-00 00:00:00',1,NULL,'http://35.247.77.36/cms/admin/lesson/add','','2019-10-26 21:14:10',NULL,'2019-10-26 21:14:10',0,NULL),(7,'dvfsd','sdf','0000-00-00 00:00:00',1,NULL,'343','sdsd','2019-10-28 21:54:30',NULL,'2019-10-28 21:54:30',0,NULL),(8,'sdsd','sdsdf','0000-00-00 00:00:00',1,NULL,'sdfvs','sdvs','2019-10-28 21:54:46',NULL,'2019-10-28 21:54:46',0,NULL),(9,'sdf','dsfsd','0000-00-00 00:00:00',1,NULL,'sdfd','sdffsdv','2019-10-28 21:55:02',NULL,'2019-10-28 21:55:02',0,NULL);
/*!40000 ALTER TABLE `lesson` ENABLE KEYS */;
UNLOCK TABLES;

--
-- Table structure for table `lesson_attendance`
--

DROP TABLE IF EXISTS `lesson_attendance`;
/*!40101 SET @saved_cs_client     = @@character_set_client */;
/*!40101 SET character_set_client = utf8 */;
CREATE TABLE `lesson_attendance` (
  `lession_id` int(11) DEFAULT NULL,
  `user_id` int(11) DEFAULT NULL,
  `created_dt` datetime DEFAULT NULL,
  `status` int(1) DEFAULT NULL,
  `id` bigint(20) NOT NULL,
  `lock_flag` int(11) DEFAULT NULL
) ENGINE=InnoDB DEFAULT CHARSET=latin1;
/*!40101 SET character_set_client = @saved_cs_client */;

--
-- Dumping data for table `lesson_attendance`
--

LOCK TABLES `lesson_attendance` WRITE;
/*!40000 ALTER TABLE `lesson_attendance` DISABLE KEYS */;
/*!40000 ALTER TABLE `lesson_attendance` ENABLE KEYS */;
UNLOCK TABLES;

--
-- Table structure for table `lesson_owners`
--

DROP TABLE IF EXISTS `lesson_owners`;
/*!40101 SET @saved_cs_client     = @@character_set_client */;
/*!40101 SET character_set_client = utf8 */;
CREATE TABLE `lesson_owners` (
  `lesson_id` int(11) DEFAULT NULL,
  `owner_resource_type_id` int(2) DEFAULT NULL,
  `owner_id` int(11) DEFAULT NULL,
  `created_at` datetime DEFAULT NULL,
  `deleted_at` datetime DEFAULT NULL,
  `updated_at` datetime DEFAULT NULL,
  `id` bigint(20) NOT NULL,
  `lock_flag` int(11) DEFAULT NULL
) ENGINE=InnoDB DEFAULT CHARSET=latin1;
/*!40101 SET character_set_client = @saved_cs_client */;

--
-- Dumping data for table `lesson_owners`
--

LOCK TABLES `lesson_owners` WRITE;
/*!40000 ALTER TABLE `lesson_owners` DISABLE KEYS */;
INSERT INTO `lesson_owners` VALUES (1,2,8,'2019-10-07 15:55:49',NULL,'2019-10-09 09:54:37',0,NULL),(1,2,7,'2019-10-07 15:55:49',NULL,'2019-10-09 09:54:37',0,NULL),(2,2,7,NULL,NULL,NULL,0,NULL),(3,2,1,NULL,NULL,NULL,0,NULL),(4,2,2,NULL,NULL,NULL,0,NULL),(5,2,2,NULL,NULL,NULL,0,NULL),(6,2,9,'2019-10-26 21:14:10',NULL,'2019-10-26 21:14:10',0,NULL),(7,2,10,'2019-10-28 21:54:30',NULL,'2019-10-28 21:54:30',0,NULL),(8,2,11,'2019-10-28 21:54:46',NULL,'2019-10-28 21:54:46',0,NULL),(9,2,12,'2019-10-28 21:55:02',NULL,'2019-10-28 21:55:02',0,NULL);
/*!40000 ALTER TABLE `lesson_owners` ENABLE KEYS */;
UNLOCK TABLES;

--
-- Table structure for table `lesson_resource_memberships`
--

DROP TABLE IF EXISTS `lesson_resource_memberships`;
/*!40101 SET @saved_cs_client     = @@character_set_client */;
/*!40101 SET character_set_client = utf8 */;
CREATE TABLE `lesson_resource_memberships` (
  `id` bigint(20) NOT NULL,
  `created_dt` datetime DEFAULT NULL,
  `lession_id` int(11) DEFAULT NULL,
  `lock_flag` int(11) DEFAULT NULL,
  `membership_type_id` int(11) DEFAULT NULL,
  `resource_id` int(11) DEFAULT NULL,
  `status` int(11) NOT NULL,
  `updated_dt` datetime DEFAULT NULL,
  PRIMARY KEY (`id`)
) ENGINE=InnoDB DEFAULT CHARSET=latin1;
/*!40101 SET character_set_client = @saved_cs_client */;

--
-- Dumping data for table `lesson_resource_memberships`
--

LOCK TABLES `lesson_resource_memberships` WRITE;
/*!40000 ALTER TABLE `lesson_resource_memberships` DISABLE KEYS */;
/*!40000 ALTER TABLE `lesson_resource_memberships` ENABLE KEYS */;
UNLOCK TABLES;

--
-- Table structure for table `location`
--

DROP TABLE IF EXISTS `location`;
/*!40101 SET @saved_cs_client     = @@character_set_client */;
/*!40101 SET character_set_client = utf8 */;
CREATE TABLE `location` (
  `id` int(11) NOT NULL AUTO_INCREMENT,
  `location_type_id` int(11) NOT NULL,
  `name` varchar(45) NOT NULL,
  `parent` int(11) DEFAULT NULL,
  `lft` int(11) DEFAULT NULL,
  `rgt` int(11) DEFAULT NULL,
  `depth` int(11) DEFAULT NULL,
  `created_by` int(11) NOT NULL,
  `created_at` timestamp NOT NULL DEFAULT CURRENT_TIMESTAMP,
  `updated_at` datetime DEFAULT NULL,
  `deleted_at` datetime DEFAULT NULL,
  PRIMARY KEY (`id`) USING BTREE,
  KEY `fk_location_location_type_idx` (`location_type_id`) USING BTREE
) ENGINE=InnoDB AUTO_INCREMENT=5 DEFAULT CHARSET=latin1 ROW_FORMAT=COMPACT;
/*!40101 SET character_set_client = @saved_cs_client */;

--
-- Dumping data for table `location`
--

LOCK TABLES `location` WRITE;
/*!40000 ALTER TABLE `location` DISABLE KEYS */;
INSERT INTO `location` VALUES (1,1,'Kingston',NULL,1,2,0,1,'2019-09-04 16:12:51','2019-09-04 16:12:51',NULL),(4,1,'MYK',NULL,3,4,0,1,'2019-09-06 11:08:09','2019-09-06 11:08:09',NULL);
/*!40000 ALTER TABLE `location` ENABLE KEYS */;
UNLOCK TABLES;

--
-- Table structure for table `location_type`
--

DROP TABLE IF EXISTS `location_type`;
/*!40101 SET @saved_cs_client     = @@character_set_client */;
/*!40101 SET character_set_client = utf8 */;
CREATE TABLE `location_type` (
  `id` int(11) NOT NULL AUTO_INCREMENT,
  `name` varchar(45) NOT NULL,
  `created_by` int(11) NOT NULL,
  `created_at` timestamp NOT NULL DEFAULT CURRENT_TIMESTAMP,
  `updated_at` datetime DEFAULT NULL,
  `deleted_at` datetime DEFAULT NULL,
  PRIMARY KEY (`id`) USING BTREE
) ENGINE=InnoDB AUTO_INCREMENT=4 DEFAULT CHARSET=latin1 ROW_FORMAT=COMPACT;
/*!40101 SET character_set_client = @saved_cs_client */;

--
-- Dumping data for table `location_type`
--

LOCK TABLES `location_type` WRITE;
/*!40000 ALTER TABLE `location_type` DISABLE KEYS */;
INSERT INTO `location_type` VALUES (1,'University',1,'2016-07-21 20:25:54',NULL,NULL),(2,'Division',1,'2016-07-21 20:25:54',NULL,NULL),(3,'Course',1,'2019-09-06 17:04:57',NULL,NULL);
/*!40000 ALTER TABLE `location_type` ENABLE KEYS */;
UNLOCK TABLES;

--
-- Table structure for table `login_history`
--

DROP TABLE IF EXISTS `login_history`;
/*!40101 SET @saved_cs_client     = @@character_set_client */;
/*!40101 SET character_set_client = utf8 */;
CREATE TABLE `login_history` (
  `id` int(11) NOT NULL AUTO_INCREMENT,
  `user_id` int(11) DEFAULT NULL,
  `logtime` datetime DEFAULT NULL,
  `created_at` datetime DEFAULT NULL,
  `updated_at` datetime DEFAULT NULL,
  PRIMARY KEY (`id`) USING BTREE
) ENGINE=InnoDB DEFAULT CHARSET=utf8 COLLATE=utf8_unicode_ci ROW_FORMAT=COMPACT;
/*!40101 SET character_set_client = @saved_cs_client */;

--
-- Dumping data for table `login_history`
--

LOCK TABLES `login_history` WRITE;
/*!40000 ALTER TABLE `login_history` DISABLE KEYS */;
/*!40000 ALTER TABLE `login_history` ENABLE KEYS */;
UNLOCK TABLES;

--
-- Table structure for table `member`
--

DROP TABLE IF EXISTS `member`;
/*!40101 SET @saved_cs_client     = @@character_set_client */;
/*!40101 SET character_set_client = utf8 */;
CREATE TABLE `member` (
  `id` int(11) NOT NULL AUTO_INCREMENT,
  `user_id` int(15) DEFAULT NULL,
  `first_name` varchar(45) NOT NULL,
  `last_name` varchar(45) DEFAULT NULL,
  `full_name` varchar(45) NOT NULL,
  `gender` int(11) NOT NULL,
  `emp_no` varchar(25) NOT NULL,
  `join_date` date NOT NULL,
  `description` text NOT NULL,
  `contact_no` varchar(10) NOT NULL,
  `cost_center` varchar(25) NOT NULL,
  `address` text,
  `date_of_birth` date DEFAULT NULL,
  `email` text,
  `facebook` varchar(255) DEFAULT NULL,
  `member_type_id` int(11) NOT NULL,
  `parent` int(11) DEFAULT NULL,
  `lft` int(11) DEFAULT NULL,
  `rgt` int(11) DEFAULT NULL,
  `depth` int(11) DEFAULT NULL,
  `created_by` int(11) NOT NULL,
  `ended_at` datetime DEFAULT NULL,
  `created_at` timestamp NOT NULL DEFAULT CURRENT_TIMESTAMP,
  `updated_at` datetime DEFAULT NULL,
  `deleted_at` datetime DEFAULT NULL,
  `order` int(11) DEFAULT NULL,
  PRIMARY KEY (`id`) USING BTREE
) ENGINE=InnoDB DEFAULT CHARSET=latin1 ROW_FORMAT=COMPACT;
/*!40101 SET character_set_client = @saved_cs_client */;

--
-- Dumping data for table `member`
--

LOCK TABLES `member` WRITE;
/*!40000 ALTER TABLE `member` DISABLE KEYS */;
/*!40000 ALTER TABLE `member` ENABLE KEYS */;
UNLOCK TABLES;

--
-- Table structure for table `member_type`
--

DROP TABLE IF EXISTS `member_type`;
/*!40101 SET @saved_cs_client     = @@character_set_client */;
/*!40101 SET character_set_client = utf8 */;
CREATE TABLE `member_type` (
  `id` int(15) NOT NULL AUTO_INCREMENT,
  `name` varchar(45) NOT NULL,
  `created_at` timestamp NOT NULL DEFAULT CURRENT_TIMESTAMP,
  `updated_at` datetime DEFAULT NULL,
  `deleted_at` datetime DEFAULT NULL,
  PRIMARY KEY (`id`) USING BTREE
) ENGINE=InnoDB DEFAULT CHARSET=latin1 ROW_FORMAT=COMPACT;
/*!40101 SET character_set_client = @saved_cs_client */;

--
-- Dumping data for table `member_type`
--

LOCK TABLES `member_type` WRITE;
/*!40000 ALTER TABLE `member_type` DISABLE KEYS */;
/*!40000 ALTER TABLE `member_type` ENABLE KEYS */;
UNLOCK TABLES;

--
-- Table structure for table `membership_type`
--

DROP TABLE IF EXISTS `membership_type`;
/*!40101 SET @saved_cs_client     = @@character_set_client */;
/*!40101 SET character_set_client = utf8 */;
CREATE TABLE `membership_type` (
  `membership_type_id` int(11) NOT NULL AUTO_INCREMENT,
  `lock_flag` int(11) DEFAULT NULL,
  `membership_type_name` varchar(50) DEFAULT NULL,
  PRIMARY KEY (`membership_type_id`)
) ENGINE=InnoDB DEFAULT CHARSET=latin1;
/*!40101 SET character_set_client = @saved_cs_client */;

--
-- Dumping data for table `membership_type`
--

LOCK TABLES `membership_type` WRITE;
/*!40000 ALTER TABLE `membership_type` DISABLE KEYS */;
/*!40000 ALTER TABLE `membership_type` ENABLE KEYS */;
UNLOCK TABLES;

--
-- Table structure for table `menu`
--

DROP TABLE IF EXISTS `menu`;
/*!40101 SET @saved_cs_client     = @@character_set_client */;
/*!40101 SET character_set_client = utf8 */;
CREATE TABLE `menu` (
  `id` int(10) unsigned NOT NULL AUTO_INCREMENT,
  `label` varchar(255) COLLATE utf8_unicode_ci NOT NULL,
  `link` varchar(255) COLLATE utf8_unicode_ci NOT NULL,
  `icon` varchar(255) COLLATE utf8_unicode_ci DEFAULT NULL,
  `parent` int(11) DEFAULT NULL,
  `permissions` text COLLATE utf8_unicode_ci,
  `lft` int(11) NOT NULL,
  `rgt` int(11) DEFAULT NULL,
  `depth` int(11) NOT NULL,
  `status` tinyint(1) DEFAULT '1',
  `created_at` timestamp NULL DEFAULT NULL,
  `updated_at` timestamp NULL DEFAULT NULL,
  PRIMARY KEY (`id`) USING BTREE
) ENGINE=InnoDB AUTO_INCREMENT=39 DEFAULT CHARSET=utf8 COLLATE=utf8_unicode_ci ROW_FORMAT=COMPACT;
/*!40101 SET character_set_client = @saved_cs_client */;

--
-- Dumping data for table `menu`
--

LOCK TABLES `menu` WRITE;
/*!40000 ALTER TABLE `menu` DISABLE KEYS */;
INSERT INTO `menu` VALUES (1,'Root Menu','',NULL,NULL,NULL,1,70,0,1,'2015-10-16 10:30:50','2019-10-14 00:47:25'),(3,'Menu Management','#','fa fa-bars',1,'[\"menu.add\",\"menu.list\",\"menu.edit\",\"menu.status\",\"menu.delete\",\"admin\"]',24,29,1,1,'2015-10-16 10:47:17','2019-09-11 22:19:22'),(4,'Add Menu','menu/add','',3,'[\"menu.add\",\"admin\"]',25,26,2,1,'2015-10-16 10:48:19','2019-09-11 22:19:22'),(5,'Menu List','menu/list','',3,'[\"menu.list\",\"menu.edit\",\"menu.status\",\"menu.delete\",\"admin\"]',27,28,2,1,'2015-10-16 10:48:46','2019-09-11 22:19:22'),(6,'User Management','#','fa fa-users',1,'[\"user.add\",\"user.edit\",\"user.delete\",\"user.list\",\"user.role.add\",\"user.role.edit\",\"user.role.list\",\"user.role.delete\",\"permission.add\",\"permission.edit\",\"permission.delete\",\"permission.list\",\"permission.group.add\",\"permission.group.edit\",\"permission.group.list\",\"permission.group.delete\",\"user.status\",\"admin\"]',4,23,1,1,'2015-10-16 16:16:32','2019-09-11 22:19:22'),(7,'Permissions','#','',6,'[\"permission.add\",\"permission.edit\",\"permission.delete\",\"permission.list\",\"permission.group.add\",\"permission.group.edit\",\"permission.group.list\",\"permission.group.delete\",\"admin\"]',5,10,2,1,'2015-10-16 16:17:46','2019-09-11 22:19:22'),(9,'Permissions List','permission/list','',7,'[\"permission.edit\",\"permission.delete\",\"permission.list\",\"admin\"]',6,7,3,1,'2015-10-16 16:43:36','2019-09-11 22:19:22'),(10,'User Roles','#','',6,'[\"user.role.add\",\"user.role.edit\",\"user.role.list\",\"user.role.delete\",\"admin\"]',11,16,2,1,'2015-10-16 16:44:21','2019-09-11 22:19:22'),(11,'Add Role','user/role/add','',10,'[\"user.role.add\",\"admin\"]',12,13,3,1,'2015-10-16 16:45:20','2019-09-11 22:19:22'),(12,'Users','#','',6,'[\"user.add\",\"user.edit\",\"user.delete\",\"user.list\",\"admin\"]',17,22,2,1,'2015-10-16 16:48:40','2019-09-11 22:19:22'),(13,'Add User','user/add','',12,'[\"user.add\",\"admin\"]',18,19,3,1,'2015-10-16 16:49:46','2019-09-11 22:19:22'),(14,'User List','user/list','',12,'[\"user.edit\",\"user.delete\",\"user.list\",\"admin\"]',20,21,3,1,'2015-10-16 16:50:48','2019-09-11 22:19:22'),(15,'Permission Groups','permission/group','',7,'[\"permission.group.add\",\"permission.group.edit\",\"permission.group.list\",\"permission.group.delete\",\"admin\"]',8,9,3,1,'2015-10-17 12:01:10','2019-09-11 22:19:22'),(16,'Roles List','user/role/list','',10,'[\"user.role.edit\",\"user.role.list\",\"user.role.delete\",\"admin\"]',14,15,3,1,'2015-10-17 12:13:52','2019-09-11 22:19:22'),(17,'Dashboard','admin','fa fa-tachometer',1,'[\"dashboard\",\"admin\"]',2,3,1,1,'2015-12-19 04:45:46','2019-09-11 22:19:22'),(18,'Master Data','#','fa fa-stack-exchange',1,'[\"index\",\"admin\"]',30,69,1,1,'2019-09-09 16:50:59','2019-10-14 00:47:25'),(19,'Course','#','fa fa-stack-overflow',18,'[\"course.add\",\"course.list\",\"course.jsonList\",\"admin\"]',43,48,2,1,'2019-09-09 16:51:47','2019-10-07 13:50:22'),(20,'Add','admin/course/add','',19,'[\"course.add\",\"admin\"]',46,47,3,1,'2019-09-09 16:56:12','2019-10-07 13:50:22'),(21,'List','admin/course/list','',19,'[\"course.list\",\"admin\"]',44,45,3,1,'2019-09-09 16:56:38','2019-10-07 13:50:22'),(22,'University','#','fa fa-university',18,'[\"university.add\",\"university.list\",\"university.jsonList\",\"university.edit\",\"admin\"]',31,36,2,1,'2019-09-09 17:02:11','2019-10-07 13:46:31'),(23,'Add','admin/university/add','',22,'[\"university.add\",\"admin\"]',34,35,3,1,'2019-09-09 17:02:51','2019-10-07 13:46:31'),(24,'List','admin/university/list','',22,'[\"university.list\",\"admin\"]',32,33,3,1,'2019-09-09 17:03:24','2019-10-07 13:46:31'),(25,'Division','#','fa fa-code-fork',18,'[\"division.add\",\"division.list\",\"division.edit\",\"division.status\",\"division.delete\",\"admin\"]',37,42,2,1,'2019-09-09 21:22:06','2019-10-07 13:46:31'),(26,'List','admin/division/list','',25,'[\"division.add\",\"admin\"]',38,39,3,1,'2019-09-09 21:22:59','2019-10-07 13:46:31'),(27,'Add','admin/division/add','',25,'[\"division.list\",\"division.edit\",\"division.status\",\"division.delete\",\"admin\"]',40,41,3,1,'2019-09-09 21:23:41','2019-10-07 13:46:31'),(28,'Module','#','fa fa-clipboard',18,'[\"courseModule.add\",\"courseModule.list\",\"courseModule.edit\",\"courseModule.delete\",\"admin\"]',49,54,2,1,'2019-09-11 22:19:22','2019-10-07 13:50:22'),(29,'Add','admin/courseModule/add','',28,'[\"courseModule.add\",\"admin\"]',50,51,3,1,'2019-09-11 22:25:02','2019-10-07 13:50:22'),(30,'List','admin/courseModule/list','',28,'[\"courseModule.list\",\"admin\"]',52,53,3,1,'2019-09-11 22:25:21','2019-10-07 13:50:22'),(32,'Lesson','#','fa fa-dashcube',18,'[\"lesson.add\",\"lesson.list\",\"lesson.delete\",\"lesson.view\",\"admin\"]',55,60,2,1,'2019-10-07 13:39:02','2019-10-07 13:50:22'),(33,'Add','admin/lesson/add','',32,'[\"lesson.add\",\"admin\"]',56,57,3,1,'2019-10-07 13:39:52','2019-10-07 13:55:04'),(34,'List','admin/lesson/list','',32,'[\"lesson.list\",\"admin\"]',58,59,3,1,'2019-10-07 13:40:21','2019-10-07 13:55:04'),(35,'Student','#','fa fa-user',18,'[\"student.add\",\"student.list\",\"student.edit\",\"student.upload\",\"student.delete\",\"admin\"]',61,68,2,1,'2019-10-14 00:45:27','2019-10-14 00:47:25'),(36,'Add','admin/student/add','',35,'[\"student.add\",\"admin\"]',62,63,3,1,'2019-10-14 00:46:20','2019-10-14 00:46:20'),(37,'List','admin/student/list','',35,'[\"student.list\",\"student.edit\",\"student.delete\",\"admin\"]',64,65,3,1,'2019-10-14 00:46:51','2019-10-14 00:46:51'),(38,'Upload','admin/student/upload','',35,'[\"student.upload\",\"admin\"]',66,67,3,1,'2019-10-14 00:47:25','2019-10-14 00:47:25');
/*!40000 ALTER TABLE `menu` ENABLE KEYS */;
UNLOCK TABLES;

--
-- Table structure for table `migrations`
--

DROP TABLE IF EXISTS `migrations`;
/*!40101 SET @saved_cs_client     = @@character_set_client */;
/*!40101 SET character_set_client = utf8 */;
CREATE TABLE `migrations` (
  `migration` varchar(255) COLLATE utf8_unicode_ci NOT NULL,
  `batch` int(11) NOT NULL
) ENGINE=InnoDB DEFAULT CHARSET=utf8 COLLATE=utf8_unicode_ci ROW_FORMAT=COMPACT;
/*!40101 SET character_set_client = @saved_cs_client */;

--
-- Dumping data for table `migrations`
--

LOCK TABLES `migrations` WRITE;
/*!40000 ALTER TABLE `migrations` DISABLE KEYS */;
INSERT INTO `migrations` VALUES ('2012_12_06_225921_migration_cartalyst_sentry_install_users',1),('2012_12_06_225929_migration_cartalyst_sentry_install_groups',1),('2012_12_06_225945_migration_cartalyst_sentry_install_users_groups_pivot',1),('2012_12_06_225988_migration_cartalyst_sentry_install_throttle',1),('2015_05_16_172701_create_tables',1),('2015_05_16_180134_alter_users_table',2),('2015_05_25_211027_create_menu_table',3),('2015_05_26_103954_alter_menu_table',4),('2015_05_26_114356_alter_menu_table',5),('2014_07_02_230147_migration_cartalyst_sentinel',6);
/*!40000 ALTER TABLE `migrations` ENABLE KEYS */;
UNLOCK TABLES;

--
-- Table structure for table `module`
--

DROP TABLE IF EXISTS `module`;
/*!40101 SET @saved_cs_client     = @@character_set_client */;
/*!40101 SET character_set_client = utf8 */;
CREATE TABLE `module` (
  `id` int(11) NOT NULL AUTO_INCREMENT,
  `module_name` varchar(255) DEFAULT NULL,
  `status` int(1) NOT NULL DEFAULT '1',
  `created_at` datetime DEFAULT NULL,
  `updated_at` datetime DEFAULT NULL,
  `course_id` int(11) DEFAULT NULL,
  `public_module_id` varchar(10) DEFAULT NULL,
  `description` text,
  `deleted_at` varchar(255) DEFAULT NULL,
  `module_id` int(11) NOT NULL,
  `created_dt` datetime DEFAULT NULL,
  `lock_flag` int(11) DEFAULT NULL,
  `updated_dt` datetime DEFAULT NULL,
  PRIMARY KEY (`id`) USING BTREE,
  UNIQUE KEY `module_public_module_id_uindex` (`public_module_id`),
  UNIQUE KEY `module_public_module_id_IX` (`public_module_id`)
) ENGINE=InnoDB AUTO_INCREMENT=14 DEFAULT CHARSET=latin1;
/*!40101 SET character_set_client = @saved_cs_client */;

--
-- Dumping data for table `module`
--

LOCK TABLES `module` WRITE;
/*!40000 ALTER TABLE `module` DISABLE KEYS */;
INSERT INTO `module` VALUES (7,'Module 001',1,'2019-09-11 22:27:14','2019-09-11 22:27:14',18,'M15454','Test',NULL,0,NULL,NULL,NULL),(8,'Mod5689',1,'2019-10-07 15:53:17','2019-10-07 15:53:17',19,'MK5645','Test 1254',NULL,0,NULL,NULL,NULL),(9,'V',1,'2019-10-26 21:13:40','2019-10-26 21:13:40',20,'V','',NULL,0,NULL,NULL,NULL),(10,'sdvsvb',1,'2019-10-28 21:49:01','2019-10-28 21:49:01',21,'21d','dvsadv',NULL,0,NULL,NULL,NULL),(11,'dsfvsd',1,'2019-10-28 21:49:19','2019-10-28 21:49:19',22,'dvSFvs','sdgsfgs',NULL,0,NULL,NULL,NULL),(12,'sdvsfbfsdb',1,'2019-10-28 21:49:33','2019-10-28 21:49:33',23,'ssgs','xfvsf',NULL,0,NULL,NULL,NULL),(13,'sdgsf',1,'2019-10-28 21:49:44','2019-10-28 21:49:44',24,'sdvsdf','sdgsf',NULL,0,NULL,NULL,NULL);
/*!40000 ALTER TABLE `module` ENABLE KEYS */;
UNLOCK TABLES;

--
-- Table structure for table `module_owners`
--

DROP TABLE IF EXISTS `module_owners`;
/*!40101 SET @saved_cs_client     = @@character_set_client */;
/*!40101 SET character_set_client = utf8 */;
CREATE TABLE `module_owners` (
  `id` int(11) NOT NULL AUTO_INCREMENT,
  `owner_resource_type_id` int(2) DEFAULT NULL,
  `owner_id` int(11) DEFAULT NULL,
  `created_at` datetime DEFAULT CURRENT_TIMESTAMP,
  `deleted_at` datetime DEFAULT NULL,
  `updated_at` datetime DEFAULT NULL,
  `module_id` int(11) NOT NULL,
  `lock_flag` int(11) DEFAULT NULL,
  PRIMARY KEY (`id`)
) ENGINE=InnoDB AUTO_INCREMENT=7 DEFAULT CHARSET=latin1;
/*!40101 SET character_set_client = @saved_cs_client */;

--
-- Dumping data for table `module_owners`
--

LOCK TABLES `module_owners` WRITE;
/*!40000 ALTER TABLE `module_owners` DISABLE KEYS */;
INSERT INTO `module_owners` VALUES (1,3,1,'2019-10-07 15:53:17',NULL,'2019-10-07 15:53:17',8,NULL),(2,3,47,'2019-10-26 21:13:40',NULL,'2019-10-26 21:13:40',9,NULL),(3,3,47,'2019-10-28 21:49:01',NULL,'2019-10-28 21:49:01',10,NULL),(4,3,47,'2019-10-28 21:49:19',NULL,'2019-10-28 21:49:19',11,NULL),(5,3,48,'2019-10-28 21:49:33',NULL,'2019-10-28 21:49:33',12,NULL),(6,3,1,'2019-10-28 21:49:44',NULL,'2019-10-28 21:49:44',13,NULL);
/*!40000 ALTER TABLE `module_owners` ENABLE KEYS */;
UNLOCK TABLES;

--
-- Table structure for table `news`
--

DROP TABLE IF EXISTS `news`;
/*!40101 SET @saved_cs_client     = @@character_set_client */;
/*!40101 SET character_set_client = utf8 */;
CREATE TABLE `news` (
  `news_id` int(11) NOT NULL AUTO_INCREMENT,
  `news_title` varchar(255) DEFAULT NULL,
  `status` int(1) DEFAULT NULL,
  `created_dt` datetime DEFAULT NULL,
  `updated_dt` datetime DEFAULT NULL,
  `lock_flag` int(11) DEFAULT NULL,
  PRIMARY KEY (`news_id`)
) ENGINE=InnoDB DEFAULT CHARSET=latin1;
/*!40101 SET character_set_client = @saved_cs_client */;

--
-- Dumping data for table `news`
--

LOCK TABLES `news` WRITE;
/*!40000 ALTER TABLE `news` DISABLE KEYS */;
/*!40000 ALTER TABLE `news` ENABLE KEYS */;
UNLOCK TABLES;

--
-- Table structure for table `news_owners`
--

DROP TABLE IF EXISTS `news_owners`;
/*!40101 SET @saved_cs_client     = @@character_set_client */;
/*!40101 SET character_set_client = utf8 */;
CREATE TABLE `news_owners` (
  `news_id` int(11) DEFAULT NULL,
  `owner_type_id` int(2) DEFAULT NULL,
  `owner_id` int(11) DEFAULT NULL,
  `id` bigint(20) NOT NULL,
  `lock_flag` int(11) DEFAULT NULL
) ENGINE=InnoDB DEFAULT CHARSET=latin1;
/*!40101 SET character_set_client = @saved_cs_client */;

--
-- Dumping data for table `news_owners`
--

LOCK TABLES `news_owners` WRITE;
/*!40000 ALTER TABLE `news_owners` DISABLE KEYS */;
/*!40000 ALTER TABLE `news_owners` ENABLE KEYS */;
UNLOCK TABLES;

--
-- Table structure for table `owner_type`
--

DROP TABLE IF EXISTS `owner_type`;
/*!40101 SET @saved_cs_client     = @@character_set_client */;
/*!40101 SET character_set_client = utf8 */;
CREATE TABLE `owner_type` (
  `owner_type_id` int(11) NOT NULL AUTO_INCREMENT,
  `lock_flag` int(11) DEFAULT NULL,
  `owner_type_name` varchar(50) DEFAULT NULL,
  PRIMARY KEY (`owner_type_id`)
) ENGINE=InnoDB DEFAULT CHARSET=latin1;
/*!40101 SET character_set_client = @saved_cs_client */;

--
-- Dumping data for table `owner_type`
--

LOCK TABLES `owner_type` WRITE;
/*!40000 ALTER TABLE `owner_type` DISABLE KEYS */;
/*!40000 ALTER TABLE `owner_type` ENABLE KEYS */;
UNLOCK TABLES;

--
-- Table structure for table `permissions`
--

DROP TABLE IF EXISTS `permissions`;
/*!40101 SET @saved_cs_client     = @@character_set_client */;
/*!40101 SET character_set_client = utf8 */;
CREATE TABLE `permissions` (
  `id` int(10) unsigned NOT NULL AUTO_INCREMENT,
  `name` varchar(255) COLLATE utf8_unicode_ci NOT NULL,
  `description` text COLLATE utf8_unicode_ci,
  `status` tinyint(1) NOT NULL DEFAULT '1',
  `created_by` int(20) DEFAULT NULL,
  `created_at` timestamp NULL DEFAULT CURRENT_TIMESTAMP,
  `updated_at` timestamp NULL DEFAULT NULL,
  PRIMARY KEY (`id`) USING BTREE
) ENGINE=InnoDB AUTO_INCREMENT=165 DEFAULT CHARSET=utf8 COLLATE=utf8_unicode_ci ROW_FORMAT=COMPACT;
/*!40101 SET character_set_client = @saved_cs_client */;

--
-- Dumping data for table `permissions`
--

LOCK TABLES `permissions` WRITE;
/*!40000 ALTER TABLE `permissions` DISABLE KEYS */;
INSERT INTO `permissions` VALUES (1,'user','Normal Registered User',1,1,'2015-07-24 23:30:00','2015-12-02 05:24:39'),(2,'menu.add',NULL,1,1,'2015-07-24 23:30:00','2015-12-03 08:32:41'),(3,'menu.list',NULL,1,1,'2015-07-24 23:30:00','2015-12-02 05:24:54'),(4,'menu.edit',NULL,1,1,'2015-07-24 23:30:00','2015-12-02 05:24:57'),(5,'menu.status',NULL,1,1,'2015-07-24 23:30:00','2015-12-02 05:25:01'),(6,'admin','Super Admin Permission',1,1,'2015-07-24 23:30:00','2015-07-24 23:30:00'),(7,'index','Home Page Permission',1,1,'2015-07-24 23:30:00','2015-12-02 05:25:03'),(8,'menu.delete',NULL,1,1,'2015-09-06 14:00:06','2015-09-06 14:00:09'),(9,'user.add',NULL,1,1,'2015-10-15 23:30:00','2015-10-15 23:30:00'),(10,'user.edit',NULL,1,1,'2015-10-15 23:30:00','2015-10-15 23:30:00'),(11,'user.delete',NULL,1,1,'2015-10-15 23:30:00','2015-10-15 23:30:00'),(12,'user.list',NULL,1,1,'2015-10-19 23:30:00','2015-10-20 19:31:57'),(13,'user.role.add',NULL,1,1,'2015-10-21 23:30:00','2015-10-21 23:30:00'),(14,'user.role.edit',NULL,1,1,'2015-10-21 23:30:00','2015-10-21 23:30:00'),(15,'user.role.list',NULL,1,1,'2015-10-21 23:30:00','2015-10-21 23:30:00'),(16,'user.role.delete',NULL,1,1,'2015-10-21 23:30:00','2015-10-21 23:30:00'),(17,'permission.add',NULL,1,1,'2015-10-21 23:30:00','2015-10-21 23:30:00'),(18,'permission.edit',NULL,1,1,'2015-10-21 23:30:00','2015-10-21 23:30:00'),(19,'permission.delete',NULL,1,1,'2015-10-21 23:30:00','2015-10-21 23:30:00'),(20,'permission.list',NULL,1,1,'2015-10-21 23:30:00','2015-10-21 23:30:00'),(21,'permission.group.add',NULL,1,1,'2015-10-21 23:30:00','2015-10-21 23:30:00'),(22,'permission.group.edit',NULL,1,1,'2015-10-21 23:30:00','2015-10-21 23:30:00'),(23,'permission.group.list',NULL,1,1,'2015-10-21 23:30:00','2015-10-21 23:30:00'),(24,'permission.group.delete',NULL,1,1,'2015-10-21 23:30:00','2015-10-21 23:30:00'),(25,'user.status',NULL,1,1,'2015-12-19 00:30:47','2015-12-19 00:30:47'),(30,'location.addType',NULL,1,1,'2016-07-07 17:05:27','2016-07-07 17:05:27'),(31,'location.listType',NULL,1,1,'2016-07-07 17:05:27','2016-07-07 17:05:27'),(32,'location.jsonListType',NULL,1,1,'2016-07-07 17:06:45','2016-07-07 17:06:45'),(33,'location.addLocation',NULL,1,1,'2016-07-07 17:06:45','2016-07-07 17:06:45'),(37,'member.add',NULL,1,1,'2016-07-07 19:48:53','2016-07-07 19:48:53'),(38,'member.list',NULL,1,1,'2016-07-07 19:48:53','2016-07-07 19:48:53'),(39,'member.jsonList',NULL,1,1,'2016-07-07 19:49:32','2016-07-07 19:49:32'),(56,'profile','Profile',1,1,'2016-09-07 13:34:30','2016-09-06 23:30:00'),(57,'profile.experience','Profile Member Experience',1,1,'2016-09-07 13:34:30','2016-09-06 23:30:00'),(58,'profile.password-reset-view','Profile Member Password Reset View',1,1,'2016-09-07 13:34:30','2016-09-06 23:30:00'),(59,'profile.password-reset','Profile Password Reset',1,1,'2016-09-07 13:34:30','2016-09-06 23:30:00'),(78,'dashboard',NULL,1,1,'2017-02-21 15:32:33','2017-02-21 06:00:00'),(115,'user.initial-password-reset',NULL,1,1,'2017-03-29 14:11:40',NULL),(138,'university.profile',NULL,1,NULL,'2019-09-06 13:18:49',NULL),(139,'course.add',NULL,1,NULL,'2019-09-09 11:24:52',NULL),(140,'course.list',NULL,1,NULL,'2019-09-09 11:24:52',NULL),(141,'course.jsonList',NULL,1,NULL,'2019-09-09 11:25:07',NULL),(142,'university.add',NULL,1,NULL,'2019-09-09 11:30:36',NULL),(143,'university.list',NULL,1,NULL,'2019-09-09 11:30:36',NULL),(144,'university.jsonList',NULL,1,NULL,'2019-09-09 11:30:58',NULL),(145,'university.edit',NULL,1,NULL,'2019-09-09 11:30:58',NULL),(146,'course.edit','',1,NULL,'2019-09-09 11:31:34',NULL),(147,'division.add',NULL,1,NULL,'2019-09-09 15:48:59',NULL),(148,'division.list',NULL,1,NULL,'2019-09-09 15:48:59',NULL),(149,'division.edit',NULL,1,NULL,'2019-09-09 15:51:03',NULL),(150,'division.status',NULL,1,NULL,'2019-09-09 15:51:03',NULL),(151,'division.delete',NULL,1,NULL,'2019-09-09 15:51:12',NULL),(152,'courseModule.add',NULL,1,NULL,'2019-09-11 16:53:51',NULL),(153,'courseModule.list',NULL,1,NULL,'2019-09-11 16:53:51',NULL),(154,'courseModule.edit',NULL,1,NULL,'2019-09-11 16:54:29',NULL),(155,'courseModule.delete',NULL,1,NULL,'2019-09-11 16:54:29',NULL),(156,'lesson.add',NULL,1,NULL,'2019-10-07 08:07:54',NULL),(157,'lesson.list',NULL,1,NULL,'2019-10-07 08:07:54',NULL),(158,'lesson.delete',NULL,1,NULL,'2019-10-07 08:08:10',NULL),(159,'lesson.view',NULL,1,NULL,'2019-10-07 08:08:10',NULL),(160,'student.add',NULL,1,NULL,'2019-10-13 19:14:15',NULL),(161,'student.list',NULL,1,NULL,'2019-10-13 19:14:15',NULL),(162,'student.edit',NULL,1,NULL,'2019-10-13 19:14:41',NULL),(163,'student.upload',NULL,1,NULL,'2019-10-13 19:14:41',NULL),(164,'student.delete',NULL,1,NULL,'2019-10-13 19:14:46',NULL);
/*!40000 ALTER TABLE `permissions` ENABLE KEYS */;
UNLOCK TABLES;

--
-- Table structure for table `persistences`
--

DROP TABLE IF EXISTS `persistences`;
/*!40101 SET @saved_cs_client     = @@character_set_client */;
/*!40101 SET character_set_client = utf8 */;
CREATE TABLE `persistences` (
  `id` int(10) unsigned NOT NULL AUTO_INCREMENT,
  `user_id` int(10) unsigned NOT NULL,
  `code` varchar(255) COLLATE utf8_unicode_ci NOT NULL,
  `created_at` timestamp NULL DEFAULT NULL,
  `updated_at` timestamp NULL DEFAULT NULL,
  PRIMARY KEY (`id`) USING BTREE,
  UNIQUE KEY `persistences_code_unique` (`code`) USING BTREE
) ENGINE=InnoDB AUTO_INCREMENT=39897 DEFAULT CHARSET=utf8 COLLATE=utf8_unicode_ci ROW_FORMAT=COMPACT;
/*!40101 SET character_set_client = @saved_cs_client */;

--
-- Dumping data for table `persistences`
--

LOCK TABLES `persistences` WRITE;
/*!40000 ALTER TABLE `persistences` DISABLE KEYS */;
INSERT INTO `persistences` VALUES (1,1,'0q0ygX6vhRbhWLfDVMQjCpuVVi4Uv21m','2015-07-11 16:39:55','2015-07-11 16:39:55'),(2,1,'efBjwoN42yjE5Pbbbn3NOvAQMh6Hc47p','2015-07-13 15:12:45','2015-07-13 15:12:45'),(4,1,'dkYUwD816i7YeZLaLmENn7b7qXyRV6jE','2015-07-13 20:13:07','2015-07-13 20:13:07'),(5,1,'fsVkzYpy5e5SIno5317Viix318Ipevum','2015-07-14 19:42:12','2015-07-14 19:42:12'),(7,1,'BYdFxgUBhE9H2BqP6PEg5tQXjQvapGkk','2015-07-14 23:53:52','2015-07-14 23:53:52'),(8,1,'UuheCz7Zmb1WM2zsJVnJv3yMtHrCZXZP','2015-07-19 00:35:42','2015-07-19 00:35:42'),(9,1,'ugwMinnLII8pAvdX48uibN4tCfFncKxL','2015-07-25 17:44:39','2015-07-25 17:44:39'),(10,1,'6sv5Vmes7x5zzF5kp9BIiF0e3J7uatEA','2015-07-26 02:32:42','2015-07-26 02:32:42'),(12,1,'AAPH0gv7ueGmg1GHT3CDDb8CuqliETTr','2015-07-27 14:00:05','2015-07-27 14:00:05'),(17,1,'EvOMH9hGBkW3nS9TJjtnZOajBh8b2nH8','2015-08-14 01:59:00','2015-08-14 01:59:00'),(18,1,'sgY1xcvVRC3q8s2Qe5IgY6k4NVdw8Bw2','2015-08-14 02:00:50','2015-08-14 02:00:50'),(19,1,'smRBCmpzbBL4RTXJZcaAW5Wr4quWzvnA','2015-08-14 15:08:36','2015-08-14 15:08:36'),(20,1,'C1xwzvvNREHhtx6JqQEZSTEPMbzY7J6F','2015-08-14 15:13:16','2015-08-14 15:13:16'),(23,1,'0XUcBHFDSxUgWDZsdPt9Oigx5cIfQ5KR','2015-08-14 20:49:04','2015-08-14 20:49:04'),(24,1,'LeqsntX9HwB19oOzfqFICR3TB2xHZt5c','2015-08-15 02:16:49','2015-08-15 02:16:49'),(25,1,'ZRilkZu1axOqoPqkAbNzA4ZPQccDHLEf','2015-08-15 19:19:49','2015-08-15 19:19:49'),(26,1,'fHHSkcipQkFfpeTYIcxmFqKS2IKL0ozJ','2015-08-17 14:41:53','2015-08-17 14:41:53'),(27,1,'Gev3KH0ERZX7UFA6QASlHd4wW9Tm47cz','2015-08-17 18:22:08','2015-08-17 18:22:08'),(28,1,'Pu0bSNJwO7XEhfmr8Ubg28c5HWp2BCfN','2015-08-18 14:01:21','2015-08-18 14:01:21'),(29,1,'FkavnjEGjcidC4hGsJwf5JepGpglq09u','2015-08-18 16:03:49','2015-08-18 16:03:49'),(30,1,'GfVyVFbRB7yBaekFtBu3l16pB95iDYyv','2015-08-18 23:11:28','2015-08-18 23:11:28'),(32,1,'7Qa9ckHVYsRkTgnZNSQ9szqJ7ORRwqqP','2015-08-20 00:43:25','2015-08-20 00:43:25'),(34,1,'7gzkQXDRziKCU3V6YN3os6oty3ZYmm3V','2015-08-20 15:40:32','2015-08-20 15:40:32'),(35,1,'PPni5OZ4t4Ukf7GqJhJTowQUbG1BKTCO','2015-08-24 22:02:19','2015-08-24 22:02:19'),(39,1,'1Vq5gtTDFk3uhKn9AHMOnWwQxiNq8eNm','2015-08-25 01:32:07','2015-08-25 01:32:07'),(40,1,'9tal1AP1HQ4usfTnI3Q0kXSrPzScKtnz','2015-08-25 17:56:55','2015-08-25 17:56:55'),(41,1,'FDkLOdsEvF0HzB1XvBQ8GKAQZ9oq80xS','2015-08-25 23:50:00','2015-08-25 23:50:00'),(42,1,'LW0maecSnWGHR1uvR1ev67CmiePNeYQb','2015-08-26 13:43:11','2015-08-26 13:43:11'),(43,1,'c7UCeZhd2AdNOrNIrzFeP8Z2xHSPBOat','2015-08-26 18:21:39','2015-08-26 18:21:39'),(44,1,'DmiuJhBD8ndKrxeQzYUgKJ0qdr5VfgEp','2015-08-26 18:23:05','2015-08-26 18:23:05'),(45,1,'EvLSeVbZ4LpQHpIwn3ESkPmKiHZYqChR','2015-08-27 00:43:08','2015-08-27 00:43:08'),(46,1,'ZaFHszTHVJxdXVHyYyDUiVrjDsVLF2os','2015-08-27 13:50:53','2015-08-27 13:50:53'),(47,1,'E26Ajf3IuoSAQBDRGUnJxBXuLWf45qTE','2015-08-28 16:00:55','2015-08-28 16:00:55'),(48,1,'6gvIBqAaNqIHUC1GXGnvpobgXDqyGFWV','2015-08-28 19:22:35','2015-08-28 19:22:35'),(49,1,'C9iOcAwSX8vcFZVUkRrnb7BTEmFfb1lW','2015-08-28 21:54:30','2015-08-28 21:54:30'),(50,1,'m8HlkBppqVOmVtvm8WXn1gflqnpxZ7ZX','2015-08-29 02:13:47','2015-08-29 02:13:47'),(51,1,'Ga2L52MViQQHOjQmC0B3NIwKoFoeC5LU','2015-08-29 17:26:46','2015-08-29 17:26:46'),(52,1,'pEnesSMPpp8XwoXBGc0AQIxG8a0NlJL7','2015-08-29 20:41:51','2015-08-29 20:41:51'),(53,1,'DOyCW9LubRxZlUZI1VM9VWmwEHFqEtuy','2015-08-30 18:45:08','2015-08-30 18:45:08'),(54,1,'hQnXdF66aT6GWv1bjMfdQlrFzXCKzPaD','2015-09-01 23:13:49','2015-09-01 23:13:49'),(55,1,'SofbScd28GADuBXJkBe02t4wNesj1pyc','2015-09-02 14:16:21','2015-09-02 14:16:21'),(58,1,'S9zBLvLOtfn86jn2YZ7o4cDDIXir5odO','2015-09-06 21:33:49','2015-09-06 21:33:49'),(59,1,'jhnFLwdIIq3akmuFjwNT5hXRbskFN8Cv','2015-09-07 14:00:41','2015-09-07 14:00:41'),(65,1,'Yzp3Ic2rJbT21gHfSHQAyNH9sySMzNx8','2015-09-17 17:38:02','2015-09-17 17:38:02'),(66,1,'FPxtt7aeMIpDuoEEIrFeXfS289y6YyrI','2015-09-17 17:40:28','2015-09-17 17:40:28'),(67,1,'DE0xeUB6zv2l9VC7hlbHeVKZdNVgba2k','2015-09-17 17:42:20','2015-09-17 17:42:20'),(68,1,'VSigkljclaPzU2jbUTnEPb7uAqbq7OO4','2015-09-17 17:46:25','2015-09-17 17:46:25'),(69,1,'u1u64fxr5E8cVetPE2xfwXXlZg8ETdMt','2015-09-17 17:48:29','2015-09-17 17:48:29'),(70,1,'IsPKSyDwN4yyBDpHDCQTFIA9cb9tDvho','2015-09-17 17:50:56','2015-09-17 17:50:56'),(71,1,'Mqwwg7Ji564GosYUs8ew6p56lVqTNggm','2015-09-17 17:51:06','2015-09-17 17:51:06'),(72,1,'ReDZfYlXcI3vckn50feKIYFukwEIaJxW','2015-09-17 17:55:47','2015-09-17 17:55:47'),(73,1,'1zPiFaCd2KentN0BEVayuoIqOfxi3lMS','2015-09-17 17:56:15','2015-09-17 17:56:15'),(75,1,'FiS9P7LCFRk2i3wnNHZJqODlZaBMPBsH','2015-09-17 17:57:16','2015-09-17 17:57:16'),(77,1,'w6afABnpTAwYkETiZ1LpLEG31RUMR9J9','2015-09-17 18:14:14','2015-09-17 18:14:14'),(80,1,'zEQJ08oNoKnzyenYvSBPlGNkYrQRb9iU','2015-09-17 20:08:48','2015-09-17 20:08:48'),(81,1,'ngBYUNkxL2QkLY5Lj7EHCsAY8VRUPIss','2015-09-17 21:07:24','2015-09-17 21:07:24'),(82,1,'qPnddeucFgMvXEyCDsm99LGWgtiKQJI0','2015-09-17 21:37:58','2015-09-17 21:37:58'),(83,1,'y8KppplOMITXfiYtuU10r96MmBw2fn4Z','2015-09-17 21:54:17','2015-09-17 21:54:17'),(87,1,'1O0lJH2OdlZ5JYPb7OzU95hN9DD9D08f','2015-09-18 16:17:44','2015-09-18 16:17:44'),(91,1,'F2EASmRV02xRfOorilcer2HPJR0ff10w','2015-09-21 13:53:43','2015-09-21 13:53:43'),(93,1,'XtZHW8aWJtnVDHLcFpJjfzuFQCI4BarH','2015-09-21 14:01:03','2015-09-21 14:01:03'),(94,1,'4MvhjQuFQMa3d3kTpaMJIhrHIqrpd0Ud','2015-09-21 14:04:16','2015-09-21 14:04:16'),(95,1,'wIeSvojnWxVdqc8Ko2g4wSlgadyT46HX','2015-09-21 23:46:41','2015-09-21 23:46:41'),(96,1,'IfNOgaDeoIHRgr1wMMQvzGO2zyedyHzQ','2015-10-16 14:55:25','2015-10-16 14:55:25'),(97,1,'xb49Au965edKpfxust8QyV2A1ZtN1Jir','2015-10-16 18:29:38','2015-10-16 18:29:38'),(98,1,'8KKqFXos72faML2g6w1gZK8GecSR2A7B','2015-10-16 18:55:28','2015-10-16 18:55:28'),(99,1,'IrxeYFpjWjhZdazrZz7tp253etqZlkuh','2015-10-16 21:09:25','2015-10-16 21:09:25'),(100,1,'iuuX2Q6nvfyKfiNLDjOHJ0Jnmd3ZHLEM','2015-10-17 16:58:06','2015-10-17 16:58:06'),(102,1,'vQW13aw7kJoovALydds8W9175IqZq7sh','2015-10-20 19:15:41','2015-10-20 19:15:41'),(103,1,'kznRgyUivNAxj1LolOUloaV52kxc1TOg','2015-10-21 00:49:12','2015-10-21 00:49:12'),(104,1,'UMqlxsaazj72vwRmCVfv5qB5oujn5eO1','2015-10-21 00:50:38','2015-10-21 00:50:38'),(105,1,'xpjJT8wJEAA4xe0WNP9UbGPlEbwgZi7L','2015-10-21 13:58:35','2015-10-21 13:58:35'),(106,1,'PMf4A3yNtiDOJzYEA2Pi58STBrJpYzi9','2015-10-21 14:06:54','2015-10-21 14:06:54'),(107,1,'ix4iaApoo9ohGbwkBNcYyHv3nSkYMuOJ','2015-10-22 01:21:23','2015-10-22 01:21:23'),(108,1,'klm8QxxO7mIG6Ljj5liFWR1qikUv3y1H','2015-10-22 13:17:41','2015-10-22 13:17:41'),(109,1,'TMTs9AXiVGg3Dn8AmaXt5EZS4Z4WeVgp','2015-10-26 14:18:24','2015-10-26 14:18:24'),(110,1,'gihggqvhu0ngRD3ZMkeBhMLMNW6uKXHJ','2015-10-28 15:09:40','2015-10-28 15:09:40'),(111,1,'KDNzGA42AWdXV63AG90IhJF6Q36pmtpE','2015-10-29 00:08:36','2015-10-29 00:08:36'),(112,1,'35yTDDYO1IYhs9ujWXGWfAS9cxXIs4Hj','2015-11-04 14:43:06','2015-11-04 14:43:06'),(113,1,'FE2s4HBsv9RoBO7oUsUT7KxFTaXqdpUs','2015-11-06 20:36:44','2015-11-06 20:36:44'),(115,1,'a35iqeHc7BvGEbgIx9t357tFXklT9bqO','2015-11-06 22:08:06','2015-11-06 22:08:06'),(116,1,'eE6SkzCzg1FtCi2E24UNmFm7OBVLWORs','2015-11-07 22:32:42','2015-11-07 22:32:42'),(117,1,'t71JCTd8yKBblCePz7bWznuSpkU2XqDv','2015-11-07 22:57:44','2015-11-07 22:57:44'),(119,1,'ECMvGKmUgYm2qtMN0OMrPqpaDn5jx08d','2015-11-19 05:03:17','2015-11-19 05:03:17'),(120,1,'PtyWimBS6rsnKlRxj96BDq9L7SDKG2rk','2015-11-19 05:43:11','2015-11-19 05:43:11'),(121,1,'l9FIuW4AIkJij7BhzeiSEfzU4VyTWHMv','2015-11-19 06:26:41','2015-11-19 06:26:41'),(122,1,'bFb85D3SNEMRAoWExKagngxrR9mpWG9a','2015-11-19 08:56:32','2015-11-19 08:56:32'),(123,1,'SXL5MRTMSjhUxM2hHtJlZTUCbqgFF5dp','2015-11-19 09:06:15','2015-11-19 09:06:15'),(124,1,'xe3efdBNBGu5Ftyzf6SBg1IpUjzMiODv','2015-11-19 11:17:47','2015-11-19 11:17:47'),(125,1,'H0KI9TFvutyqksX9WFdo7ltXlIdi6LBO','2015-11-19 18:01:04','2015-11-19 18:01:04'),(126,1,'b5U0MlNhXnSybtPBfB6OOmx2UD0jp3rK','2015-11-20 04:56:33','2015-11-20 04:56:33'),(127,1,'aY5cfsCbK3SIOhyIfqn5swgMpi7DdOaH','2015-11-20 05:48:16','2015-11-20 05:48:16'),(128,1,'LFMf9yFQYkV1iEc4MPSmy2cPyAlIBI7e','2015-11-20 12:56:45','2015-11-20 12:56:45'),(129,1,'RzLW8COzh7iRkoCA0sY3VAejSmQbAFGS','2015-11-21 04:43:07','2015-11-21 04:43:07'),(130,1,'QyjXCs2H1KLaiSveWaBenK05uG6Z0S8D','2015-11-21 09:28:30','2015-11-21 09:28:30'),(131,1,'9wrIGqqTTScbdXWxrxsu4mPGI30xTTJn','2015-11-21 11:22:41','2015-11-21 11:22:41'),(132,1,'bBc9L5jexsFXL5iGZV8sIlgiyiEpvCo1','2015-11-24 04:54:24','2015-11-24 04:54:24'),(134,1,'MVm2uIPKGoClnBOtPnZLeMne0cxqm79A','2015-11-24 06:36:16','2015-11-24 06:36:16'),(135,1,'UdEhb1HUGGFeNUAHSzSEAd28LBtML6ti','2015-11-24 12:24:58','2015-11-24 12:24:58'),(136,1,'CZGAahPMZICfT9C2pz8DKf3N9XLZpzwT','2015-11-24 12:44:32','2015-11-24 12:44:32'),(138,1,'ZS8C30f5fheTscPSyKKcwnHFzwJi5YUg','2015-11-25 04:17:44','2015-11-25 04:17:44'),(139,1,'hviLwIVE77jiFjpRBx6DmB29nDCTiEoa','2015-11-25 05:21:06','2015-11-25 05:21:06'),(140,1,'k4YjDklmjCK3XOheyFj5tZRgkgQLcvPZ','2015-11-25 06:14:04','2015-11-25 06:14:04'),(141,1,'Q0pgzUMaw1jbbjbJ76ZEoiPNHbvEaGhb','2015-11-25 08:09:15','2015-11-25 08:09:15'),(142,1,'j1Ll3vyCfxk8WYrfGRWbLcFlmmB5gvuf','2015-11-25 12:57:11','2015-11-25 12:57:11'),(143,1,'36OdiItmKntFhhusCsOxRDRUmRLi3aIk','2015-11-27 04:10:45','2015-11-27 04:10:45'),(144,1,'EY00OQByVxbkksjXJeB779sTw0PVBwQo','2015-11-27 04:31:33','2015-11-27 04:31:33'),(145,1,'wFYXrcHs2VT8JxpVeu2nkYpEDIiyveCi','2015-11-27 09:36:39','2015-11-27 09:36:39'),(146,1,'fnPGwFNPFaup09Pi8h3HRZkW7g2o89UB','2015-11-27 10:10:49','2015-11-27 10:10:49'),(147,1,'EoByZX0seoP71TO3mh5YkAiMw41dQjfI','2015-11-28 04:26:43','2015-11-28 04:26:43'),(148,1,'N4O3wiGd7DlOZPPsiXQnU3GaIUDVs0pk','2015-11-28 04:35:49','2015-11-28 04:35:49'),(149,1,'wvrtqymHww86JtFR4ySTB7PRMVe6CYyZ','2015-12-01 06:29:39','2015-12-01 06:29:39'),(150,1,'0c1cjjzAmVVAFRwhzEBmL2fBR2a0cZ47','2015-12-01 06:34:17','2015-12-01 06:34:17'),(151,1,'wXdvBHnlVA6VxrKWojj4MPaQ15WIDALo','2015-12-01 07:44:11','2015-12-01 07:44:11'),(152,1,'6KgSa5WB6Fcd1RhTQe4bpnc3NLRc4jKs','2015-12-01 15:31:40','2015-12-01 15:31:40'),(153,1,'b9DvbCSyCVGeHps05XTN3kDLjG9i6UID','2015-12-02 04:20:21','2015-12-02 04:20:21'),(154,1,'V1ebekY9wLdVXEXYaDXiDKizKIwV2YoZ','2015-12-02 06:35:33','2015-12-02 06:35:33'),(155,1,'U1TDvsp3l7S50HKZJilwD8kolj3oKMZY','2015-12-02 07:44:31','2015-12-02 07:44:31'),(156,1,'tWGlxczBI5ISqJsyb8i4t1GAGLVmCxdg','2015-12-03 05:27:48','2015-12-03 05:27:48'),(157,1,'sX9s0vE8zk12ZJkKZOj53is0FOSzm3h5','2015-12-03 06:06:14','2015-12-03 06:06:14'),(158,1,'YZ1T4vrGkxVOS91okt3lSiz7OFyibEWY','2015-12-03 06:15:44','2015-12-03 06:15:44'),(160,1,'0asRo8XZo9ictz6mNc941GyW81j7mqnY','2015-12-03 12:42:18','2015-12-03 12:42:18'),(161,1,'FVal7sFDex7QqJibHPmQ3BqJOjMxY4zG','2015-12-03 13:27:27','2015-12-03 13:27:27'),(162,1,'R82HDrmisEFi9HDBpF4Cb6Ffg8r9o3RI','2015-12-03 14:02:32','2015-12-03 14:02:32'),(163,1,'bYRhi5W5Z5sShoOXorpyq9PTzruV4ISR','2015-12-04 05:13:08','2015-12-04 05:13:08'),(164,1,'6wFdYiPTSZW4ldZn62NgTYaTQrAyMRFW','2015-12-04 07:10:42','2015-12-04 07:10:42'),(165,1,'7Zpc8lp11v5CtWyMWGlonBNEHCsQCWhi','2015-12-08 05:04:48','2015-12-08 05:04:48'),(166,1,'9vbkG1yJuNrxJbPccH6inExHABpHtQMU','2015-12-08 06:26:07','2015-12-08 06:26:07'),(167,1,'O61lttpy7l77lwEm2vQBpYftms5BbuWz','2015-12-08 06:27:47','2015-12-08 06:27:47'),(168,1,'z1BKohUNT9iUIx0QDiNHknohKyQLxgwR','2015-12-08 08:51:57','2015-12-08 08:51:57'),(169,1,'AutjPb5lGuWESM9dFfzsSpFyDH6vJifT','2015-12-08 12:12:57','2015-12-08 12:12:57'),(170,1,'IjjDqcWuwLtABfWU4FeKbmfFnYVZeo81','2015-12-09 07:21:17','2015-12-09 07:21:17'),(171,1,'MvJ9bEq3DNsBfz6eBPpbvweOEqZUZTZZ','2015-12-09 09:59:56','2015-12-09 09:59:56'),(172,1,'YE0xTDpxGhMKoxuRYEqODQdhjsg0HBWN','2015-12-09 12:44:15','2015-12-09 12:44:15'),(173,1,'qtPfV4NGQUHK8nPilb3zMSkPtOFa5fA7','2015-12-09 12:48:06','2015-12-09 12:48:06'),(174,1,'bRiBCAqEMyoZMFGcVh0ppiCe7jJQtmL6','2015-12-10 04:39:45','2015-12-10 04:39:45'),(175,1,'kvxZtGoLNIrPws0jng0hSky09B4w52xo','2015-12-10 04:54:21','2015-12-10 04:54:21'),(177,1,'CYcO33TQxApc3BsrIxKhA1TG2XfjvjuE','2015-12-10 15:31:48','2015-12-10 15:31:48'),(178,1,'ch00cMtPi9ZXy38Y8xsVKkeQT4Tdyz0F','2015-12-11 04:32:28','2015-12-11 04:32:28'),(179,1,'ucujCYid3Ed1fWRzUc33bszW0Da5WpoR','2015-12-11 05:22:35','2015-12-11 05:22:35'),(180,1,'NQRHc1Aw4NGYpvd8UJHdacDUcMoN6CWT','2015-12-11 05:28:07','2015-12-11 05:28:07'),(181,1,'lNch1fxa3m3v7w7QaQKOxJSAq8MM1oWV','2015-12-11 07:12:57','2015-12-11 07:12:57'),(182,1,'AhU6Q1goojDW2QHqZtWGrOFIJ5yvyN29','2015-12-11 08:16:19','2015-12-11 08:16:19'),(183,1,'HlNikcVYXQjaM4RTiuBaXpUVHvz6BVRD','2015-12-12 10:53:54','2015-12-12 10:53:54'),(184,1,'aNFY4tCtnikY3dkpYL5GCTNiU3uil6dK','2015-12-15 07:16:12','2015-12-15 07:16:12'),(185,1,'uFP0pEF4i8hpkuXI3XbN5HyyL45IEg9d','2015-12-15 07:23:42','2015-12-15 07:23:42'),(186,1,'vHVcNsAZ5cHqBBCBesd8a4O5bWERDwta','2015-12-15 08:00:17','2015-12-15 08:00:17'),(187,1,'ChWOSdh7XwdgcCY811PGvll0OvNwuijO','2015-12-15 08:00:39','2015-12-15 08:00:39'),(188,1,'HmekPBJ7ICRGCVPXebGjrXKaeqFxAsUz','2015-12-15 15:10:11','2015-12-15 15:10:11'),(189,1,'3Y7IXo5Fav5lMC18YJOBaw3LyGm3Zqti','2015-12-16 04:48:39','2015-12-16 04:48:39'),(190,1,'VWfHAS0MK3w8urby0C1O5gBydkw5nRXt','2015-12-16 05:37:52','2015-12-16 05:37:52'),(192,1,'x18zuJwn8SteKHNbt4URG9Uq1XR0f2Pi','2015-12-17 04:15:37','2015-12-17 04:15:37'),(193,1,'mf0llY1RIuyVIBH7UZnwayL1EaVgaFFX','2015-12-17 05:26:48','2015-12-17 05:26:48'),(194,1,'z9DhpWh9V8MpvWZSwFjx0hKFxoI2DGgK','2015-12-17 06:34:29','2015-12-17 06:34:29'),(195,1,'CR87O4WkLFp06iAR7lqniAlqjmh1k8we','2015-12-17 09:03:19','2015-12-17 09:03:19'),(196,1,'cPDJLvk735GPW0ra0gW4t56wJ5pDmMRk','2015-12-18 04:56:23','2015-12-18 04:56:23'),(197,1,'oVn2YFQRwd2gAWhlclpXyDrhjeVppsLU','2015-12-18 05:36:31','2015-12-18 05:36:31'),(198,1,'vuNBEvFcd18udu3JQnsW0ofs2KzferFr','2015-12-18 10:48:06','2015-12-18 10:48:06'),(199,1,'Ywq2iUj3JoQ0Nm3RfYTVYVEHmaQdebk9','2015-12-18 11:47:28','2015-12-18 11:47:28'),(201,1,'qQwfqZPYXB5z1AGj6X0sA564nSQFxfAK','2015-12-19 06:59:07','2015-12-19 06:59:07'),(205,1,'vcFhrXNme0lqyD9NHvhq70lohOEjKwXm','2015-12-19 08:47:59','2015-12-19 08:47:59'),(221,1,'v8PGTwhcVg9tbCprRcnz7O51wzOd7u6E','2015-12-19 13:02:04','2015-12-19 13:02:04'),(222,1,'NqZN9jtcJEUBarUEcjhBHW3WEKeC7Y4U','2015-12-22 08:06:49','2015-12-22 08:06:49'),(223,1,'JCXWsqKC99RPpa6ETVbmnuEwv6bBuQdL','2015-12-29 03:46:56','2015-12-29 03:46:56'),(224,1,'oDVXJBM8w9YRFKWb8HbGYD8TGtlt3X4b','2015-12-30 05:01:35','2015-12-30 05:01:35'),(225,1,'Ao8BnmQ433VKsCngYlkBA3XwmdG6KxtH','2015-12-31 10:01:50','2015-12-31 10:01:50'),(226,1,'iRxZ1afS4VTBy5VwpG5NQxQISj8EnNVP','2015-12-31 11:10:39','2015-12-31 11:10:39'),(227,1,'k37znZ2CQPln2OLinYELHQ2Tkw8j56ht','2016-01-01 03:44:34','2016-01-01 03:44:34'),(228,1,'3PjJ5RyRe8ZPBHfQ9ro1UI3iVhG49rGR','2016-01-01 04:11:05','2016-01-01 04:11:05'),(229,1,'BLBuxGAaqABxtg08U0SO5L8RYf3YTlrJ','2016-01-05 04:53:26','2016-01-05 04:53:26'),(230,1,'3GezeUSlnh72asykrBlhVqlOZW9dVBgc','2016-01-07 05:03:28','2016-01-07 05:03:28'),(232,8,'MotiRqK9KLGzL2hyfwGwkLvSLRvH5ybf','2016-01-08 06:36:03','2016-01-08 06:36:03'),(233,1,'U04AcwG7T17Ky9gy72tThaE5pa7cMKRb','2016-01-08 07:56:55','2016-01-08 07:56:55'),(234,1,'NKfuqj7oiybLSyVEn4gfvgzdlrTIYXJh','2016-01-08 10:00:23','2016-01-08 10:00:23'),(235,8,'qZrOV1K8VH1csDTwr0IT35RyXoQJRDOk','2016-01-09 12:00:24','2016-01-09 12:00:24'),(236,1,'HIJ6IMqSV3EybIZFiNu3cxpbabgBbqWy','2016-01-09 13:05:32','2016-01-09 13:05:32'),(238,1,'sWxeUSntPPSkt6pQp0llxmHLbkEaChYD','2016-01-13 14:22:14','2016-01-13 14:22:14'),(239,1,'ZJD3jkIsNXOfl3Ns3h7Zdc1c8YTWZszk','2016-01-20 09:51:02','2016-01-20 09:51:02'),(240,1,'IYTXwaz9POTqnhccszxP5xrsVS6pVfsT','2016-01-20 11:17:09','2016-01-20 11:17:09'),(247,1,'sK03UtbWuendDySxW4QHNwFk7oUfGGQh','2016-01-22 10:21:02','2016-01-22 10:21:02'),(248,1,'cEupKusIH32KPfSFxsgrNsbyPtOrAKmJ','2016-01-24 17:55:37','2016-01-24 17:55:37'),(249,1,'rh3YgfuzOeuR1XTHcv6C8va0IeF6suBG','2016-01-27 08:57:20','2016-01-27 08:57:20'),(251,1,'O43TYM85iDgTel2AL9Vx9R0XfCQBkLVi','2016-01-29 04:40:07','2016-01-29 04:40:07'),(252,1,'PwS9qjcqbOWH0Vfmi3r2Rsyt6DD4a0Zu','2016-01-30 04:50:25','2016-01-30 04:50:25'),(253,1,'zPd7scLweBBjdsNU4z9W1ypNHkJXUluh','2016-02-02 07:31:41','2016-02-02 07:31:41'),(254,1,'Bs7DtcBQghw6pIARDwkUTAQlFNDmBoJH','2016-02-03 04:40:54','2016-02-03 04:40:54'),(255,1,'pHG2p2qNOyL7yGHs64ZEIlMi3gWIKoqA','2016-02-03 08:47:42','2016-02-03 08:47:42'),(256,1,'98beL2w2JCdq6tPhm8WI8aJhOn1rImR4','2016-02-06 04:12:46','2016-02-06 04:12:46'),(257,1,'T5TIVTIWDNAQJmGWyidQyREJ5I4FzgZR','2016-02-06 04:15:01','2016-02-06 04:15:01'),(258,1,'EnBjEdYhWPx3Oy15aRAWG4DKqhwRv5ov','2016-02-06 07:27:20','2016-02-06 07:27:20'),(259,1,'CsMADZrehJhqSi5ZLjW818I2w4CfHDSr','2016-02-06 07:33:35','2016-02-06 07:33:35'),(260,1,'azAaPIxSHpYhnaoX0dJSDMLNqc8lcmJc','2016-02-09 03:52:54','2016-02-09 03:52:54'),(261,1,'HKxd27kS2kMSM2HrTAKv43R3KbDrswhA','2016-02-09 06:19:08','2016-02-09 06:19:08'),(262,1,'48Ubx2II5G9sO0mFRXvuDZ2Y7nPfD6GL','2016-02-09 09:00:34','2016-02-09 09:00:34'),(263,1,'vT3WOvD54FuXTHFUCCGDZJTMESQGIyLm','2016-02-10 03:37:06','2016-02-10 03:37:06'),(264,1,'wbqdkltHpAMPJBwCArq8ofEOJM78ijA8','2016-02-11 04:56:27','2016-02-11 04:56:27'),(265,1,'rg7fD0sVCXY1tKniF72qcMC2yMT7qiIW','2016-02-11 04:59:18','2016-02-11 04:59:18'),(266,1,'TiysVzWSHW41jwJVXICfb2HKf8SbffrA','2016-02-11 05:57:37','2016-02-11 05:57:37'),(267,1,'8W8ebwDb7e6y09mrOLNIbK1NRau4COMD','2016-02-11 08:58:24','2016-02-11 08:58:24'),(268,1,'ZiFrNARlSVBjkIbrjZ7onhY0tJzQz507','2016-02-12 06:15:09','2016-02-12 06:15:09'),(270,1,'mP5f65vcNaweLd9PJCf3Pk9IVnME5RBf','2016-02-13 06:56:40','2016-02-13 06:56:40'),(271,1,'tdu6OzlLAyNW4sluvHCEWds5ZxP0bxS4','2016-02-14 00:20:12','2016-02-14 00:20:12'),(274,4,'q2hPPYmmO9yBEAOhstBihMaWxI061Fpr','2016-02-24 18:17:09','2016-02-24 18:17:09'),(275,1,'ztbunZDOv1s9QIiNz7RFxluWuSYbg8Fa','2016-02-29 18:05:19','2016-02-29 18:05:19'),(276,1,'hLmFelaXvujhsSGwNlU7lfcyJpmYLnGk','2016-03-02 15:17:03','2016-03-02 15:17:03'),(277,1,'XB9vR14I8dis89PH6B87A7TLhZKXaXJm','2016-03-02 17:54:12','2016-03-02 17:54:12'),(278,1,'kQeWQK85H1BrXV1SCJfc27Fmw6Wp3oyN','2016-03-02 18:30:33','2016-03-02 18:30:33'),(279,1,'WIQSxD6QHb4PFG2aU4Ha6jEj3uBub0cs','2016-03-03 22:11:41','2016-03-03 22:11:41'),(280,1,'AEVdOFQIJrN97odGu8wIzsxDq2ZXvdp0','2016-03-07 15:41:17','2016-03-07 15:41:17'),(282,1,'DPVodfpPkU8Kz5mWCt3JAlqo6fwGbuxo','2016-03-07 16:42:12','2016-03-07 16:42:12'),(283,1,'VGvZq0gH0YS1imjFqXLlvrG0WX7SOAcU','2016-03-08 15:40:20','2016-03-08 15:40:20'),(284,1,'ANi2cc4LPzquSUcuvQpVzYcRuVOAutaZ','2016-03-08 18:51:06','2016-03-08 18:51:06'),(286,1,'71HBXkEwPUsIK3tT1YOrclWQLrcBfIUd','2016-03-08 20:11:32','2016-03-08 20:11:32'),(287,1,'Vmx0r7aQ1uJUced0y4akrHdNa1lbVCbT','2016-03-11 22:44:08','2016-03-11 22:44:08'),(288,1,'NNysusNV05mEbfnEfAfzVDbX7IpuM3fg','2016-03-14 16:29:52','2016-03-14 16:29:52'),(289,1,'FDM3QFjjjryot8FqQwu5qbNI56aNitCG','2016-03-14 19:02:34','2016-03-14 19:02:34'),(290,1,'OFYeTyOO2xt4ErEmMboIyO6PpeWvLWdY','2016-03-14 19:13:23','2016-03-14 19:13:23'),(291,1,'fvDGeQZh1OCtD5PBoiNv0Wdmzz3SVkit','2016-03-14 19:21:29','2016-03-14 19:21:29'),(292,1,'mn92QXUxZfbFrAfCCz2UEZQnDZRFKxca','2016-03-14 19:25:41','2016-03-14 19:25:41'),(293,1,'q8rS97XzpUGs6sh6OPbz5vXOMx5myZxc','2016-03-14 19:26:36','2016-03-14 19:26:36'),(294,1,'nSIBT9WkjaWrLSDLzvn1ur6vkWZwiJ9x','2016-03-16 13:54:43','2016-03-16 13:54:43'),(295,1,'BirxDMu4nQOBXJZnOQL8olqBH7KGrdjb','2016-03-16 14:32:35','2016-03-16 14:32:35'),(296,1,'lSaWE7TPQCqEZWHsHvjDwMBfgXN6ZWO3','2016-03-16 14:36:52','2016-03-16 14:36:52'),(297,1,'35dxlRtZAnQeMuAVNa6Au0l2Y77N63z5','2016-03-16 14:46:04','2016-03-16 14:46:04'),(298,1,'qWuhdcBeFIdFhl01GR2zWayFTSQn30om','2016-03-16 14:49:42','2016-03-16 14:49:42'),(299,1,'BKZBVXzmSvCS8HEaW2mYnRpGvYBZAJee','2016-03-16 14:52:50','2016-03-16 14:52:50'),(300,1,'qSC0ZHJugq0TBiEgB7GZTBRURhwMJSqy','2016-03-16 15:06:13','2016-03-16 15:06:13'),(301,1,'vXOotgtz7YQBGW5IcpeOKUg34i5q9EQR','2016-03-16 15:30:45','2016-03-16 15:30:45'),(302,1,'c7QAqSZ0ravGxHsVbzbGseiD5Sr39oyA','2016-03-16 16:53:46','2016-03-16 16:53:46'),(303,1,'3dY4yYAITcFgsxV9mogxkyI7XbQRr3ld','2016-03-16 17:30:05','2016-03-16 17:30:05'),(304,1,'2BmjDJOAJx7HsjVOARDtPuRF11sHanZ0','2016-03-16 17:55:22','2016-03-16 17:55:22'),(305,1,'kKN36v2YvtWK6F2uOVwyxrGr0SNOX0cc','2016-03-16 18:15:24','2016-03-16 18:15:24'),(306,1,'g9dEMAqG4Mnzw8wppoCnkjSBDqtkwr65','2016-03-16 19:26:25','2016-03-16 19:26:25'),(307,1,'97cQ4rZw1UfWIEmtP4u2dUAnHisbzWbR','2016-03-16 20:10:47','2016-03-16 20:10:47'),(308,1,'FRzOXaKPqDHY3yvhrkM8TFE9K8M6XuR2','2016-03-16 21:51:25','2016-03-16 21:51:25'),(309,1,'fKOhxRvTbxkyWSHN0ttnhWDTTZVdbUSl','2016-03-16 23:15:41','2016-03-16 23:15:41'),(310,1,'agZsxsnPPtfNnXj5ts8ePgI7l0RrajG4','2016-03-17 00:26:41','2016-03-17 00:26:41'),(311,1,'93ku5dG70tZV6Ze0yEUSrtLhuJgZj7Yq','2016-03-17 14:03:49','2016-03-17 14:03:49'),(312,1,'7Nvk0Yu7kRf4mEaQ125BNpik9HOXSsUE','2016-03-17 14:56:03','2016-03-17 14:56:03'),(313,1,'5NgFCUpjPHF6CzdXHDAR5THxpisGXUKb','2016-03-17 15:26:57','2016-03-17 15:26:57'),(314,1,'G4AEtbEH4XKUFFZuFYnSAzrI0aPRlOmx','2016-03-17 15:49:30','2016-03-17 15:49:30'),(315,1,'ZfQ61DdoS1f04ZbNikjGHbqvvAPzFlX1','2016-03-17 16:31:11','2016-03-17 16:31:11'),(316,1,'9bBy6Z6QDMRxq7eGjHDHmpqOwk9j5eKo','2016-03-17 16:50:06','2016-03-17 16:50:06'),(317,1,'ITti6KT5Ft5JanUJbqohGgAcLD4ohc8x','2016-03-17 16:50:20','2016-03-17 16:50:20'),(318,1,'vd5xiSgCwuwT0uzLxUs5l3YzWVgmld4A','2016-03-17 17:01:43','2016-03-17 17:01:43'),(319,1,'YB6wLjsqNEydGQhh5IkYaF6yI564coHc','2016-03-17 20:49:39','2016-03-17 20:49:39'),(320,1,'Tqe1O4kZV48sx4WJxmLhL6Tyul1JBkeZ','2016-03-17 21:23:47','2016-03-17 21:23:47'),(321,1,'JoVwQ6d2uEt4uimYkw2VoPd1PVdviNT8','2016-03-17 21:33:05','2016-03-17 21:33:05'),(322,1,'WeUm9c1FfDvE5MVfbFgYh3Kus1R1GBeR','2016-03-17 22:15:57','2016-03-17 22:15:57'),(323,1,'ChFJ8W4XOgGuZTD36HU9Fow4KUYp6CqT','2016-03-17 22:35:30','2016-03-17 22:35:30'),(324,1,'WzSSVwxuxBW2M69PHBXEzk1d5frqk8G0','2016-03-18 15:34:38','2016-03-18 15:34:38'),(325,1,'rzXQD4XMB7YeOXpbIV2k7abCySrO1239','2016-03-18 22:50:50','2016-03-18 22:50:50'),(326,1,'3EQuyNMIblUJvoy53CdAt8PxpwsUlxRN','2016-03-19 16:56:49','2016-03-19 16:56:49'),(327,1,'wzoJFHZwP6VPrWLeCQt325UHf1y1r3qN','2016-03-21 19:12:12','2016-03-21 19:12:12'),(328,1,'Kk79ULySkGY1GbXNnTwrFV2uphgBwQ8l','2016-03-23 14:42:10','2016-03-23 14:42:10'),(329,1,'301ByiNP8IGGDiOgK6YCdsAZrlj8pWRV','2016-03-23 16:39:28','2016-03-23 16:39:28'),(337,1,'tHqW5Do3mNJWOQ1UKr5114dUEzKtEutH','2016-03-23 22:22:51','2016-03-23 22:22:51'),(338,1,'P88hnuyVKlLZ2ORyvLg8kVh5yZmtyvrP','2016-03-23 22:41:04','2016-03-23 22:41:04'),(348,2,'8lmH3iFYTx6BGw19Y773eLtOMrBRw7Lh','2016-03-24 01:30:06','2016-03-24 01:30:06'),(351,1,'2VCkKerTAGzEEWRk5yz9tGcpw9Nk9FC5','2016-03-24 01:51:48','2016-03-24 01:51:48'),(358,1,'TX3QlOHwEId2E7VRwDofY7JwF1xD1LXF','2016-03-24 14:39:00','2016-03-24 14:39:00'),(359,2,'YX8xSPq48JuqIkcgHNqwIRFIljg9rnMW','2016-03-24 15:02:22','2016-03-24 15:02:22'),(361,1,'J9U5xTPpS9oMkdatotbpZOd3W0F21Ev4','2016-03-24 16:09:00','2016-03-24 16:09:00'),(362,1,'60iChfGIikau58KvzWfmqymoT9IH4zUo','2016-03-24 16:12:48','2016-03-24 16:12:48'),(364,1,'H1nre2cfTfGfWPCQGjYEtY4zUrqT8TFi','2016-03-24 16:24:47','2016-03-24 16:24:47'),(365,1,'UFCEb7VhOfxPnbI2kOdvve4EoTYEBaRU','2016-03-24 20:08:28','2016-03-24 20:08:28'),(366,1,'j8Ed6rWtNnrfec0ZXnvTIjZmejbnUlRW','2016-03-24 21:12:24','2016-03-24 21:12:24'),(367,1,'p0uCQokatwcuDLsUx8xc7gwVTUajuofJ','2016-03-24 21:12:41','2016-03-24 21:12:41'),(368,1,'v0VRV0zjZb4BCnCdQ532vjBAOoJEMMob','2016-03-25 01:30:16','2016-03-25 01:30:16'),(371,1,'y2zPY0d06JYFJmhRPfknJ9UwePhwnZ7y','2016-03-25 14:01:26','2016-03-25 14:01:26'),(379,2,'E22IacWB3a8GyIfIWu6ClF11wRyMwOQf','2016-03-25 14:30:48','2016-03-25 14:30:48'),(380,2,'ZYvtSdzUg2cJeKgDpkYAzqw8MoAanRAD','2016-03-25 14:30:55','2016-03-25 14:30:55'),(381,1,'vxLqEqztI0eARNlRQYjObHm4OJPiCcdK','2016-03-25 14:34:47','2016-03-25 14:34:47'),(383,2,'bYPB3wYEAeYoZe3zWzqccdXIAlsETWhl','2016-03-25 14:36:22','2016-03-25 14:36:22'),(387,1,'HzaK9Ql9T4xZkY77cOmubT9f2g0o0XUL','2016-03-25 14:43:00','2016-03-25 14:43:00'),(388,1,'HhB6p3lcioH6yBdEW12cjUP3Q19K4ZgN','2016-03-25 15:25:17','2016-03-25 15:25:17'),(392,2,'SwAQ8ReMQ3DPkk7xzX9ruWU8CyVftqGD','2016-03-25 16:29:37','2016-03-25 16:29:37'),(393,1,'fUDYfhOi2CtpIcfmtCVPJtH4zjbI9619','2016-03-25 19:24:24','2016-03-25 19:24:24'),(394,2,'I6kFL3CZxWV7X2zmfBHlvqIStrOdhOfk','2016-03-25 19:49:58','2016-03-25 19:49:58'),(395,1,'umLNigosOn7xKUhtVCjNlRjv3q9DFiPu','2016-03-25 20:17:49','2016-03-25 20:17:49'),(396,1,'zAeVe5tstSFVRajnSih43D99ksUjakRw','2016-03-25 20:18:44','2016-03-25 20:18:44'),(397,1,'2Mc9FKXwq3wEqgufO5X8lpSvZkGOoT4C','2016-03-25 20:22:43','2016-03-25 20:22:43'),(401,1,'Kve5S6q3KjPVMfQcS6xRHotLdya3pHoY','2016-03-25 20:36:22','2016-03-25 20:36:22'),(402,6,'U5pcdxCGvePqkxcNUH3WB8blWLosCRBz','2016-03-25 20:39:57','2016-03-25 20:39:57'),(403,2,'XOGfUXWXWMwLmxcZbTSupuY1KFxgXgtf','2016-03-25 20:45:56','2016-03-25 20:45:56'),(406,2,'lzPa1Ot2ZNCv0qP8r1TEbrKPbdKaQO7B','2016-03-25 20:50:08','2016-03-25 20:50:08'),(407,4,'4kviSoLcKhM0fSfvFRXPG5o3G3rNt5EN','2016-03-25 21:16:35','2016-03-25 21:16:35'),(408,7,'yJyJNjxrPUXuZFvsjkGdk4hnzcOeV9vr','2016-03-25 21:44:31','2016-03-25 21:44:31'),(409,9,'eoA5z6p7X8UvVysqJ6bKrDJkm6ZO1OUH','2016-03-25 21:45:58','2016-03-25 21:45:58'),(410,5,'4y3C5rwxDuNfIxcj2dckddkIOO1B0nuK','2016-03-25 22:24:47','2016-03-25 22:24:47'),(411,8,'4VlxleqOMC7nxIf2Dbz9j9Db0QAD7fmB','2016-03-25 22:33:34','2016-03-25 22:33:34'),(412,1,'wWkN8hLUzTvopkZQGBSV9jb10hTO2DKY','2016-03-25 23:38:10','2016-03-25 23:38:10'),(413,9,'ANoPrZCVYcZrqCDosFAQi55wZI1fnoK8','2016-03-26 02:17:39','2016-03-26 02:17:39'),(416,1,'duVI4jRDbT0T7CyTYey65ANJLViKrkI2','2016-03-28 14:43:58','2016-03-28 14:43:58'),(417,1,'cEpUkZhuI4Yzt8rwAj8o4DrMLNGwXxhu','2016-03-28 14:50:00','2016-03-28 14:50:00'),(418,1,'YaNCX44IJGSQJlQlTJRPnh0tWvYOpvhb','2016-03-28 15:05:39','2016-03-28 15:05:39'),(419,2,'hqPoORT5bHXJMM4vZBITtB9vKqdAwB2k','2016-03-28 15:31:48','2016-03-28 15:31:48'),(420,2,'Fclr4dLRiW7eO1nkE2dyxElQCA1KYmzQ','2016-03-28 15:32:30','2016-03-28 15:32:30'),(421,2,'9JZGawE6XLhRqoH9Ut7KRJsoVCP2UVn2','2016-03-28 16:24:19','2016-03-28 16:24:19'),(422,1,'XVf5DzhD5RScOLO51RivZcOr3av5QihQ','2016-03-28 17:26:31','2016-03-28 17:26:31'),(423,9,'0ysObQik5OPxAqP9uvOhPCOV3IiBJDS9','2016-03-28 18:03:02','2016-03-28 18:03:02'),(428,2,'YBCsMdqH2Le39T2tkaAeeUedjArkvNpZ','2016-03-29 08:49:57','2016-03-29 08:49:57'),(429,1,'pZ9XPAtI0CWghGH4Lksw9G9UM05MTpG2','2016-03-29 09:37:45','2016-03-29 09:37:45'),(430,9,'tawxEIHd2YKKfuo8YTOA6p6JCSvebvVu','2016-03-29 10:04:37','2016-03-29 10:04:37'),(432,9,'22myhiORmpXmi58JUF6aNgBnLGPPAPkH','2016-03-29 11:05:59','2016-03-29 11:05:59'),(436,1,'jGs0dqvP5XoyYmFVweQdA7Zd4SOGxMe1','2016-03-29 13:05:31','2016-03-29 13:05:31'),(437,4,'il7pOPaFB0cvnhOBCwYjE7QnkhjbjOxQ','2016-03-29 13:25:49','2016-03-29 13:25:49'),(438,1,'zkMXprbjFwjtAr0pAUSUClDyMzHy0pdN','2016-03-29 13:33:10','2016-03-29 13:33:10'),(440,8,'vPvP5SDIAv9rKzDyvOOMn6rnZVqnmKiK','2016-03-29 14:30:11','2016-03-29 14:30:11'),(444,1,'PzfCkJh0xFNzuPU6vSMW4dpxaP96VOaU','2016-03-30 03:58:10','2016-03-30 03:58:10'),(448,4,'fZJ1UeygdU5igrUWXmsp99ybNRKUwuGb','2016-03-30 04:44:59','2016-03-30 04:44:59'),(449,4,'SZKEj1967p7xV6SOprjkfU4fuBdllMoR','2016-03-30 05:04:51','2016-03-30 05:04:51'),(450,2,'FERaRGNfAMncbuiXQIkFCgIQpkM6ogVp','2016-03-30 05:07:44','2016-03-30 05:07:44'),(451,2,'DP8B9Dckio2wafCbTr5nZ2JMTOnoMgCj','2016-03-30 05:16:49','2016-03-30 05:16:49'),(453,1,'LVieK1OCbAccskUztzHVcvfrcf9MR1LS','2016-03-30 08:03:56','2016-03-30 08:03:56'),(454,4,'WPH1lzQjY91bA4lUgIkwmKmEYQ4nSdFK','2016-03-30 08:59:56','2016-03-30 08:59:56'),(455,2,'vnM79RCDdRB7ZOBdg3xzew7dqsEPOEPJ','2016-03-30 10:22:46','2016-03-30 10:22:46'),(456,9,'kxuHgbUL5Ptfx7wMLNRxKdOaSzowXVOl','2016-03-30 10:56:39','2016-03-30 10:56:39'),(459,1,'HYZ7YKrEbs40circUQ7M2nKdgw4jgXFs','2016-03-30 11:30:24','2016-03-30 11:30:24'),(460,1,'anPSHCu22VNrqVnfODDxrLunaTdECBBz','2016-03-30 11:45:59','2016-03-30 11:45:59'),(461,9,'5a2mD81bu9FskGrv1Ua77q6Bngn7Y0Pb','2016-03-30 11:56:58','2016-03-30 11:56:58'),(462,1,'oJdAyDljdPEtL481fTYr5LKart60QFdi','2016-03-30 16:55:06','2016-03-30 16:55:06'),(463,2,'0CrFA9Suye5OrWNw0OW1kbeNYE8gs9fp','2016-03-31 01:35:00','2016-03-31 01:35:00'),(466,9,'AWOFcrg172tWsfpnBl2qhbVOz2Wnzbnq','2016-03-31 04:13:17','2016-03-31 04:13:17'),(472,3,'aLCquO3rxtHLjACOxlZY18eyk8yBarLP','2016-03-31 05:44:21','2016-03-31 05:44:21'),(475,5,'tcMmgWOLhuk0JZisl9PUEWn3UEG1UtoW','2016-03-31 05:51:43','2016-03-31 05:51:43'),(478,4,'jVGrOMT9RJRB80d9fO64McB0IImpVjIj','2016-03-31 08:01:54','2016-03-31 08:01:54'),(479,9,'eSNOiUxHVj9F7MnPbDyFbytTa6Lilw3F','2016-03-31 08:20:21','2016-03-31 08:20:21'),(481,7,'7C3nG817HrTFmprfbo88ZH0efBaZf8LT','2016-03-31 10:09:08','2016-03-31 10:09:08'),(484,2,'NrNxuYWE1xZm39uKEeuj8A361mPi4NDY','2016-03-31 10:38:21','2016-03-31 10:38:21'),(485,9,'MlRrjXj4hZuVNS36E2gsgeMEAGJdhB3H','2016-03-31 10:41:48','2016-03-31 10:41:48'),(486,3,'qd4rqItnDIcFIeO6Q7vi1T5cOtaBswDb','2016-03-31 16:27:39','2016-03-31 16:27:39'),(487,5,'cWMLrNMru2PIZPDhixOgdfx0cYVZETUi','2016-03-31 23:51:49','2016-03-31 23:51:49'),(488,2,'tcOEyxTexLaXbTaGS3rzuXFuUAA2xWP3','2016-04-01 01:42:25','2016-04-01 01:42:25'),(489,3,'kevX1gOGwIRwbXMnKm6la65Vii9z6OvO','2016-04-01 02:05:24','2016-04-01 02:05:24'),(490,3,'8jKhXx8UUwiWweYQCJ3xGNnJOmWzmjn0','2016-04-01 03:35:28','2016-04-01 03:35:28'),(491,7,'k0bcPE3j9ykcHph2RcDDwd7rHbXAPhRy','2016-04-01 04:24:00','2016-04-01 04:24:00'),(492,4,'Jsz3ocdHwAyaqiosU88znnLODfyKpdG3','2016-04-01 05:00:26','2016-04-01 05:00:26'),(493,9,'5947NxGmaenCIkffmCbRBTfcHfqTEL1q','2016-04-01 06:22:32','2016-04-01 06:22:32'),(494,2,'8et9ei3MfQCsJ8Se0Rrw0gBOuF1x00Oh','2016-04-01 07:42:59','2016-04-01 07:42:59'),(496,3,'3rs9TzbbAuuwvDbFjrDbiwgboTkd9FNT','2016-04-01 08:32:24','2016-04-01 08:32:24'),(497,4,'0uN2zFsc2fDWj3a4K1MmMqdvH7PR4EHz','2016-04-01 10:25:01','2016-04-01 10:25:01'),(498,4,'oFHJEov2Rm3a76lVx8GfTgZOWhpeFA37','2016-04-01 11:21:50','2016-04-01 11:21:50'),(500,4,'KQWbFEKrNIwVu4lfniBLcGbtCo3HbtTE','2016-04-01 12:21:11','2016-04-01 12:21:11'),(501,4,'gLuT3igGbS7F7atZTVcCcDuCsrW75nW9','2016-04-01 12:44:18','2016-04-01 12:44:18'),(502,4,'ipV0nf3SxkSPWxg9jtWvHm5niRipW1eW','2016-04-01 12:51:49','2016-04-01 12:51:49'),(503,4,'239l8FFDyZ5DB5XL8n74SNBahbx8NRLX','2016-04-01 13:01:34','2016-04-01 13:01:34'),(504,5,'cloJSHqzGWH2vVwWJoSVh2IB6ZujOT7V','2016-04-01 13:07:18','2016-04-01 13:07:18'),(505,3,'2h3j7AofCFaoqAcmVImbBFXZsJQfpMpU','2016-04-01 14:38:04','2016-04-01 14:38:04'),(506,4,'3ZiQzZC6ugJrjiLUfE9qyf8MavnoRJYL','2016-04-01 17:18:01','2016-04-01 17:18:01'),(507,4,'DbnFoeRfLkTSnp70TTORC3tO1rS4s8tU','2016-04-01 23:48:42','2016-04-01 23:48:42'),(508,7,'bcgF9wDENlqK3ap5f5Ox6PMHo65RnWje','2016-04-02 01:07:30','2016-04-02 01:07:30'),(509,4,'shHZQFQ7GpLVxgMDjIJMjQ8eXtgwW7aH','2016-04-02 01:50:42','2016-04-02 01:50:42'),(511,3,'XG20Aa3VoyCqautOKSefAgzWx2ExYTlt','2016-04-02 02:44:09','2016-04-02 02:44:09'),(513,4,'cAFR72H4U1uFDAWmBl5h5dXQ7CMgJxyz','2016-04-02 04:19:12','2016-04-02 04:19:12'),(514,3,'GOuLtdzZNmxYUMhxTi8CthoruOdwqUsj','2016-04-02 04:32:12','2016-04-02 04:32:12'),(519,1,'9bMh8pdEUqgyv1ry79zuMftHyDWPYiZo','2016-04-02 06:26:48','2016-04-02 06:26:48'),(520,7,'wuLeWif2zxFypOf68D1ObKn3MV3G71sd','2016-04-02 07:14:24','2016-04-02 07:14:24'),(521,3,'0Udug9AoriZRhWWod8HfbaCPANejwljP','2016-04-02 07:17:55','2016-04-02 07:17:55'),(522,7,'ZLReBCTtsX4lxlUOw32gotBtDDAnGAME','2016-04-02 08:00:01','2016-04-02 08:00:01'),(523,8,'T7Z2iPuD2StuTAIVwvnylWBtDq2rtlmE','2016-04-02 08:14:27','2016-04-02 08:14:27'),(524,2,'XSqhdkRlDpP4MgHrva8BVRYzMWwLnuFk','2016-04-02 08:17:09','2016-04-02 08:17:09'),(525,4,'1zdTne3pSfYSRpNCHpMAgbLULTpedSLf','2016-04-03 00:39:48','2016-04-03 00:39:48'),(526,4,'TEYP4dJZhiF7in7PFAlRSlWtncqmGniK','2016-04-03 09:15:57','2016-04-03 09:15:57'),(527,5,'Z7ypzQie2PKPlNDzC45U0CgdNGaltDo2','2016-04-08 02:30:19','2016-04-08 02:30:19'),(528,1,'DVapxVnlk2iSjaVobgRNX1AAWl61XjOZ','2016-04-08 03:45:29','2016-04-08 03:45:29'),(529,8,'yI3xR0YBC44BzY96L4G3WkuEyoAY1WAL','2016-04-08 09:27:31','2016-04-08 09:27:31'),(530,1,'zuEJbVive9Iy1RMWyLVFaidh1w10ohc9','2016-04-08 10:09:35','2016-04-08 10:09:35'),(531,5,'bGHrAIHCHkb2nRRjNLAi5agfzcgCRWkB','2016-04-08 12:33:22','2016-04-08 12:33:22'),(532,8,'aaESCAXlKfelPBGoHKAURJZd6jddVssm','2016-04-09 04:52:35','2016-04-09 04:52:35'),(533,1,'VLZiMnYYpb6Rxn0sMXD9DWPIo469zNGv','2016-04-12 12:36:12','2016-04-12 12:36:12'),(535,9,'gZIM9MP2b9g92UMTS4sfCKBVcaadELc8','2016-04-20 09:00:03','2016-04-20 09:00:03'),(536,9,'IfE0Z1sFM4Cndky5UZmp7hzvoBT2Zaj9','2016-04-20 09:23:03','2016-04-20 09:23:03'),(538,9,'VtycWrDlNtX9EmKJANLqUMVqpI7mmr6T','2016-04-20 09:47:07','2016-04-20 09:47:07'),(539,9,'jdgtDvRCOEGU8PMdkO0eSXZyEcOQLi4L','2016-04-20 10:12:07','2016-04-20 10:12:07'),(541,2,'TTyMwzwPbL2544WzBbPixvpeakMxzX0w','2016-04-21 02:18:42','2016-04-21 02:18:42'),(542,2,'BNcpNGcyUgsKbxi178ezDuGoTr0tqWxT','2016-04-21 02:21:47','2016-04-21 02:21:47'),(545,1,'AF5oJfY2SXZFdECNyItWaWLDcZfChJIq','2016-04-21 06:20:20','2016-04-21 06:20:20'),(549,1,'R6MJenYG2QwrTw67jR6Yq7DW6CEhozwB','2016-04-23 03:36:55','2016-04-23 03:36:55'),(550,3,'I9SbjfI5nFjrglMM1Zp5VI2JhI5CrNhk','2016-04-27 03:07:43','2016-04-27 03:07:43'),(553,1,'T4Eq13DAa3o1XZj2AWXHX56FDYRYP1eV','2016-04-28 11:44:48','2016-04-28 11:44:48'),(554,1,'RyMX90RCE0DgMqfWIYxbmv3v6KBZt0fC','2016-04-28 13:00:19','2016-04-28 13:00:19'),(555,1,'vw7cfs3rIblYGPEd6eLesW5kGRwt1ml8','2016-04-28 15:29:02','2016-04-28 15:29:02'),(556,1,'BHEUKQNmD2CaKeTOPy0jBxGvk1nPUgvv','2016-04-28 15:45:27','2016-04-28 15:45:27'),(557,1,'gP2hlLviRBFg0R452s1p47XoAlmJoi9W','2016-04-29 03:42:50','2016-04-29 03:42:50'),(558,1,'htq96aI7lhY5UkuaN0aCoRmqvFFky0dU','2016-04-29 03:50:48','2016-04-29 03:50:48'),(561,1,'1gp2HUpxtkbqcioHka3T63MZOdt3h8vK','2016-05-03 15:07:41','2016-05-03 15:07:41'),(562,1,'euTdmzG01C0nCFpDMRKJ3z7vi6CgxfrV','2016-05-03 15:17:39','2016-05-03 15:17:39'),(563,1,'hqTOropNE47dK3IMut4RUILEACseEoW9','2016-05-06 16:01:50','2016-05-06 16:01:50'),(572,10,'Qy18wg6oXv1xukTD8SfU0eobxHRNp9Vz','2016-05-10 18:03:48','2016-05-10 18:03:48'),(573,10,'sh45HzEldoUSR9WZbRMei26r0Ahv6ykd','2016-05-10 20:13:28','2016-05-10 20:13:28'),(574,1,'MUiVkochGcxVbmKGdILiqPo4SZHfXO8P','2016-05-11 14:24:40','2016-05-11 14:24:40'),(576,1,'SU5kG7SNqheI2DYps7TqSXzPRjblz1hu','2016-05-12 14:08:40','2016-05-12 14:08:40'),(580,10,'o2pcshiLvpZIT204MkOCF9QI2mfJ9Gy2','2016-05-12 18:52:37','2016-05-12 18:52:37'),(581,1,'2nIhPgyhD6mRfEyzyg8xEQqPyuJbhHYQ','2016-05-13 13:21:14','2016-05-13 13:21:14'),(582,1,'77zOe0oZQVJIgo7ahxREnayJOqZoSlqr','2016-05-17 16:50:57','2016-05-17 16:50:57'),(583,1,'hkFbQF1dEckT5ZAbqcWcdIWpktRkUo8D','2016-05-18 16:35:09','2016-05-18 16:35:09'),(584,1,'0mH3C0scPYVSHqU3w4Kq4f7hhUOCfBxn','2016-05-18 21:05:57','2016-05-18 21:05:57'),(585,1,'uV3SaB3h0tCvT7H9IrIdE0SHqgXJHNYZ','2016-05-18 21:06:36','2016-05-18 21:06:36'),(588,10,'Pg8DKxvngA3sTPD0RtQs1yMtB5wK2HPZ','2016-05-19 14:47:42','2016-05-19 14:47:42'),(589,10,'cWISnv8CD8iZ41md3Leh5Y601Fgc72ki','2016-05-19 14:59:33','2016-05-19 14:59:33'),(591,10,'j6Ccfg9ZOxXvAjbkH7p6eCBBeEAufTcA','2016-05-19 18:38:21','2016-05-19 18:38:21'),(592,10,'WpYuFZdeIf4gBSGxdGVK9997vwQpZ6ls','2016-05-19 18:40:01','2016-05-19 18:40:01'),(593,1,'Rp953q9Y11zEtyMg3gYeP31H29ibJHOs','2016-05-19 19:10:01','2016-05-19 19:10:01'),(594,10,'hMiuly7Pq0IKqKYuEDVi8Sjic6mziHqX','2016-05-19 19:33:07','2016-05-19 19:33:07'),(595,10,'lcSesRpr7e0iMMMhoXNgVHMn68igM2W2','2016-05-19 19:45:09','2016-05-19 19:45:09'),(596,10,'HeSuBImbqmwi1XebjKGgstT5pF2kpPNA','2016-05-20 17:15:51','2016-05-20 17:15:51'),(598,1,'KdsBS8RnnYLtoE4mGoKgJ58DpGSOv4tR','2016-05-20 18:26:52','2016-05-20 18:26:52'),(599,1,'bFCfgkawf1MeoOrJhtLb43d7T8Z5ULKw','2016-05-20 19:59:45','2016-05-20 19:59:45'),(600,10,'9ovKgzNLIKp5z9vZaNyEh6L7odw9kS8I','2016-05-23 18:59:42','2016-05-23 18:59:42'),(601,10,'rVxd0Xp9erv7es6S0T5OtBHBTBaUKHxh','2016-05-23 19:13:41','2016-05-23 19:13:41'),(602,10,'EH1ok7lnjCZNNNA9W4MXwU4HfNQsdqbm','2016-05-24 13:52:48','2016-05-24 13:52:48'),(603,10,'rAi7tLF1LpyU84CxeuH70uMXWIqXj5a1','2016-05-24 15:39:43','2016-05-24 15:39:43'),(605,10,'s3YQud0tVljQMFIWnvUYKeCfJJ4JALP9','2016-05-24 22:04:52','2016-05-24 22:04:52'),(606,10,'N2KlmTXdOZqgQtJZArJx4SXVrtkxYcDE','2016-05-24 22:06:54','2016-05-24 22:06:54'),(607,10,'RtmTnANdtTrEkTGYP6LyD6yybUWm4lT7','2016-05-24 22:08:06','2016-05-24 22:08:06'),(612,10,'q8fZxA61B2XZv6McfcIXONG0CTcni3to','2016-05-25 11:11:08','2016-05-25 11:11:08'),(613,10,'l94GxHOZyFkygKa2YvGvW0mkqoCEmIPH','2016-05-25 11:15:15','2016-05-25 11:15:15'),(615,10,'cWoBjE261GfYUK54aiYnGNDoF4txce97','2016-05-25 11:31:52','2016-05-25 11:31:52'),(622,10,'iM5wrVvyOyQdXAYwE0ltg6GNv4ZstC32','2016-05-26 14:07:16','2016-05-26 14:07:16'),(623,10,'abW45E93spNaeyb8OMcrzhxdkM2Aj1gl','2016-05-26 14:52:05','2016-05-26 14:52:05'),(624,1,'o8qkrTi9QPHzz8Mw2rCeW7zHVv8DKbWl','2016-05-26 14:54:46','2016-05-26 14:54:46'),(625,10,'pNIu5SX6Hgbi3vczvMMeZsGPAhDkusvx','2016-05-26 21:22:25','2016-05-26 21:22:25'),(626,1,'NZ6z2Tvkx04AXmr90HgIkgXBovGyd0Zn','2016-05-27 16:38:51','2016-05-27 16:38:51'),(628,1,'5jOGrKIbzhog4blnlJ0I4skATfbhYxpf','2016-05-30 19:24:53','2016-05-30 19:24:53'),(630,1,'r2YGsmenG8WACR6gOlzF86afg8mv60Cj','2016-06-06 20:35:02','2016-06-06 20:35:02'),(632,10,'PG0URKEdD2jbGAL9k4MLkHf1QpCoVypV','2016-06-08 17:21:07','2016-06-08 17:21:07'),(633,10,'d39csWXLxNpm9h1k8wJVZQYEu8Ak0MBx','2016-06-08 17:21:59','2016-06-08 17:21:59'),(634,10,'ProAW4jeVd1pWvz80dI2SYTYz3seEulO','2016-06-08 18:33:19','2016-06-08 18:33:19'),(636,10,'1S1qWi5BogQgDWM62AJ42f67KbEJBHV7','2016-06-15 14:47:41','2016-06-15 14:47:41'),(637,10,'GY1ArIVupHhe0OZC8pADmn38hYrcZ115','2016-06-15 17:57:56','2016-06-15 17:57:56'),(638,10,'DCZGCh6yR1FZj0hUj4i52XfBkEvm20ft','2016-06-15 19:42:46','2016-06-15 19:42:46'),(639,10,'E9j8NcFbFojahSejJAx1Ov1tLxkSbavq','2016-06-17 15:48:51','2016-06-17 15:48:51'),(640,10,'yibFeCYMGzpeUVyu4qkHAHKY8UtToNbf','2016-06-17 19:52:47','2016-06-17 19:52:47'),(641,10,'Ibw0LpAcM5omH6rsnu5zDKB1qGDpEp7p','2016-06-17 22:36:07','2016-06-17 22:36:07'),(642,10,'KrUtI5eT2hUsuQKojVRMJrXxEVOLV3Lb','2016-06-17 22:36:43','2016-06-17 22:36:43'),(643,10,'LlDGdrdLcYxMGKxBeC4Ud6GcD0mq13Px','2016-06-17 23:08:05','2016-06-17 23:08:05'),(644,10,'TryGndI2rdQbeUMhPlnkuOiWqF0S1SAK','2016-06-17 23:08:11','2016-06-17 23:08:11'),(645,10,'gOs9ZCzXUIHaZfwWhwRWgKmuM5RRpnfO','2016-06-17 23:37:41','2016-06-17 23:37:41'),(646,1,'UFYhCqqXa7hHAQlfCwPuSJCs6MYv8Yzj','2016-06-22 15:17:40','2016-06-22 15:17:40'),(655,10,'PBowO7DWBV0RjphFe8CXpgK1PPghW53R','2016-06-23 21:18:33','2016-06-23 21:18:33'),(666,10,'BE4pzh3Z3YLZqk8IjysWhdgU9EdL2naD','2016-06-24 14:47:43','2016-06-24 14:47:43'),(667,10,'3Uv4exLvQRKeSa8nMXACVfoQndvcs0s5','2016-06-24 15:22:06','2016-06-24 15:22:06'),(669,1,'Bj0Kx4K27Ih57NSTwIuS0HJHKbS2Q6wy','2016-06-24 17:26:40','2016-06-24 17:26:40'),(670,1,'pWhMfY0QEpGsIkSnZgLjlV7liMEEe8U3','2016-06-24 20:57:44','2016-06-24 20:57:44'),(671,10,'KUxQADZS7GSz9DQXDcfevRCB9Qi4uK8G','2016-06-27 00:00:18','2016-06-27 00:00:18'),(672,10,'xuLiBAAqtSxdUFp5iGOrEGX6mxs2Bzt2','2016-06-27 00:09:10','2016-06-27 00:09:10'),(673,10,'2S8OLBZvWeDj9ZXVDHYUHtNCTjFlUdEk','2016-06-27 00:09:39','2016-06-27 00:09:39'),(674,10,'rJ1AAj60AwsmeZiGRhoWLJCkYgJTmnpD','2016-06-27 17:27:16','2016-06-27 17:27:16'),(675,1,'WHpGeYoQUj5soullo46UB0KS0j3DurL0','2016-06-27 19:36:35','2016-06-27 19:36:35'),(676,1,'bclb3aBEr7Vq7MnuV19jD31sht9016ea','2016-07-06 21:29:20','2016-07-06 21:29:20'),(677,1,'KJYpfpQJqoa9ySHd4g7NSglmy0c6SJ1b','2016-07-07 14:54:58','2016-07-07 14:54:58'),(678,1,'rZdDhOZT8yxYiywyO3Ty6xh9vKxbWFq0','2016-07-07 14:59:49','2016-07-07 14:59:49'),(679,1,'zFQDY0zQOSGxKmTCir3vZTA2P7u5eToQ','2016-07-07 23:27:07','2016-07-07 23:27:07'),(680,1,'7QEv5Py8tSfjU4ytd7TsnBjxr6TZnY96','2016-07-08 15:13:35','2016-07-08 15:13:35'),(681,1,'yCmCJRoLr1rmdDeCr9FFX0qJxZj2jPWX','2016-07-08 16:34:55','2016-07-08 16:34:55'),(682,1,'UutEivQkFZcXycLlJQANXycZodCa77Q9','2016-07-08 17:04:43','2016-07-08 17:04:43'),(683,1,'fkABzIiMgNNgk6NCB9dPgabFGxO2noTB','2016-07-08 20:03:06','2016-07-08 20:03:06'),(684,1,'AZc8BJpC4q9lEhXdzVsaGw1L4SXOocih','2016-07-11 18:16:12','2016-07-11 18:16:12'),(685,1,'ROv0mObi4nvT5JQHB6hgxvzt2OhsbooV','2016-07-11 19:38:16','2016-07-11 19:38:16'),(686,1,'eMcSNe6mjp9T0fm4Mah1jzX41Qqli38G','2016-07-12 15:27:35','2016-07-12 15:27:35'),(687,1,'JHOnN333Rtb16taHpj4vQL3XwvXCKqv2','2016-07-12 15:34:58','2016-07-12 15:34:58'),(688,1,'a8qF6KyBpVy3PIFCuuxjjgd8wJvFiZIu','2016-07-13 17:00:13','2016-07-13 17:00:13'),(689,1,'TB8503K0HSvpxqb8aiWAh2JmqPmioMhB','2016-07-13 18:27:46','2016-07-13 18:27:46'),(690,1,'tsDqEMVkWzkJcRMG1LGVZONoFZruiXhz','2016-07-13 21:24:21','2016-07-13 21:24:21'),(691,1,'ndDOehrBSkWJeg7kiFE8gypu0AMOpgFz','2016-07-13 22:07:50','2016-07-13 22:07:50'),(692,1,'klWdBVMN0tqAfddNvucbddJRVWV8ms2l','2016-07-13 22:14:07','2016-07-13 22:14:07'),(693,1,'5wIbiHcxpM3zOOrdmXmgzTEKGKdGbEMm','2016-07-14 15:11:10','2016-07-14 15:11:10'),(694,1,'pDyHqA1jpw27FW5Ao2wez79CwheSGow4','2016-07-15 14:27:34','2016-07-15 14:27:34'),(695,1,'nb36ZTea2uGxAVAy8743HeTAcA2upZ9D','2016-07-20 15:59:54','2016-07-20 15:59:54'),(696,1,'daSNMNv4jtZhOwOMqWqZDdj9tFQ2Kdq3','2016-07-20 16:02:56','2016-07-20 16:02:56'),(697,1,'AaSzTshpX9lsl3YVCI7PlDuCOZ193ORZ','2016-07-20 22:15:20','2016-07-20 22:15:20'),(698,1,'NdosChKom1kTc4UjJUTCwkE10ct11SjS','2016-07-21 14:22:07','2016-07-21 14:22:07'),(699,1,'KwWMxp1dyzCgHuFKgmL0NjLI6dVmoNI3','2016-07-21 23:52:01','2016-07-21 23:52:01'),(700,1,'sYQM99l6AH30IoLmay7cTeApI3crUstJ','2016-07-22 14:32:19','2016-07-22 14:32:19'),(701,1,'7EiQU7BGTjyiUq8AMaqH1trtYprlOr6W','2016-07-25 19:31:55','2016-07-25 19:31:55'),(702,1,'KVGvYdd4KFQXysgDfpBvhdZpyKE91LPB','2016-07-27 21:56:24','2016-07-27 21:56:24'),(703,1,'SJ1ebpvwFNMHygEspkoLYc53Nnie3BhP','2016-08-03 19:19:18','2016-08-03 19:19:18'),(704,1,'Q4F3Ew8QOt7Vbe5FsZJpCdhDsqXUuwpd','2016-08-05 14:23:37','2016-08-05 14:23:37'),(705,1,'t3BtX47h1YtL1xeZWRe735FcgXAe1V5d','2016-08-05 15:37:20','2016-08-05 15:37:20'),(706,1,'C9MaFnJAwNNl3mwV7yEq8vpCewTssnp2','2016-08-08 21:12:47','2016-08-08 21:12:47'),(707,1,'KeOWSLUsq7tzY88KNBa7vSehXWnQJrIR','2016-08-09 19:40:27','2016-08-09 19:40:27'),(708,1,'n493QJ9oCjuBNvppwcm4w5EFY3n7ZR4Y','2016-08-09 20:15:41','2016-08-09 20:15:41'),(709,1,'osydIQHFUq2uKhhYKTKhWzRz5sGpRl0a','2016-08-10 15:35:16','2016-08-10 15:35:16'),(710,1,'SJldXLd6uxbGDyhPAA13RanaiybcVxv9','2016-08-11 13:45:41','2016-08-11 13:45:41'),(711,1,'ML4zEIyeoEgaJkooyaLUovWFM1Ar95iz','2016-08-11 19:22:59','2016-08-11 19:22:59'),(712,1,'I2C1dRi8SdYpLd34mC1yknYpvrlCiE5i','2016-08-11 22:09:23','2016-08-11 22:09:23'),(713,1,'3GEBSP542UrT0JRyx2su6RGeI5UQMCb0','2016-08-16 21:18:23','2016-08-16 21:18:23'),(714,1,'HJS5e0qO0BfCHqbtpLCSHDDoJFGb5a2v','2016-08-19 15:25:45','2016-08-19 15:25:45'),(715,1,'0q3PqYoc0e6R8UMK2G1B7HyRqWtucc8J','2016-08-19 17:33:17','2016-08-19 17:33:17'),(716,1,'Nz7fEMYoWjSoeN9rGRTVM35WUF1vq8Ys','2016-08-19 20:18:26','2016-08-19 20:18:26'),(717,1,'BoscNLHX2vJZa8cqqjuO4OfqfTpdjGPP','2016-08-22 14:14:50','2016-08-22 14:14:50'),(718,1,'90ZB2Fbuu1JBPOTo6tT62anJU59OwHUy','2016-08-22 18:55:59','2016-08-22 18:55:59'),(719,1,'OGOrOntYdjqq0MwaW2oZzHHPROwgoRnx','2016-08-23 15:57:43','2016-08-23 15:57:43'),(720,1,'KsDp2tk36V1p4zAqQsDBOwIklhj19IcP','2016-08-23 16:56:09','2016-08-23 16:56:09'),(723,1,'gY9sdZ9hnOZqKWRHAnTjtLdgKnuSDtX9','2016-08-23 19:20:56','2016-08-23 19:20:56'),(724,1,'kR80ghN0T1NO0uk3qcDeJkO75vNNs5Sb','2016-08-24 14:11:25','2016-08-24 14:11:25'),(725,1,'CxRPTFS2FldPlUKAKtLM98J2vsZgE0F8','2016-08-24 15:51:40','2016-08-24 15:51:40'),(726,1,'rbqlUxmtEmK9bUHYKhsULn5r2VV0LQEh','2016-08-25 14:36:34','2016-08-25 14:36:34'),(727,1,'B3CzmYmZSbeOQ8UFzCpcPrS48rinuPC7','2016-08-25 20:24:05','2016-08-25 20:24:05'),(728,1,'t6JO7B6cFHzzGSsn0TaoX2xxpTkWFG44','2016-08-25 20:27:07','2016-08-25 20:27:07'),(729,1,'RqlEKOr7o1ZZHRw5gk0RmJmsqzo6Rm2j','2016-08-25 20:58:05','2016-08-25 20:58:05'),(730,1,'cEheOMBPUdtHIdTF1fwDGo6WVJAxkcxi','2016-08-26 00:20:29','2016-08-26 00:20:29'),(731,1,'JDxzpdyrkWN0TIH08B69W9PVYjD8Cx9G','2016-08-26 01:07:21','2016-08-26 01:07:21'),(732,1,'iLgkiOwCINxPl9EeNQLcyZySQB6EH57b','2016-08-26 04:46:58','2016-08-26 04:46:58'),(733,1,'p6EhFmyLhR7JSChmD3k5CjK35zdcY4Y3','2016-08-26 14:28:14','2016-08-26 14:28:14'),(734,1,'QQv8AB8MBHbsQP4HH3kcAy28INd1Ecw2','2016-08-29 14:58:12','2016-08-29 14:58:12'),(735,1,'nsqPu1CFyyEDkgPlfjUAMTXXQLuvCVi5','2016-08-29 15:52:40','2016-08-29 15:52:40'),(736,1,'dBCUsx5YsitQXYAaH1oi4ITsBK1F7mGO','2016-08-29 23:16:30','2016-08-29 23:16:30'),(737,1,'XtTVaIs88fs5ZclqHkgDjkQBFrWqTg7D','2016-08-30 15:05:34','2016-08-30 15:05:34'),(738,1,'mW4bFNLQyiufO1ebRNfBMqJbemRHH2TI','2016-08-30 16:31:28','2016-08-30 16:31:28'),(739,1,'JShy1ih7OqKj1mwoviyDqXtD97M1gBN4','2016-08-30 19:13:33','2016-08-30 19:13:33'),(740,1,'hgOYMDozej98zXGxDTRWdGwfLnEXKczF','2016-08-30 19:46:48','2016-08-30 19:46:48'),(741,1,'kFg2UiqmnZF7MEGa1Ez1R7r8tNqxHhCw','2016-08-30 20:47:57','2016-08-30 20:47:57'),(742,1,'poQ9XT402pBgl2dHQ1VFQfGSxX40hUd5','2016-08-30 20:56:28','2016-08-30 20:56:28'),(743,1,'CeODQOIRSjTz7UWf9US6JwQx9u9snlLK','2016-08-30 23:28:25','2016-08-30 23:28:25'),(744,1,'3olyHnQwcFGY9alHAAPcnd63iqy4pUZj','2016-08-30 23:28:58','2016-08-30 23:28:58'),(745,1,'QiIFRx9ZGEJTh0uGuj9OWlOnwP5Px69W','2016-08-31 14:29:16','2016-08-31 14:29:16'),(746,1,'3H7gR21soOpMRrcTI0j83LckAhIeAddp','2016-08-31 16:57:21','2016-08-31 16:57:21'),(747,1,'bnQxijKuAIXm6jilBZnxzByQ7wJA4IJv','2016-08-31 17:05:54','2016-08-31 17:05:54'),(748,1,'fdpXIN1uk0xyXwagxmbhMKfNvVZLOzno','2016-08-31 20:23:55','2016-08-31 20:23:55'),(749,1,'r2D5vMqVGUHrfWWy1HvBJEDWdUTtu1Aq','2016-09-01 00:26:42','2016-09-01 00:26:42'),(751,1,'QwVOG9JWuFZN0XZ5qN8q6tggyekAhtUK','2016-09-01 19:01:48','2016-09-01 19:01:48'),(752,1,'HBKziOh4Zb3lq9kbmmm10RneeAH4ebFn','2016-09-01 19:41:37','2016-09-01 19:41:37'),(753,1,'JdNUnNh0RGbjA3hKAqpc5UevJzCIT2D8','2016-09-01 20:24:54','2016-09-01 20:24:54'),(754,1,'FXLK41o5AvPLlkdynKaUUqZCKUqxNj5t','2016-09-01 20:33:38','2016-09-01 20:33:38'),(755,1,'H4qOM031TeHXiDT1NOIPaUdhdQWR5DeB','2016-09-01 23:28:29','2016-09-01 23:28:29'),(756,1,'iqYNAJA0qSWvRnQ0CzoIPOvQsT13vmSR','2016-09-01 23:28:49','2016-09-01 23:28:49'),(757,1,'vmKYjFoccpqGODJlIDMG2sVL1s3YBVHC','2016-09-02 00:07:47','2016-09-02 00:07:47'),(758,1,'Y9acpoXcbcCYyGp9y6PxH4bj7SPUbi1F','2016-09-02 00:08:37','2016-09-02 00:08:37'),(759,1,'6Ohd5p9IzKIgMZV497kVhh536NfYHOHo','2016-09-02 00:11:44','2016-09-02 00:11:44'),(760,1,'ly79HkyvZcgtd7zsOVuXJnDsZNGPZ6RC','2016-09-02 00:13:53','2016-09-02 00:13:53'),(761,1,'JmY7H3QSAMIdbBmAMqv3KY7ytClcTGmJ','2016-09-02 01:02:37','2016-09-02 01:02:37'),(762,1,'sLeDDdHpQrpn8hI94pYgG0jgnIx0T9xV','2016-09-02 02:24:45','2016-09-02 02:24:45'),(763,1,'EvISlWmyBTKFK8jr05JDdxdbGNON3QMO','2016-09-02 13:42:54','2016-09-02 13:42:54'),(764,1,'jfZEK0fk405RLrDMG3DTyaMwaQ4W5kt5','2016-09-02 15:07:35','2016-09-02 15:07:35'),(765,1,'MDIMdeciX6Z41y3VAcUbaFOFnqIIgebG','2016-09-02 23:19:38','2016-09-02 23:19:38'),(766,1,'o5hB273T4u6BEvOHHgdr0XJyEy3goZYF','2016-09-03 03:02:56','2016-09-03 03:02:56'),(767,1,'f5AhSdDytTzkl5ST3LK3ob3TEFvbjIYx','2016-09-05 15:52:48','2016-09-05 15:52:48'),(768,1,'GjaEi2toabysVopRIdaJNQeAa3vqS1Sq','2016-09-05 16:44:23','2016-09-05 16:44:23'),(769,1,'rEQIC3f129jPKCUoYM3BcFzjhRH85xyB','2016-09-05 18:44:33','2016-09-05 18:44:33'),(770,1,'PzpS9Rep8g54XLzilEFTI3zAjljiJgmr','2016-09-05 18:46:49','2016-09-05 18:46:49'),(771,1,'m3A5K6mjG66m9AN9axcyXgWdQrLnydYS','2016-09-05 18:49:23','2016-09-05 18:49:23'),(772,1,'0jYJCsqARmhv3ZwfQKtrXR7CE0hZODry','2016-09-05 19:41:02','2016-09-05 19:41:02'),(773,1,'UF7x69PdwGEgwEp3OzZy3NBpkYEH4G0C','2016-09-06 04:06:19','2016-09-06 04:06:19'),(775,1,'JRobUFlNWxlG0XYvwqVtfQ5lDalXUJHS','2016-09-06 13:37:40','2016-09-06 13:37:40'),(785,1,'BV1aygnWNuDNadTkrBdgBGiL1LG4CGYX','2016-09-06 20:22:23','2016-09-06 20:22:23'),(786,1,'fx7NLqg2Z1yetJNfcqWyFgbIh4xqBb3X','2016-09-06 21:35:43','2016-09-06 21:35:43'),(787,1,'oT9mCmKbBQGUnnPBI7tyl2PT2zuurmrt','2016-09-06 21:49:25','2016-09-06 21:49:25'),(788,1,'eh1BFu3XIBONFnBUoHc81qCLd9aLsuZT','2016-09-06 23:14:58','2016-09-06 23:14:58'),(792,1,'3h4r29PyVa7Ii3Q9JkM9riJoTxF6Pyym','2016-09-07 22:29:07','2016-09-07 22:29:07'),(793,1,'ZXITEMAvYY9zjm9HMtxZomLkfkUzyQCG','2016-09-09 15:15:20','2016-09-09 15:15:20'),(794,1,'FmNJMmEL6NtC30HgdyAV38ECL3ps5CH3','2016-09-09 15:17:02','2016-09-09 15:17:02'),(795,1,'XqrgsteRtZ8cJjuL17nrVMygJiZKdHIp','2016-09-14 21:48:22','2016-09-14 21:48:22'),(798,13,'G0JMfjz11h3auE0lMCD7RtoL3q5kdn7D','2016-09-15 16:51:27','2016-09-15 16:51:27'),(799,1,'SUZYvhnnf2iV9tjyuorVfmvvKWuPXUnt','2016-09-19 17:07:30','2016-09-19 17:07:30'),(800,1,'ZXauTwzWUDTO1TOngn59wCaFindAFhsZ','2016-09-19 17:22:50','2016-09-19 17:22:50'),(802,1,'BfvoHI7Hhu72EmevqWAQPzte94B1Apjp','2016-09-20 22:25:03','2016-09-20 22:25:03'),(803,1,'xdYhHAy2SHdeqx503cj3aprSR23OIN3a','2016-09-21 13:51:09','2016-09-21 13:51:09'),(804,1,'rWoH8zY6tWbE8BspCs2xwWCWwySBo0wr','2016-09-21 16:27:28','2016-09-21 16:27:28'),(806,1,'eIHkPO868F0FCudNaL7UqG0bhVa5ChXZ','2017-01-26 22:16:55','2017-01-26 22:16:55'),(807,1,'cEg7gB8jx6jngNSQXnRum4fnA1u5r9m3','2017-01-27 21:08:48','2017-01-27 21:08:48'),(808,13,'hTjypc3qgwGBnnCbPzgjunkphqhGbJnl','2017-01-27 22:30:30','2017-01-27 22:30:30'),(809,1,'bfVvErRxelLIIjNwq8N2lR7Yr9JQ22ZR','2017-01-27 22:57:31','2017-01-27 22:57:31'),(810,1,'n62HMO9uqpsjkwJTQdltRVd2opHUHXK2','2017-01-30 14:48:43','2017-01-30 14:48:43'),(811,1,'hvvhSPNbMX97ZUmy5IK56hMmGpt4yYaJ','2017-01-30 15:21:41','2017-01-30 15:21:41'),(812,1,'9SydjRm9dzcguYnPAifMFLMH8yj7gVOE','2017-01-30 16:29:27','2017-01-30 16:29:27'),(813,1,'87A0grHEbZIHzpzsk6JjX6w1ToIw0vjB','2017-01-30 16:32:48','2017-01-30 16:32:48'),(814,1,'mQ3nuIcLBNRLGhKOFq3NRdo7xr1uKHC6','2017-01-30 16:45:16','2017-01-30 16:45:16'),(815,1,'YqZ8RNgteHrJ5CGzsdtSt1sBvI3ILQtc','2017-01-30 22:42:30','2017-01-30 22:42:30'),(818,1,'szMVEbakXjtbwsbsjE03saFLs3XQwm9S','2017-01-31 16:38:53','2017-01-31 16:38:53'),(823,13,'rrWbznodfIkFpLYWKmomSh5Gj8kkmGq8','2017-02-01 22:41:38','2017-02-01 22:41:38'),(825,13,'muTdljEXBDX3lx4U7IQ1OerrrpgFhaXD','2017-02-02 14:58:15','2017-02-02 14:58:15'),(826,13,'uGJgUR7y01rmcWL2uUNr9fgeVCI5ytRj','2017-02-02 16:55:58','2017-02-02 16:55:58'),(827,13,'wgz1TF6UDGTCVONpFirmxTnXlo06VuBp','2017-02-06 15:23:26','2017-02-06 15:23:26'),(828,13,'4qkMpKbWLzG1hYc3Ttw4KIIxcXj7TS7I','2017-02-06 16:52:29','2017-02-06 16:52:29'),(833,1,'hiAxy9lXtH8NR3XRWjgQ0FKLHAhgC0CH','2017-02-07 16:17:41','2017-02-07 16:17:41'),(834,1,'EvRiHwGjp3GpPGmWsEDZiZZYYqYdN5jV','2017-02-07 23:17:10','2017-02-07 23:17:10'),(837,1,'k9R5ux85CPsS64xceN7UpuPd3uKYoZcI','2017-02-08 07:23:22','2017-02-08 07:23:22'),(838,1,'8R3Z0SZAiMmwBtrfaJLQsiBsQqNuJRx7','2017-02-08 07:25:57','2017-02-08 07:25:57'),(839,1,'I1MTT6JcXN3S5C752OPmm2f0mfiMzmUe','2017-02-08 08:19:50','2017-02-08 08:19:50'),(841,1,'Ba0g1LM7aVu5PhjooTO8UKOGpJtR5wxK','2017-02-08 11:01:47','2017-02-08 11:01:47'),(845,1,'EHbMoWe9NZI7QX8enr4JTkpEh0sHHfEs','2017-02-08 13:54:31','2017-02-08 13:54:31'),(846,1,'wXw7XmpEoKF1v7guplF9bhvtyaUYSew7','2017-02-08 14:54:02','2017-02-08 14:54:02'),(847,1,'4FZDU9UFeCptSfWxdKXgMXhPxaAAKLIP','2017-02-08 14:58:03','2017-02-08 14:58:03'),(848,1,'8mfdLlgTcijoE4IvFBTlZp4locy2ZrkF','2017-02-08 15:19:02','2017-02-08 15:19:02'),(849,1,'Wb2VxjGlSCUw04X1it70C2yiQC8YgnD4','2017-02-09 00:08:01','2017-02-09 00:08:01'),(851,1,'ns9QuKE7fRVHvJNcH0m3isMCIw5OeZa2','2017-02-09 01:08:50','2017-02-09 01:08:50'),(852,1,'OdoGLkxuHiy4vjmUDLgfoDOwcUJpUrEe','2017-02-09 01:56:56','2017-02-09 01:56:56'),(853,1,'VD6emEryLegmmP80NQY9mPZJyR3RYCgs','2017-02-09 02:15:15','2017-02-09 02:15:15'),(854,1,'RnjY6sq3uCDxZwMTS7a10XC2mZXbB1ux','2017-02-09 07:35:40','2017-02-09 07:35:40'),(855,1,'yEt5DG0NCSMHXRda2yRRFObZRevSGSB8','2017-02-09 07:50:45','2017-02-09 07:50:45'),(856,1,'GVRp1XafJ1HBtVcKMEdI4sYlVTpwYA8D','2017-02-09 17:32:05','2017-02-09 17:32:05'),(857,1,'MoSlkTRCtaKs3p6CNSERY2DNnfZfRG0Y','2017-02-13 15:00:59','2017-02-13 15:00:59'),(859,1835,'G4RlQ80hIjaCPo4QqwqDl6VGTqh0BNQ1','2017-02-14 05:56:29','2017-02-14 05:56:29'),(860,1,'rbo6b1962Oq01T6RvhcANqK9pyqdEX5j','2017-02-14 06:29:50','2017-02-14 06:29:50'),(861,11,'X9miICMP6ulJkwd0HDAT5HSFzQJtG1T2','2017-02-14 08:56:12','2017-02-14 08:56:12'),(862,1,'4hgPxncGy4c7M1MamN5CWhDTixJ8e3JM','2017-02-14 11:22:17','2017-02-14 11:22:17'),(863,1,'YMJztyU1uuXnacrfNkEsLXIiGMlwxY6Y','2017-02-15 02:06:24','2017-02-15 02:06:24'),(864,1,'tKKm2zPMBSkWgiB8ArMUFwWp8DqFF3SL','2017-02-15 02:20:53','2017-02-15 02:20:53'),(866,1,'WVdVRNXSdSAi4sNsjWfUJUVHDtGIxXc7','2017-02-16 03:53:04','2017-02-16 03:53:04'),(867,1,'x2bXLHHJpnp48kZFRLdQ1j090mAiQ0fA','2017-02-16 10:54:00','2017-02-16 10:54:00'),(868,1,'K2gglTeumY6CY7wX5lyhLIWwv7GcjyKK','2017-02-17 05:08:16','2017-02-17 05:08:16'),(869,1,'n0lfQTCIU00C1spAszOxt5HFr8icGver','2017-02-18 11:03:50','2017-02-18 11:03:50'),(870,1,'O9In54szkeAZjM9Zwd7Qbt9v04BlcIrj','2017-02-18 11:32:25','2017-02-18 11:32:25'),(871,1,'JIzz1nQ8yVUmZro1gzVAL1RdB7PVsNTN','2017-02-21 02:46:09','2017-02-21 02:46:09'),(872,1,'xzSBwyb3GGI9jKJ4zopDEd2OfkP1iDIh','2017-02-22 05:48:01','2017-02-22 05:48:01'),(873,1,'3JzIMUM4NkeFd3QtkFU4Pz1qBbhmKfPl','2017-02-22 06:47:00','2017-02-22 06:47:00'),(874,1,'SrmzaLXLEGMPuHzs37JquMxHpMtjV9Vx','2017-02-22 09:03:51','2017-02-22 09:03:51'),(875,1,'rcaE6KDvaQQZjCow7X3xo6KeU1gei9Ro','2017-02-22 09:11:22','2017-02-22 09:11:22'),(876,1,'LTz1oMGyi9Xbrmr98W7p201QJxdLDZYT','2017-02-22 09:28:52','2017-02-22 09:28:52'),(877,1,'RvcBe6fHcq6EeFFXRMH8adOFnFs1Dnk3','2017-02-23 02:26:25','2017-02-23 02:26:25'),(878,1,'Z4Ysvw23DDOBQ9L2Cbkpue5oqiaIGAfT','2017-02-23 11:13:20','2017-02-23 11:13:20'),(879,1,'WmBC54NLpZV8rz3voern71IAgDwrd3zt','2017-02-23 11:36:25','2017-02-23 11:36:25'),(880,1,'RI4KSgkm4vQk47QxJj0kAnfBgxlNUJLI','2017-02-23 14:35:33','2017-02-23 14:35:33'),(881,1,'C9n2wsothbmBcHcJL6MTlgrg2JHVPOYX','2017-02-24 03:18:12','2017-02-24 03:18:12'),(883,2037,'tnag1Lx3A5Djdpi5nWT8Mi8AY7lHveOh','2017-02-24 03:24:34','2017-02-24 03:24:34'),(888,1,'k3bl3YLO1L39RSSoNL2Hkxnu08EJU2Kn','2017-02-24 06:06:06','2017-02-24 06:06:06'),(890,2037,'kgM0oo8oRMEW0RJD3sOCIrJkybpHUvK3','2017-02-24 06:31:37','2017-02-24 06:31:37'),(891,1,'9u6r2Deelkjv6ELrz5PmAeP5LmW5FcUa','2017-02-24 08:45:08','2017-02-24 08:45:08'),(892,2037,'H2V82IzYCpf9w4HRKIvL64TG1x8SMAQp','2017-02-24 08:45:50','2017-02-24 08:45:50'),(893,1,'DnB7d7MDRUAcgcuPhj5hZrQ416U7qgG1','2017-02-25 05:32:08','2017-02-25 05:32:08'),(896,1,'eudbL0vtpUkDODPebqszZhIB8o6bh5no','2017-02-28 12:24:49','2017-02-28 12:24:49'),(901,1,'821vQnAS3ARe1r51fQLQULaQNJJbLxUG','2017-03-01 07:57:39','2017-03-01 07:57:39'),(902,1,'eMoL0NJMXTaH50UiRIrZZkwBfN3nhSnp','2017-03-08 04:23:00','2017-03-08 04:23:00'),(903,1,'6wn5B0mkkFpIVsbTDFN4dYJmg5axtKpN','2017-03-11 04:48:41','2017-03-11 04:48:41'),(904,1,'LH2oRVtNtV8vafTg8b2SqaX1w4jzus0p','2017-03-13 02:14:16','2017-03-13 02:14:16'),(906,1,'MHRa8MYdaKYG7reLsGwBu9mujHFCnLsT','2017-03-21 08:05:43','2017-03-21 08:05:43'),(907,1,'OPKQ8k8EcS0uTCM17Q4oW7W9ThbDUvNu','2017-03-21 09:33:02','2017-03-21 09:33:02'),(908,1,'MiRD0YVl6n1kEN1r3J8HHjIsLC3ipDxa','2017-03-22 01:05:02','2017-03-22 01:05:02'),(909,1,'k3Ivr4TakkqOfO7HIY8lvIJ6ZslCW8YO','2017-03-22 04:07:01','2017-03-22 04:07:01'),(916,1,'iHFrGoELRkhO9b0Ojw3PYvnr6epgTVxU','2017-03-23 03:31:12','2017-03-23 03:31:12'),(918,1,'S95zrzQzwSwvRlNaHxi3mgkrScvSu1Py','2017-03-23 04:02:48','2017-03-23 04:02:48'),(919,1,'3HAdEl92kJfqpo48VoKD5P60LKyWc9Fx','2017-03-23 06:07:55','2017-03-23 06:07:55'),(931,1,'8YlVxu6isWWJ64a8lMkkeA91nw41aio3','2017-03-24 04:49:21','2017-03-24 04:49:21'),(934,2024,'TPw9KltlyfV3PkNyzo6yckpBOQY8xsYR','2017-03-24 05:18:54','2017-03-24 05:18:54'),(940,1999,'ybHDKl3P9ScVzWu4g6GwapI1IZ4WibwB','2017-03-24 09:20:20','2017-03-24 09:20:20'),(942,1992,'a0q9FmAETt1pRDlFTUXuhSZa7SMSGpIc','2017-03-25 00:49:53','2017-03-25 00:49:53'),(951,1990,'RRFeDqPkUhpDJ9jMznOmaH0vlgYzlqEU','2017-03-25 01:51:35','2017-03-25 01:51:35'),(954,1169,'FI8SLL9Vw57eZ0SPiELSz9LFLAyN2ZiP','2017-03-25 02:39:06','2017-03-25 02:39:06'),(955,1,'jkQwjDB0x5uO0JdfznCo5t2XaOZdCNEF','2017-03-25 02:49:34','2017-03-25 02:49:34'),(963,1169,'4mPyHjLI3RWQZJXUOmJv0ZJkbmCRP4UR','2017-03-25 11:15:50','2017-03-25 11:15:50'),(964,1169,'NePVKRg9I6to5Ul62F9lPXWn8rwbQbRm','2017-03-25 11:17:56','2017-03-25 11:17:56'),(965,1990,'DrnGJXtcbGAzGsUHyfLJnlMlZHDQkmLZ','2017-03-26 13:04:50','2017-03-26 13:04:50'),(967,1169,'uYPkJ5J7b9tIuNgZRPZZXCL3Qu5rj5AY','2017-03-28 04:04:23','2017-03-28 04:04:23'),(968,1990,'1KSHkiIUIlNdEeVzhHoClXrxHDqiUsKH','2017-03-28 04:56:15','2017-03-28 04:56:15'),(969,1169,'h7flxYRZcfhyI0DLYKlWGfvh5cNv3OFi','2017-03-28 05:46:54','2017-03-28 05:46:54'),(970,1990,'A2GVBZaaHPvqAkXKRKzPnKCJcIpYbckT','2017-03-29 02:28:06','2017-03-29 02:28:06'),(971,1169,'Zk1jWPNYvYLMTzwOAEtwcJNa9Wb25nCw','2017-03-29 04:16:28','2017-03-29 04:16:28'),(972,1169,'19kvNcokdk8q2h8o1x3U7FSqBroAXifg','2017-03-30 01:21:16','2017-03-30 01:21:16'),(973,2037,'SPK5PqliFXV2CUOFZ31ssa5DfvA6HxUn','2017-03-30 07:40:15','2017-03-30 07:40:15'),(974,2037,'UfWjYwawpr60BrxAYW9pI30zKb219DRK','2017-03-30 08:39:32','2017-03-30 08:39:32'),(975,101,'ELwdY2Vd3KceFynG7ja0TMl5EbbWkgeW','2017-03-31 00:13:55','2017-03-31 00:13:55'),(977,1,'eYohA4kf09wDnWZYx9WjUcIzAbFUmtFj','2017-03-31 06:25:35','2017-03-31 06:25:35'),(979,1,'Hs228Z1FGsxkHYun09MJrds5oCOU5kQT','2017-03-31 12:50:09','2017-03-31 12:50:09'),(982,1,'2ymbZgNSqh0VeFgycwcQM1r6RIbySyHp','2017-03-31 12:56:02','2017-03-31 12:56:02'),(983,1,'bm55C8AzcTf14V0qeae8YpEJNla0TQ66','2017-03-31 12:56:02','2017-03-31 12:56:02'),(984,1,'Fl2dkb5rlDm2qyDNkMAxzsdlsMhVXu27','2017-03-31 13:03:09','2017-03-31 13:03:09'),(988,2025,'CMExycADqo7rDnx5IWjVkBlkrbu2pHlh','2017-04-01 03:16:49','2017-04-01 03:16:49'),(989,1,'zHbwHTQlkBQ8ISCgprKRY8XclscpJXmm','2017-04-01 03:44:39','2017-04-01 03:44:39'),(990,1,'rnvPLMkA2DaodzzXJz0b0CSQo23kzdiH','2017-04-01 06:41:55','2017-04-01 06:41:55'),(994,2113,'r3t9nqSsETGBxfQH8s6EMiho9DwS3MCA','2017-04-04 03:19:47','2017-04-04 03:19:47'),(996,2113,'jOvlJYKCZR4f5YNrJJPBV6RTXAqx3Ssk','2017-04-05 06:13:19','2017-04-05 06:13:19'),(999,2113,'JEDHrZPWDsdOq83RPuYTag38EMfUMwAt','2017-04-06 07:36:48','2017-04-06 07:36:48'),(1001,2025,'eLqGa3kxHeyTdoiAJtqMCzhccZvYYHyt','2017-04-08 21:45:16','2017-04-08 21:45:16'),(1002,1,'DyfVvor9h406EgwfXvqDq4OLahkO2IoA','2017-04-08 22:00:38','2017-04-08 22:00:38'),(1003,2406,'DOmJlspZvP2RsFJtS4UQRHrcNpnOTH1j','2017-04-08 22:58:57','2017-04-08 22:58:57'),(1004,2406,'iLUR9Uw0IOJg0z2tzFfXcoHohlIYLFJ1','2017-04-08 22:59:40','2017-04-08 22:59:40'),(1005,2406,'vGgwhoeZPVRjUz5hUrRuLcYq5s3lE1pK','2017-04-21 21:37:32','2017-04-21 21:37:32'),(1007,2406,'cPktohFo2sm8CKRpVKQUcADPh0wSmZmx','2017-04-21 21:48:27','2017-04-21 21:48:27'),(1008,1992,'gCWs22s6AnYlrr07lWrrp1eYwjDbq2Wa','2017-04-22 04:26:25','2017-04-22 04:26:25'),(1009,2025,'78G4INSjFL519hROD7BpDossRJXWFlDW','2017-04-23 04:23:13','2017-04-23 04:23:13'),(1010,2025,'ErrrMyFPk7n00zZn1ieGudvKiK2KssCp','2017-04-23 06:25:45','2017-04-23 06:25:45'),(1012,1992,'OIFWD0TzZN2THtMJZNCyTqw4EROipZVg','2017-04-24 03:12:01','2017-04-24 03:12:01'),(1019,1,'M6XUFruJ8nRbJDAAukKEr19o9sSjIyXG','2017-04-26 03:44:21','2017-04-26 03:44:21'),(1020,1,'lvTQZiE0rU4KtqffeB2u5SRfgvYSjTkf','2017-04-27 00:53:22','2017-04-27 00:53:22'),(1021,1,'RDqadaFETB1MajaAU8PZ54RrV9Yv8Aks','2017-04-27 12:54:50','2017-04-27 12:54:50'),(1023,1990,'tT8IzVdBknkoTpgXNEWgQ6ZqfToCDTWP','2017-04-28 11:10:09','2017-04-28 11:10:09'),(1024,1,'MH9wXSmJK7oKk1yyre4m31TUxPbxsBmP','2017-04-28 13:39:28','2017-04-28 13:39:28'),(1026,1,'Dy0Gl9sKG03alTKxqjx1nOh0OzcmnBKK','2017-04-28 23:30:56','2017-04-28 23:30:56'),(1027,1,'d0XHlK4BwkGal0FhbpZCQDpQ0Vrs9eMB','2017-04-29 02:21:05','2017-04-29 02:21:05'),(1029,1,'g5PUbVBCmU9dPKfzQPlR8mbguPmwQfPp','2017-04-29 11:23:35','2017-04-29 11:23:35'),(1031,1993,'bF6DxoF7HBnUzNwDrS0ZhWuckM6zsyM1','2017-05-03 01:52:42','2017-05-03 01:52:42'),(1032,222,'CQ7WVUwL7srOxD1DYWDuldI8nUSfDdOz','2017-05-04 16:08:33','2017-05-04 16:08:33'),(1033,1999,'ikbTOTj6XSnOYA2bMIQNnXnnAeUJscDV','2017-05-05 02:08:44','2017-05-05 02:08:44'),(1034,1,'Y9Gh9uRT8RMWodN5VZGJSFlEKkI1QUjY','2017-05-05 02:12:36','2017-05-05 02:12:36'),(1035,1,'lTq6iUCH78QDpqsNwOpxwCtFjoxapCof','2017-05-05 04:35:04','2017-05-05 04:35:04'),(1039,1,'hCNjfeD3n28YooNHgYjkD8XvLSQUxcnz','2017-05-06 05:00:00','2017-05-06 05:00:00'),(1041,1,'wHvPSNYly1VwDq5BXXb07xM1YvZjXVoQ','2017-05-06 06:05:15','2017-05-06 06:05:15'),(1042,1,'6spvWdPJDDxTxZyyy3La5UQ0ei0eEDNe','2017-05-06 06:13:42','2017-05-06 06:13:42'),(1044,1,'4mk90wclXkT0bsfbude2WzvvJVKpgUVf','2017-05-08 08:48:18','2017-05-08 08:48:18'),(1048,1,'X7seiRc3J27Jap7DeWCATx2dIHA4tMSb','2017-05-08 21:04:02','2017-05-08 21:04:02'),(1049,1,'XcP7SHLs6Lv8x4sGYGnlu7lQ6AadXw2O','2017-05-09 00:40:53','2017-05-09 00:40:53'),(1051,1,'EniWsMh6YdbNgnBYpQOsBnRU8oK2Y0R7','2017-05-09 01:17:25','2017-05-09 01:17:25'),(1054,1,'FX5WSc9n2W2bAKBlUb99dN5bWxVVlt9l','2017-05-09 01:59:36','2017-05-09 01:59:36'),(1055,1,'KOFyxIA7kwEFuc5VAiEScTMszKJoDo62','2017-05-09 03:11:49','2017-05-09 03:11:49'),(1056,1,'9PwHYxgsQjvyuk2YPAeWkvlUbKyFNvv4','2017-05-09 04:05:50','2017-05-09 04:05:50'),(1060,1,'w0RI6ZDSCoJuNmh6fyJb3FDioDlryVr1','2017-05-09 04:47:25','2017-05-09 04:47:25'),(1061,1,'fRijLSVDFOB3BoNlYXNL9cxoOcXVCr09','2017-05-09 05:47:00','2017-05-09 05:47:00'),(1062,1,'q1Zjf1mjmVehjFFWztYm7wEiDNyRietq','2017-05-09 14:41:06','2017-05-09 14:41:06'),(1063,1,'4d3BiHpukGLOg5kjW06pGphAzMMIMkaL','2017-05-10 00:58:52','2017-05-10 00:58:52'),(1064,1992,'vuWRfyh5suNUDj9PUfyufbzurwLPJhZ1','2017-05-11 03:27:09','2017-05-11 03:27:09'),(1065,1992,'UAyPj4gcXpRA0dJWy0vjuAgni2J7sIR8','2017-05-11 05:13:48','2017-05-11 05:13:48'),(1066,1992,'RhModm3eQLj0A32OSugMu7HVjR9YWHKm','2017-05-11 10:42:54','2017-05-11 10:42:54'),(1068,1,'JoJTid6kXScN7cDDa9c2Kpr5KY75S3Pr','2017-05-12 10:35:33','2017-05-12 10:35:33'),(1069,1,'4dANYn9m07B0dfEwJBdwHGiguEEs4dAH','2017-05-12 14:32:29','2017-05-12 14:32:29'),(1079,2024,'p1fohB2yFB86E1biwgBnIHDHagA9tBjz','2017-05-13 03:03:56','2017-05-13 03:03:56'),(1082,3047,'Pe632W0wzJTCDteCWboACmPmFDJ7bZqJ','2017-05-13 04:22:59','2017-05-13 04:22:59'),(1083,2025,'26gveWrSRHVQzZxwWtVgPVQiFyYHigIe','2017-05-17 03:37:31','2017-05-17 03:37:31'),(1084,1,'bkwhVkAJs59lN3NOSRlJkQEp911sJuFp','2017-05-18 02:51:02','2017-05-18 02:51:02'),(1085,1992,'71XCIrAM0BQSd027YZafdZnBcpw6yjPO','2017-05-18 08:59:37','2017-05-18 08:59:37'),(1086,1,'8SXYJ1FiGsfvVDmW8R3oifyIJtgd9XIR','2017-05-18 10:58:03','2017-05-18 10:58:03'),(1089,2113,'XvJ0aeftqCzZy6GFRLDSV2jY5HbnC3nt','2017-05-19 01:30:53','2017-05-19 01:30:53'),(1091,3061,'iVjrHsO7vbDlyVfgEjdbUNABR7x9ykUR','2017-05-19 02:10:57','2017-05-19 02:10:57'),(1092,3061,'WsaJ8QoSnKl3A9o2lNGDXTtTIxEqNgFP','2017-05-21 09:20:04','2017-05-21 09:20:04'),(1095,3061,'MXWlmrrdzWyWYurZ6go0XBxC5VDlVzp3','2017-05-21 09:28:39','2017-05-21 09:28:39'),(1098,1,'m6JMBDd8z2zyx69s5zyxrqsxBgbgjuVt','2017-05-25 23:17:49','2017-05-25 23:17:49'),(1106,1,'5lcLjTB1M6KsI9HAJK2waOXpuIzdr72p','2017-05-26 02:05:53','2017-05-26 02:05:53'),(1116,1,'aonbVXWxD2rVt7dnqajyMTrnHt4FgWYt','2017-05-26 08:02:26','2017-05-26 08:02:26'),(1119,2822,'k4cHxOa5xNucYy8wCh38zMhwGhvyxFqc','2017-05-26 08:05:15','2017-05-26 08:05:15'),(1120,1992,'JBVZJbzuVQFSIP6GwnpAl7ZADUXko5Ru','2017-05-28 00:30:42','2017-05-28 00:30:42'),(1121,2007,'t0wbVLoFIJsSZothkeIvfNgXK5Z2wTg6','2017-06-01 07:40:27','2017-06-01 07:40:27'),(1122,2007,'UyrC5PVfP0BtMTLGwqUbakaLdgCAVi65','2017-06-01 07:40:27','2017-06-01 07:40:27'),(1124,1998,'Q2ovzTb0RcvTb7RQ9PyHNc0OjKJ6sjnH','2017-06-01 07:48:13','2017-06-01 07:48:13'),(1125,1992,'GkoKkzZpdicxdw4EQsC9ZzJcierRLoIm','2017-06-02 10:53:29','2017-06-02 10:53:29'),(1126,1,'KlRXwfCITJD6MerN09sQ7AGtLUzwnhRC','2017-06-16 07:04:14','2017-06-16 07:04:14'),(1128,1992,'ndYHK60b1z9GBaFyAa7Brnkm33p5NWe4','2017-06-20 07:02:19','2017-06-20 07:02:19'),(1129,1,'6UatwosohYfAbLt69Bun9jMoeFQiXtOq','2017-06-20 07:02:25','2017-06-20 07:02:25'),(1130,1,'t29R2wCpG0dvoSDyQV61OjakYUI044CF','2017-06-20 09:08:58','2017-06-20 09:08:58'),(1131,1,'eG8wz4MDYXp1rkJY1g6k463VBB5BQAic','2017-06-21 00:46:56','2017-06-21 00:46:56'),(1133,1,'NEvGr34ms5R8q7eJwB1A6l8DUxU7KoiR','2017-06-22 06:05:31','2017-06-22 06:05:31'),(1134,2007,'OUWK1ALCxuP4gkcERMJ3cIIR9gRce7GI','2017-07-02 12:15:19','2017-07-02 12:15:19'),(1135,1,'YcQS1fRRKyQvMYLs2BaxNLJiWdqTyb5Q','2017-07-12 01:48:05','2017-07-12 01:48:05'),(1136,1,'07lgmstJ4jK6z4vJO9HgGVjFlJlRDiKe','2017-07-13 02:52:19','2017-07-13 02:52:19'),(1137,1,'3G2dLGFDzZdbXGcNuXNsXOAhx5G4b4fH','2017-07-15 16:34:55','2017-07-15 16:34:55'),(1138,1,'Q0z22MKDBfe66lwf7r2vH6I6ZXdIOeC7','2017-07-18 06:48:38','2017-07-18 06:48:38'),(1139,1,'MxHfVUfEfZdoZqGsf7rqa7JzNg1C6qmC','2017-07-20 06:27:02','2017-07-20 06:27:02'),(1140,1,'snhKKBLpprhVHa6SXhe6cEjwhUydJuql','2017-07-21 02:45:29','2017-07-21 02:45:29'),(1142,1,'DTE0TktL0L7URimuQBML9qbO5AkCtCF8','2017-07-21 19:08:20','2017-07-21 19:08:20'),(1143,1,'uOrani3JLRW5ZR2w1whwj2dZsKVDoPX8','2017-07-21 19:13:01','2017-07-21 19:13:01'),(1144,1,'1WJcGSx7TvE8GifNbmZE4g11UoAGDEag','2017-07-21 19:16:10','2017-07-21 19:16:10'),(1145,1,'MTC1vBvkakd6hLPdYeGLCTkREAoZwSlJ','2017-07-21 23:00:47','2017-07-21 23:00:47'),(1146,1,'3I91p9hrLPQZf7C4sslvHx5SzLBKqnoD','2017-07-21 23:10:43','2017-07-21 23:10:43'),(1149,1,'NrLuwqjupocbRwTkf3LSy50zOiu7BxFU','2017-07-23 21:17:52','2017-07-23 21:17:52'),(1150,1,'CwC9urAyJN8PSFKJsubPfpleLwCVtuHg','2017-07-24 01:58:13','2017-07-24 01:58:13'),(1152,2025,'JAXIRPJWWECJvUEDuLzWNC4oSKtjwPEk','2017-07-24 14:54:14','2017-07-24 14:54:14'),(1153,2025,'LOYiErYG8sxCfYkbYzDvJFVu70jvUGk6','2017-07-24 15:33:52','2017-07-24 15:33:52'),(1154,1,'jLIKAsszlom7MegJdKQsg5NbUkq5GIXC','2017-07-24 15:35:36','2017-07-24 15:35:36'),(1155,2007,'Y6F1HEFXn7j1JDzIRTfTOfal2yklURkZ','2017-07-27 14:32:22','2017-07-27 14:32:22'),(1162,1999,'3kA9N7nMbRZ0U9Xu4BiMGGezssO5guh6','2017-08-17 19:43:33','2017-08-17 19:43:33'),(1164,1,'NalW3j9if3ymuvqHiNiinfrQP4bQimuF','2017-08-17 19:53:13','2017-08-17 19:53:13'),(1170,1,'H4KDMpznheOUpSlUOpPG3rXp9Ep1n9k6','2017-08-17 20:09:36','2017-08-17 20:09:36'),(1171,1,'dr9uY3B2Dl7TVGftfaE85IsK8n8SnDk2','2017-08-18 15:50:28','2017-08-18 15:50:28'),(1172,1,'Y9IKbL3p6Fk46wwDUDgMknFvQqbr5Y2k','2017-08-18 16:07:40','2017-08-18 16:07:40'),(1179,1330,'wXTPEt3uzCCpGscg8EdPTLY4HwbXfheL','2017-08-18 21:01:28','2017-08-18 21:01:28'),(1182,2037,'RurtikAOVe4Y6IuhQXeSkQESPgmsyqCA','2017-08-20 03:42:42','2017-08-20 03:42:42'),(1183,1,'BHtzNGiBG69s7fY9EX58dli53qdqnRKR','2017-08-21 00:17:32','2017-08-21 00:17:32'),(1184,1,'0gJfvreAgDgk6BL3zAJgoPlEwGQ24oz9','2017-08-21 15:07:07','2017-08-21 15:07:07'),(1185,1992,'S35ADZDxxzUCIEKujb2Vv5z9NcscFud6','2017-08-21 15:28:20','2017-08-21 15:28:20'),(1192,93,'Z9kQNXYhC6qcBXBpNw2uUZmmao62NRjW','2017-08-21 15:42:57','2017-08-21 15:42:57'),(1193,215,'wiDyhQFlzWkcr1T1cHlXaaUS2daQrXbu','2017-08-21 15:43:00','2017-08-21 15:43:00'),(1194,1999,'7k5PwuuBG0bNonSoZZTCb5fE1bmK2svK','2017-08-21 15:43:00','2017-08-21 15:43:00'),(1195,182,'9rEEAGrHL8lVTRFE8j0gA43lHQ9MhQDC','2017-08-21 15:43:18','2017-08-21 15:43:18'),(1196,90,'XHV2MqmAVm55o5CLQtJQdTCptWvxoaZ8','2017-08-21 15:43:30','2017-08-21 15:43:30'),(1197,90,'J5sHXLGWw2CNUjqdkfiEMGCMeiJb7nW5','2017-08-21 15:43:33','2017-08-21 15:43:33'),(1198,90,'MkhKCru49yQUC3wPp0VEhvvPSJO3AGBc','2017-08-21 15:43:35','2017-08-21 15:43:35'),(1199,17,'RkdWWdCjiMOxsDEdjgrB6Yv25UsSUL99','2017-08-21 15:45:05','2017-08-21 15:45:05'),(1200,1,'kjqZHyFTtua4WbZIw6Guql5kP3qxmPPM','2017-08-21 15:52:54','2017-08-21 15:52:54'),(1201,1,'RdQlVwTMd8cps2CH65xupH9bmyWi5Ha3','2017-08-30 14:47:27','2017-08-30 14:47:27'),(1202,1,'JVK1pKAlxxiVzPlHhJvVO7TmdwscRZ0T','2017-08-30 16:03:35','2017-08-30 16:03:35'),(1204,1,'zmhr9nBGbH5Bw8e2yqItO41ylpYmcdOP','2017-09-26 17:22:25','2017-09-26 17:22:25'),(1205,1,'j1tdRuAjhSgDIZXkeUn2hS8fQnGQoZBS','2017-09-26 17:31:53','2017-09-26 17:31:53'),(1207,1,'tCtGM03il6p8FJvuLWsGX6oQSujLQUn8','2017-09-26 17:53:12','2017-09-26 17:53:12'),(1208,1999,'DOdsLQksEqsdQAFxBU4Qa4yKPP4yEQll','2017-09-26 17:53:51','2017-09-26 17:53:51'),(1209,1,'j9m0QW06kxZqM1mus7B3Dy6qV0orufut','2017-09-26 18:07:30','2017-09-26 18:07:30'),(1211,1,'EepzJQkCyzkPjCXNhT4jQiXAO0V1OrUR','2017-09-27 03:10:02','2017-09-27 03:10:02'),(1216,1999,'Xw5SXbiJo1KnNlYfQObcdfaX3S9lngww','2017-09-27 15:48:20','2017-09-27 15:48:20'),(1218,2126,'wjW2exSJmUo47V2HHi9QVxCCrHtqkj8R','2017-09-27 16:01:14','2017-09-27 16:01:14'),(1223,29,'IGQ9F8Ro7x6w7pWx8qWeristOnfAD0Zv','2017-09-27 17:11:02','2017-09-27 17:11:02'),(1228,3361,'ZeQ6OB0iPWLy5WQRWqu1JuvU0Os0WpYn','2017-09-27 17:18:59','2017-09-27 17:18:59'),(1231,2347,'d0E6VQqqyZgnUurceaXBADny53Bo4kQG','2017-09-27 17:23:59','2017-09-27 17:23:59'),(1233,2060,'IGoDTqeMkM2Y98pWc7VxRt72UYQgBVtY','2017-09-27 17:25:23','2017-09-27 17:25:23'),(1235,2303,'mZ2F6AOrZ8xrtPFf1KFBWo3K3XUABrGT','2017-09-27 17:26:45','2017-09-27 17:26:45'),(1236,1509,'fRwwFn4fxyO2vXVVCWz65Q53J7y2yEG9','2017-09-27 17:26:47','2017-09-27 17:26:47'),(1239,2299,'ebG9k6qDMyxsOixTIOwLCosqjIM7HfKc','2017-09-27 17:28:51','2017-09-27 17:28:51'),(1240,1446,'NG5iZb1pXsXrkoQKTmdXCabVSNh0SAtK','2017-09-27 17:29:59','2017-09-27 17:29:59'),(1243,2343,'0RgjVQkiMLcrBHDgFOXnT7zQZzRyKC5b','2017-09-27 17:56:08','2017-09-27 17:56:08'),(1244,1,'Dy5rEqqDl4fAMYkz5w8VKvqHXQC9qvZj','2017-09-27 17:56:53','2017-09-27 17:56:53'),(1247,2346,'VbGrt2wM6VMzUwNzsFdpx12JXcEt81vM','2017-09-27 18:29:38','2017-09-27 18:29:38'),(1249,2283,'EJzDhIiOkL8p1HnZy6m9YAgcxzeZuKqJ','2017-09-27 18:34:25','2017-09-27 18:34:25'),(1250,1446,'vKm94g1cRXfK9n3vBuy22zyU0EArp3Nu','2017-09-27 18:34:49','2017-09-27 18:34:49'),(1251,32,'oZeOP89WaKrJyFKS9EZCCUJYoUPrnGKH','2017-09-27 18:51:49','2017-09-27 18:51:49'),(1252,1509,'vPbrtQuoq7k96kmBwiy7ox5kuOQ6g8HU','2017-09-27 19:25:38','2017-09-27 19:25:38'),(1254,2060,'SpRytUVmWivffgYiWKzwZxAO822D27rH','2017-09-27 20:52:55','2017-09-27 20:52:55'),(1255,1,'PlLD9Yecok7dUE29xYeBOWq3cb5JlZIe','2017-09-27 21:09:44','2017-09-27 21:09:44'),(1256,93,'c7SIf5nqQPeOuoRKMIOvX7LTvHobneAl','2017-09-27 21:35:36','2017-09-27 21:35:36'),(1257,2007,'7brm3ptH1LSVDyz2wSY4Bp72yE8tMEo7','2017-09-27 21:38:51','2017-09-27 21:38:51'),(1258,1,'swljwoIu9PWAPNyaClz80q46RMyKxz2p','2017-09-27 22:11:13','2017-09-27 22:11:13'),(1259,2060,'27DSzLWGhodZuAC14zm3NgSuX6I1bSbx','2017-09-28 00:50:45','2017-09-28 00:50:45'),(1260,1,'zFx6fHXoTuja9RjztxHSOwtbi7syl0rv','2017-09-28 02:28:21','2017-09-28 02:28:21'),(1263,2005,'RIs2eKQRjZqilcRltio6a1DeGwmVrteF','2017-09-28 13:26:09','2017-09-28 13:26:09'),(1266,2031,'iVguDlVPLwOfPINzWCCCSB7ISzxOIhHM','2017-09-28 13:37:14','2017-09-28 13:37:14'),(1271,1,'FuQkqcULoDz6olL1kQaiAINLW5zjwk1o','2017-09-28 14:55:24','2017-09-28 14:55:24'),(1273,1467,'iZA2HHI3pasOFhOKZqDR8GwPjM9T7NlJ','2017-09-28 15:15:49','2017-09-28 15:15:49'),(1275,1509,'IPkTCsGCtSGmRGVUrictt2CPUR7kyLsD','2017-09-29 16:04:30','2017-09-29 16:04:30'),(1276,2283,'3xKNzypIDg05xIqwkzV4YSw6xboetqIi','2017-09-29 21:52:04','2017-09-29 21:52:04'),(1277,2343,'atDzkFnBdsnksiKEqznlqWXN7b4m60mb','2017-09-29 22:23:04','2017-09-29 22:23:04'),(1278,1446,'oj7JEjWuM2MJyugwB1FnMpWfz6UWYYfj','2017-10-02 19:03:07','2017-10-02 19:03:07'),(1281,2276,'gKgwioYm9zX4DfoDVOH92VEYRnftNOPk','2017-10-02 23:10:44','2017-10-02 23:10:44'),(1282,2271,'tQcqddTXbflWV5px52zRGXvKvGMWACRd','2017-10-02 23:12:08','2017-10-02 23:12:08'),(1283,2276,'Fj5WU5jO9w3Ipfl7KV0M6eycQzYF6kAP','2017-10-03 14:04:28','2017-10-03 14:04:28'),(1285,2272,'vViBcGQ1N8zbFDgsYPuZfG9tNMOITIdv','2017-10-03 14:50:18','2017-10-03 14:50:18'),(1286,1509,'FDq1RLtKcyZoW4SBgFi7bBy3jJplCsL5','2017-10-03 17:35:06','2017-10-03 17:35:06'),(1291,1992,'DBghe7eYYPk3CqW0pJUoVdpjl3QpeKYI','2017-10-04 21:12:42','2017-10-04 21:12:42'),(1292,1,'86L8ODFvIuTRuyk300LuvE0xy3TWXHuX','2017-10-06 13:39:20','2017-10-06 13:39:20'),(1294,1330,'f6d8SC4zJDbbnvzv65eLdDEaAJG8I3tK','2017-10-06 13:46:03','2017-10-06 13:46:03'),(1295,1330,'o3nvsEigA9e1iY4LX6tzAIJ635JNTbgJ','2017-10-06 15:17:43','2017-10-06 15:17:43'),(1297,2007,'GmuhAwQgLnn1YRarAm0lsum0oh7x4uUa','2017-10-07 07:02:41','2017-10-07 07:02:41'),(1298,2274,'9jxvAK8kWbtIGu6OlRVQiidHlrp4B4Yf','2017-10-07 21:31:23','2017-10-07 21:31:23'),(1300,2274,'omUXKuOp6dDJWop6TbVBznWEkrWfgeKT','2017-10-07 21:33:01','2017-10-07 21:33:01'),(1301,1330,'zJWaVkEZcxaUk8Fwjldg7UmF7slxM8dY','2017-10-09 16:54:45','2017-10-09 16:54:45'),(1302,1330,'mATfuCDz5iXFCQS43oS9YjICAdN5R8FH','2017-10-09 19:51:22','2017-10-09 19:51:22'),(1303,93,'rBiWSwL6Ezbcv2V6Ak3kxCXiSNunLAoy','2017-10-10 21:31:33','2017-10-10 21:31:33'),(1305,1,'uMNBMuvwrOsFiYSQYRoHkg4mySVr0Plz','2017-10-10 22:18:29','2017-10-10 22:18:29'),(1306,1330,'8Wsvj0Z5Aw2nG8mI1bptoKAJEMjIVZWI','2017-10-11 19:35:52','2017-10-11 19:35:52'),(1309,1,'z5ynHD89FIHg8MudHga7IVDH87224WIl','2017-10-12 14:04:28','2017-10-12 14:04:28'),(1310,1330,'TKb6YpZ9ity9TB7CWZUfwXNidPAIGWQ6','2017-10-12 14:45:51','2017-10-12 14:45:51'),(1311,1,'wsKyGwudiCaHJvhQdxKwvf64Pak22iXt','2017-10-12 22:37:59','2017-10-12 22:37:59'),(1312,1330,'qzZigEb9bIdHv9xc4qC2BuMoHo8lY43D','2017-10-13 12:54:38','2017-10-13 12:54:38'),(1318,1994,'S6zjViOM7UY2SI9S5KAS5EHJzkbVpe3u','2017-10-13 15:14:26','2017-10-13 15:14:26'),(1321,1567,'Nqi0ZpM7uaIRY2x1lZakBVHIOqtjcIu7','2017-10-13 15:15:26','2017-10-13 15:15:26'),(1323,2119,'FQA93z7UWfl87CUMuIZfEnzDIATjPZcV','2017-10-13 15:17:41','2017-10-13 15:17:41'),(1326,1486,'bOmuMiz8qsHUvuzNcJPqKcVo5lHnnpAd','2017-10-13 15:18:02','2017-10-13 15:18:02'),(1328,2132,'X2HYVG7nHbjH1QR5c1J7IMpRC1ftWd0k','2017-10-13 15:19:03','2017-10-13 15:19:03'),(1333,2274,'4bsLmE2E4c9poCEkB6FtheO06HIAlVQE','2017-10-13 15:24:26','2017-10-13 15:24:26'),(1335,76,'GTPTqUWvSWdnow2FvhnbBNa6T6xhJ7Wq','2017-10-13 15:26:05','2017-10-13 15:26:05'),(1336,2274,'exm0bBKGuPvBiHRkjL8ZC1o1Uk3C5KUm','2017-10-13 15:26:45','2017-10-13 15:26:45'),(1337,2117,'LDbFiACJ1JE1uVoKvC5Z8SaRMZBez9Pm','2017-10-13 15:26:53','2017-10-13 15:26:53'),(1342,2227,'Smx0KhNBJB5JQtOvg5wqk4p7H8DFTATJ','2017-10-13 15:29:13','2017-10-13 15:29:13'),(1347,58,'pNl0eIYtT33aYVofovHx3U1A8ZglFQBH','2017-10-13 15:29:59','2017-10-13 15:29:59'),(1350,1386,'UXi6KhW0Et5om6budd83gcWFq5HpZBwa','2017-10-13 15:30:48','2017-10-13 15:30:48'),(1351,97,'avS1w8vZsQ0eAeoSQwr17NALRxTT1RYo','2017-10-13 15:30:52','2017-10-13 15:30:52'),(1352,2237,'pPkUrCy6S9tSRv1EILu9h2fx2Sv2cS3s','2017-10-13 15:30:57','2017-10-13 15:30:57'),(1353,2160,'tM7QqDVwMCgOUyxb6A6tzOI21gMTR1XB','2017-10-13 15:31:15','2017-10-13 15:31:15'),(1354,2230,'GCPzhTP8oWNOhGfDJKOJvGCppxYANpSF','2017-10-13 15:31:17','2017-10-13 15:31:17'),(1357,24,'pUBb1ZU3fktid91gMId2t8wesOVWZpQy','2017-10-13 15:32:29','2017-10-13 15:32:29'),(1360,2227,'mtkAAHJ4sYOQYLGSDtF4GbHOHIrD778g','2017-10-13 15:33:50','2017-10-13 15:33:50'),(1363,2128,'PyPgmxLTVuUaF0QU6zrVVGJHJ2fIhuOg','2017-10-13 15:36:24','2017-10-13 15:36:24'),(1364,85,'QtCn7gkIV9EfHqTjDgxxZMwQ1hXf0ZfE','2017-10-13 15:40:16','2017-10-13 15:40:16'),(1365,1,'EFRWlxxae6SrOuoaFpUUXJOfCiitKOWW','2017-10-13 15:42:22','2017-10-13 15:42:22'),(1368,2117,'E4rK4CjHVAE29sqRL5fuhEG0qp9tgXH5','2017-10-13 16:03:11','2017-10-13 16:03:11'),(1369,1545,'30TOsegHedaA8rKuSrX4rQsfzbY1UMma','2017-10-13 16:03:38','2017-10-13 16:03:38'),(1370,1545,'SvAZw5QB4Fn6UpeNBaYvTVSNuglpfQ6w','2017-10-13 16:03:41','2017-10-13 16:03:41'),(1374,1647,'XrKIrWRVKJP1ZaiO8CIWprdddvHXTp9s','2017-10-13 16:36:00','2017-10-13 16:36:00'),(1376,24,'ZbOfCVoldxcv0puQHG7t5Um42RiFq6Wr','2017-10-13 16:41:10','2017-10-13 16:41:10'),(1377,1612,'MimhpOoFOlQBzTIe3lHCVom5NUBah53I','2017-10-13 16:44:08','2017-10-13 16:44:08'),(1379,1,'odNDsZB4RWgr9ej6PafAxiC74Ta3j82S','2017-10-13 16:54:10','2017-10-13 16:54:10'),(1383,1541,'0Myo0Ufr3AOuEEC7sp1gPgOX6Uo9fX8J','2017-10-13 17:04:47','2017-10-13 17:04:47'),(1385,2376,'3hTHbiQgCSI8yYKEwyLn6FmoYGUgVWCw','2017-10-13 17:06:55','2017-10-13 17:06:55'),(1386,1555,'IldqaCdeoQHhA7FsDON22kD9fxG6bpcg','2017-10-13 17:08:34','2017-10-13 17:08:34'),(1387,22,'tkZ3Nn8B9xWXvIBULhviY70H1JqEPzUE','2017-10-13 17:09:21','2017-10-13 17:09:21'),(1393,1664,'KUYQeVKcK5FaZ9jDZr6HT4gmSPjAWBDU','2017-10-13 17:22:02','2017-10-13 17:22:02'),(1394,23,'4m4cwFtid5Ujyf5dA66ofc7FvL3mpG8L','2017-10-13 17:23:26','2017-10-13 17:23:26'),(1396,2234,'GJUpVAyJS9LdVxL5E7U5JIQTBHoYIqEI','2017-10-13 17:25:20','2017-10-13 17:25:20'),(1397,2230,'h9OvzAGrt2kXPqLrmMR2rbL5D8374CXc','2017-10-13 17:25:20','2017-10-13 17:25:20'),(1399,1,'Tv9Pt6AKPerp8m4jNuvuvhQ9dsqbWzxj','2017-10-13 17:27:52','2017-10-13 17:27:52'),(1400,1616,'7cZTGgo9oSbUnCWYkxkE681DYzGu6NsM','2017-10-13 17:29:09','2017-10-13 17:29:09'),(1401,23,'bdMnJWuEtYgUACLrtXnkAimrfwslGxrG','2017-10-13 17:30:03','2017-10-13 17:30:03'),(1402,1330,'OhK85Ck1L8akiYUOhZUBuhLO4lPCWpWL','2017-10-13 17:30:35','2017-10-13 17:30:35'),(1405,2366,'8EM9ZtxxhXgJ7VpueSEG37A1whouxkkT','2017-10-13 17:39:38','2017-10-13 17:39:38'),(1406,24,'RuNuwhOgWdKgjOjJG2OpLlnvwhhrU83l','2017-10-13 17:48:45','2017-10-13 17:48:45'),(1407,58,'guufjqIXnvMEHfW9vmWtn6XtRYgsoYZl','2017-10-13 17:56:08','2017-10-13 17:56:08'),(1413,2246,'6IqSI949N9CySYJJ1vU9eYbBheO7IBZ4','2017-10-13 18:51:21','2017-10-13 18:51:21'),(1414,24,'MWPNmmSjIcstcOoLFm3UZmttEu2MuFgw','2017-10-13 18:55:10','2017-10-13 18:55:10'),(1416,24,'KQLlJ99MUbuMnfYsMbtSbm9Sgb5TyzqR','2017-10-13 18:55:39','2017-10-13 18:55:39'),(1417,2237,'DXPir1V19tqTuFNM9CJ23VoVuwfyy9gW','2017-10-13 18:57:17','2017-10-13 18:57:17'),(1422,1821,'Ixv9z2Yl4wQH1aWPCZz0F1uRUWqUvsPV','2017-10-13 19:08:02','2017-10-13 19:08:02'),(1423,2233,'0aNfXgQBhQyzbTH485nlfqOMKXwVhl5q','2017-10-13 19:10:48','2017-10-13 19:10:48'),(1426,31,'6NKdx4GbXR5d3A4cai3G48F8pLZAnrL8','2017-10-13 19:18:16','2017-10-13 19:18:16'),(1427,2237,'Aq5Sd9MiMN63nWQ4uY1Ms7xBTtFgOdUf','2017-10-13 19:29:19','2017-10-13 19:29:19'),(1428,27,'QMwPc9Ce6bzTdBcMOHjZ2Bs5LqzUZrbe','2017-10-13 19:31:33','2017-10-13 19:31:33'),(1429,27,'BhhozuSqT5u03RuuxCPbHAwlhl6HvCLF','2017-10-13 19:31:35','2017-10-13 19:31:35'),(1431,1509,'FEhXypjrcm8uBAusM1V2TY3VoACjj9kR','2017-10-13 19:34:55','2017-10-13 19:34:55'),(1432,2233,'sA8z3Lxgk61hDENWdURyjRDYZno26bEa','2017-10-13 19:35:07','2017-10-13 19:35:07'),(1434,2243,'DFyTwJkQqKnl7QouEY2IHYSKcMY9iUlJ','2017-10-13 19:44:53','2017-10-13 19:44:53'),(1435,2243,'lCqALeJcSWJ2ARhfdPhMw8ZJvSKWdmXk','2017-10-13 19:44:54','2017-10-13 19:44:54'),(1436,1541,'1ZTJmgAIbZTZ9f5xGsRZAxo0NNnlCn9O','2017-10-13 19:59:17','2017-10-13 19:59:17'),(1438,1541,'jqGIY2pRWm0b9aYFJ1Wu1WkdxkpXZ3QX','2017-10-13 19:59:47','2017-10-13 19:59:47'),(1439,85,'ECRqOYZCQDEO6cuEnXd7xwXpCjBkgCsx','2017-10-13 20:00:59','2017-10-13 20:00:59'),(1440,85,'KVAwLtO4Cw3jK3l5kiinxje2SqSTepAf','2017-10-13 20:01:01','2017-10-13 20:01:01'),(1441,1330,'l3iqEof6fmVAMjUUkD0SoXPTzvriFsHb','2017-10-13 20:02:16','2017-10-13 20:02:16'),(1442,2234,'UZvwC9IrMnSslNVawwYx8wbC66LlgoOh','2017-10-13 20:05:51','2017-10-13 20:05:51'),(1443,1,'I0NbhzCSPumLveGm2zmWTbs3TmuwJGoo','2017-10-13 20:19:19','2017-10-13 20:19:19'),(1445,1322,'5QZtVPCkN2wjo64ZXI6VLgCyxQnAKp8n','2017-10-13 20:30:13','2017-10-13 20:30:13'),(1448,12,'mCOqave9mPtgizTsCln6UiJJXI3NsEvN','2017-10-13 20:39:55','2017-10-13 20:39:55'),(1456,2265,'1DNQJDyrsPXYC43LY11b66qvYLLJNaJ3','2017-10-13 21:42:35','2017-10-13 21:42:35'),(1457,2234,'Eso5NdpMfv95EBpsbC8T7TiPKRrozFbW','2017-10-13 21:47:35','2017-10-13 21:47:35'),(1460,2190,'nbBPx3ylgJeIJe0O1tegLS7jjTInN1i8','2017-10-13 22:22:34','2017-10-13 22:22:34'),(1466,2328,'zoekjZFVw9PurwMDr2h90D2kXobpEWL7','2017-10-13 22:47:34','2017-10-13 22:47:34'),(1467,1566,'XLWtxuCFMAhju52lIN1lQ7qGystcEBxG','2017-10-14 00:35:20','2017-10-14 00:35:20'),(1468,1566,'tnbjlei9Qx3irBytQyus7npIMAinE0dC','2017-10-14 00:40:11','2017-10-14 00:40:11'),(1471,73,'C0fn9Ot1mmWmvkvHoMvevwRun72WvPA4','2017-10-14 02:06:32','2017-10-14 02:06:32'),(1474,84,'wWNuGnHSt3O2jwBsPtDDiQTGev14CsCu','2017-10-14 02:46:59','2017-10-14 02:46:59'),(1475,2253,'EPMiPg1geo8dhfqxdF2mLeQBRzIDedZu','2017-10-14 07:08:10','2017-10-14 07:08:10'),(1477,2249,'7IEbFunKyMUNlRuKrYRIpppWxCqJp9Qp','2017-10-14 13:14:50','2017-10-14 13:14:50'),(1479,73,'WHaiabRfOvEUgjMGuWsAgJs8vflRMqHn','2017-10-14 18:02:07','2017-10-14 18:02:07'),(1480,2237,'dq7rrgK1zfted5HHDYSpXime19tJ3YXl','2017-10-14 19:06:08','2017-10-14 19:06:08'),(1482,1568,'oB2ZxJfnY6ktR2fDQfUk5JSj03X5TxQE','2017-10-14 20:41:30','2017-10-14 20:41:30'),(1483,1568,'nENAhEcJB0JRmOyjpuZiXDUK9X7izx6W','2017-10-14 20:50:47','2017-10-14 20:50:47'),(1485,1566,'2mDoABiY7FN82ccOHs5iFu75bwuzD9oQ','2017-10-14 21:08:13','2017-10-14 21:08:13'),(1486,1566,'p5J0ppzh7fKALi8Ckpir0spoWnTGiN61','2017-10-14 21:19:17','2017-10-14 21:19:17'),(1487,1566,'4iJSsEdgg43HpeIa2IA0xPfAM5Igc9qq','2017-10-14 21:39:49','2017-10-14 21:39:49'),(1488,1567,'NgMACMTZYbCoJApGzDGzg7iCXWEMNfpn','2017-10-15 01:09:27','2017-10-15 01:09:27'),(1490,1670,'Kk9yoDG5CXF1QlTEmLuFzvDBNHkC7l6V','2017-10-15 03:56:31','2017-10-15 03:56:31'),(1491,1670,'jtTCFHQqQX9y4pNWOXkZubZ9hlHUYwF9','2017-10-15 03:56:32','2017-10-15 03:56:32'),(1492,1568,'J3D7kehUpH2U43EwH88TYt2ccN6WN5Mf','2017-10-15 12:26:48','2017-10-15 12:26:48'),(1493,1714,'18YKLLdstZcYBUnoJM8ezuJOv6o3KT72','2017-10-15 15:47:58','2017-10-15 15:47:58'),(1495,1568,'e01fobPkv9eVSSRc1YyOKhWZmAsPgibs','2017-10-15 15:56:54','2017-10-15 15:56:54'),(1497,1568,'aV7j6OiO5hTRU4yDkRUE0IjqXFpCuz3A','2017-10-15 21:52:08','2017-10-15 21:52:08'),(1498,1568,'9qlO3USTqJ7JFz20LiO9518iDxSEQRsi','2017-10-15 21:52:11','2017-10-15 21:52:11'),(1499,1,'T82X8MhSODW2CHVJBJ5PCUlqSJBRZ5TC','2017-10-16 13:34:49','2017-10-16 13:34:49'),(1501,84,'psPlfDSdJPhuLyQ2EkS7fmvLXEVcNxBh','2017-10-16 13:37:48','2017-10-16 13:37:48'),(1502,1330,'MJRfNtP7TrUP8w4atXkikAMF7vJpoWDd','2017-10-16 13:44:07','2017-10-16 13:44:07'),(1503,3064,'siXDiL8TriIRMgf3aQkGsRqp8J4Npc8m','2017-10-16 14:02:39','2017-10-16 14:02:39'),(1504,1322,'R6ReA5VXn0fYSJ3hW59FNFVZ8wlpxqJM','2017-10-16 14:11:16','2017-10-16 14:11:16'),(1507,1747,'wP6ydiHH9W5VxbBNapSk0lMKM8xSceWA','2017-10-16 15:54:45','2017-10-16 15:54:45'),(1511,24,'lfcXuN8iGRoovlgDxbI0l1z5vSJTrQRs','2017-10-16 18:50:08','2017-10-16 18:50:08'),(1512,1330,'QQeCZycmCPPK5c2d03mlMNIaX6PfkNGd','2017-10-16 19:20:26','2017-10-16 19:20:26'),(1514,2132,'ofSIbqOEsdFw6AvqBdILf7iKsDNQLng6','2017-10-16 19:56:38','2017-10-16 19:56:38'),(1516,2821,'HJGCpNbpzz51ypS5aahU9mw33dqJdLSe','2017-10-16 22:27:19','2017-10-16 22:27:19'),(1517,2160,'DkLERHxWu2zuuWEC4k4859fOnCJUpmYI','2017-10-17 13:44:50','2017-10-17 13:44:50'),(1518,1330,'x4vSr8sxxusxVCpfWWdSNCr2Po6FESbt','2017-10-17 13:51:56','2017-10-17 13:51:56'),(1520,1,'GBmeYA8Lm6DUhDJB1TWV7UkEkrpdpqAj','2017-10-17 15:37:38','2017-10-17 15:37:38'),(1523,2183,'nZaxe28IIGMHldyJQcVVlSaN1o4apkhL','2017-10-17 15:50:43','2017-10-17 15:50:43'),(1524,2218,'tXARIUvbhiIK3LZyquWnZA1lcqqSYXlo','2017-10-17 15:50:44','2017-10-17 15:50:44'),(1527,2160,'TmyLmjCYUNuqQ0gZCdrhxlD7MA31VJ1z','2017-10-17 17:32:10','2017-10-17 17:32:10'),(1528,1330,'lNQp8kp71vC4WOUPSsld5oM8raHSqLQC','2017-10-17 18:58:15','2017-10-17 18:58:15'),(1529,1,'gTF6cLJ7bSorauUwZStYwJQzVS5UzS7c','2017-10-17 19:15:21','2017-10-17 19:15:21'),(1535,1521,'91ckS1ApnU8pGWnDQ7VbjcGAQXHSzRxG','2017-10-17 19:30:31','2017-10-17 19:30:31'),(1537,2160,'mgz5CnX9z1Zum9vL3FsueCZYDMTaWkTR','2017-10-17 22:54:23','2017-10-17 22:54:23'),(1539,103,'fDPoXoZDdc3G2xPAwzBU4kPEH0xAiD74','2017-10-18 12:53:11','2017-10-18 12:53:11'),(1540,1330,'e2GzLEp2vgBqTmzD4pL415vxaXxOpI2L','2017-10-18 13:16:57','2017-10-18 13:16:57'),(1541,1612,'hJaeuNMF8GmtEtVrmn6sDn54vtGlR8EE','2017-10-18 13:28:15','2017-10-18 13:28:15'),(1542,1,'XoIBYqfh5qLEbDjwj3mKOU7TD93WcyKU','2017-10-18 13:29:26','2017-10-18 13:29:26'),(1543,1612,'mZ3Qf5hkAfKS3CatJNxJA8R4UtSkzknD','2017-10-18 13:29:31','2017-10-18 13:29:31'),(1544,2117,'LzviN9Hy8lpKIwn4iKK2wlmwSFlJv1sx','2017-10-18 13:39:22','2017-10-18 13:39:22'),(1545,1555,'lBnglKvpJPy8Pi610FSGsd8wV6AQiPUA','2017-10-18 14:15:25','2017-10-18 14:15:25'),(1546,2233,'zvy8qhbK7MXYnYHhiaZCfZAEG6dVLd0X','2017-10-18 17:18:45','2017-10-18 17:18:45'),(1547,85,'YVfHdaqACJ0RyK5b4dclsGKpyANMuCGI','2017-10-18 17:49:48','2017-10-18 17:49:48'),(1551,2168,'ZBVo9fe5XujSEirpJG2Gc8GlCkdXtJST','2017-10-18 19:58:24','2017-10-18 19:58:24'),(1553,2118,'U0432o9O5ZzALrrufVxxlQv4rvsXWMm6','2017-10-18 20:09:04','2017-10-18 20:09:04'),(1554,2126,'Eh7rXrEy2FnHrTeSB8pGLKRQ4pjgQWvT','2017-10-18 20:17:25','2017-10-18 20:17:25'),(1563,1534,'QKOSqPwLT4Qy1TeOGmKSH8ATLWi0jy79','2017-10-18 20:41:10','2017-10-18 20:41:10'),(1565,1520,'ypY7hDNPXQ9VWsjBNgrB4u3Ul7eaMfDa','2017-10-18 20:42:15','2017-10-18 20:42:15'),(1566,1534,'ImQWipUDOS1a01lcjQtesApMwa6OiiNy','2017-10-18 20:42:33','2017-10-18 20:42:33'),(1568,1528,'WSnr8cEgTVnAmyQ6VYdOO5DDSSFp0GIT','2017-10-18 20:43:07','2017-10-18 20:43:07'),(1569,1533,'TuOXKbKjeLZuSZ53tPvYisqHj0KbD2lc','2017-10-18 20:43:42','2017-10-18 20:43:42'),(1570,1530,'ainyXO5HsPYGcZX1WIHefExH0PpIYau9','2017-10-18 20:44:09','2017-10-18 20:44:09'),(1571,1518,'myoZ5HTDkkZ4ixcJkgJdlKS1o5BXJC4K','2017-10-18 20:45:05','2017-10-18 20:45:05'),(1572,2212,'pUytRAFCZYnITmz5XtdC3BLDrCBpX4el','2017-10-18 20:45:33','2017-10-18 20:45:33'),(1573,1519,'8Op21gqKggLVHvM6Y6t2UIWmLaR7KgCf','2017-10-18 20:45:40','2017-10-18 20:45:40'),(1574,1524,'zHOZm56YB1RUjLDan4uGReNlMvhDz602','2017-10-18 20:46:45','2017-10-18 20:46:45'),(1575,1532,'4kAjikJb4Lz9S1a9pr8GZOEpHPU5fTWE','2017-10-18 20:48:45','2017-10-18 20:48:45'),(1576,1536,'kMVByuxHtshOLLN2vuNRkorlPIhpnTR8','2017-10-18 20:51:47','2017-10-18 20:51:47'),(1577,1523,'hrV33MMxi5HJXqUOjSOVJWHUOJYxtFHK','2017-10-18 20:52:09','2017-10-18 20:52:09'),(1579,1524,'N8WidCrGEnGLPfiTRuz39i7e31oD5RYe','2017-10-18 20:52:49','2017-10-18 20:52:49'),(1580,1486,'xLwTHr8jJVSkxp5LuEnnlwMsEmWRhubA','2017-10-18 20:56:07','2017-10-18 20:56:07'),(1581,1536,'IPZ6mjVswxtDiW6IMzM6npTJbOg2COcd','2017-10-18 20:57:15','2017-10-18 20:57:15'),(1583,1523,'69TKXbWaTJp8ZIa8Vfm9IUn2YToAiuaq','2017-10-18 21:01:28','2017-10-18 21:01:28'),(1584,1523,'LjTVxM6fv1z0bD0w82bu1DtQ7dsO01dP','2017-10-18 21:01:50','2017-10-18 21:01:50'),(1585,1529,'bR2dOtM6aHbRkdael2aRtlCYrKY42CMH','2017-10-18 21:03:07','2017-10-18 21:03:07'),(1588,1529,'kuOSaAJfZvtCNB0UTpq7EbX1rUG2hVFW','2017-10-18 21:07:36','2017-10-18 21:07:36'),(1589,1529,'NMaFhCe50CNeXSGx0A1VgqIHHfAtRIXM','2017-10-18 21:08:22','2017-10-18 21:08:22'),(1590,1529,'vJf7KvJoPNJb4VFMzdQEy7y9LGBPbShw','2017-10-18 21:08:49','2017-10-18 21:08:49'),(1591,1330,'MhUsDDziT2emDIqlRVPZB0azNzrZtFLS','2017-10-18 21:13:20','2017-10-18 21:13:20'),(1592,1527,'LUrfj0a5k7jFJmPZXWIQqKfwxLRQPO6E','2017-10-18 21:14:39','2017-10-18 21:14:39'),(1593,1519,'sokNkAt4gZhoac6dfstkI7CMDmo86HI1','2017-10-18 21:14:42','2017-10-18 21:14:42'),(1596,1536,'YIFXfLUf15BydzrOsVnyKkno9hqSGK8n','2017-10-18 21:28:10','2017-10-18 21:28:10'),(1597,1521,'OlNu2yCipbm2HWreS2A6pAZZ7tKn5xej','2017-10-18 21:33:20','2017-10-18 21:33:20'),(1598,1520,'X2ArVvoZB2gO5dC8xe943sbDDYvgDemh','2017-10-18 21:33:34','2017-10-18 21:33:34'),(1599,1529,'MtrNsKNxDjhUHzcvNMMphGvDHRX7O1yr','2017-10-18 21:34:26','2017-10-18 21:34:26'),(1600,1529,'7pZdNMUGR67hfjNliUbMFoj34JFg4wNb','2017-10-18 21:34:55','2017-10-18 21:34:55'),(1601,1536,'ddpuTYYZ5LR3S3e9gnmCIVclWxMxcMSd','2017-10-18 21:34:58','2017-10-18 21:34:58'),(1602,1536,'GQO7psPLRvZ8CR1eT2SPqa2sVG93Aa3y','2017-10-18 21:37:48','2017-10-18 21:37:48'),(1603,1521,'v30tbpKJVyaZ8pJGsC7KGqHMTKnBXhfG','2017-10-18 21:37:55','2017-10-18 21:37:55'),(1604,1536,'hjyfaL3csib0w2bGoEfLgVsbxRPJnQqD','2017-10-18 21:38:40','2017-10-18 21:38:40'),(1605,1521,'ESIDAeJE9dDb2prAfMNL5yWaSAGFovDe','2017-10-18 21:40:40','2017-10-18 21:40:40'),(1606,1518,'rFtOVPzPRi7wvWdMbpxHvicSoKssy5k3','2017-10-18 21:41:24','2017-10-18 21:41:24'),(1607,1568,'s7xAPIC7OWUlfEuBQEOB9qBFFH6OclSJ','2017-10-18 21:44:15','2017-10-18 21:44:15'),(1608,1536,'egklkhbKDb5eQBeDGipvGSPS4deNx7D9','2017-10-18 21:45:47','2017-10-18 21:45:47'),(1609,1527,'3w4mXzQ88QudUOiN1haczhhm2g12CN2Q','2017-10-18 21:49:02','2017-10-18 21:49:02'),(1610,1518,'Dm2jPdFIZfq1vtO8O0caQOCcSgbau7U1','2017-10-18 21:49:43','2017-10-18 21:49:43'),(1611,1536,'FzXuQnjPR3d3csU8djIol6CRGYPbZgBn','2017-10-18 23:10:46','2017-10-18 23:10:46'),(1612,1536,'VosrSdKUH0CYi2sz57q78AoQCmcxI3rj','2017-10-18 23:20:25','2017-10-18 23:20:25'),(1613,1536,'Oj3sy8nrAsLpmS6xzQ2eRTeTjVla9YOA','2017-10-18 23:41:13','2017-10-18 23:41:13'),(1614,1536,'ybpbittOQs904F7AaeZ57LSyYLF2BSzt','2017-10-19 00:56:43','2017-10-19 00:56:43'),(1615,1536,'sAcpKSXyYRBYmOZX1I0dJguxTikuo651','2017-10-19 01:03:22','2017-10-19 01:03:22'),(1616,1529,'0zmgExmgnmdwrxdgwEd9oKop6pjNxjU1','2017-10-19 12:41:24','2017-10-19 12:41:24'),(1617,1529,'7AsShHyAB26qVfrNRmQzZwLj0k4XCo1Q','2017-10-19 12:41:49','2017-10-19 12:41:49'),(1618,1529,'nnGZFxZZBO8WIL7FJgzml8Nme7saLsK8','2017-10-19 12:43:03','2017-10-19 12:43:03'),(1619,1330,'nKXcBX6UeB3xbVW8kS0LEI4q2jhX1ybS','2017-10-19 13:25:16','2017-10-19 13:25:16'),(1622,1527,'orgga2ha6LE4qWOiA3nMX9AEHXk0lMK7','2017-10-19 13:51:54','2017-10-19 13:51:54'),(1623,3064,'DCk4ojjnmIJR4VKx14SPA0NfTXfGuRre','2017-10-19 14:10:59','2017-10-19 14:10:59'),(1625,1526,'kDQPayaNeWo1sPMX5u4gWsLERB0oGwZh','2017-10-19 14:19:07','2017-10-19 14:19:07'),(1626,1526,'gKkAxD9lUPx3I58u6VCbbGVUGHhjmMK9','2017-10-19 15:01:41','2017-10-19 15:01:41'),(1627,1526,'IVLnOgRzCuPduS6kbeBMtuY5m6lHYkOw','2017-10-19 15:04:06','2017-10-19 15:04:06'),(1629,1330,'Ie8cWD9sm07ZJEA4J1Oh0PRY00ZCfGFo','2017-10-19 16:35:01','2017-10-19 16:35:01'),(1630,1533,'son7XKN91cwPogIMBio1H3TItbngdXdc','2017-10-19 17:00:02','2017-10-19 17:00:02'),(1631,1533,'bJ4KRd6R7QyrLy1uvblGt6tgxWmAWof8','2017-10-19 17:00:04','2017-10-19 17:00:04'),(1632,2126,'QsDikaLyG78MRYb6hjYSIAo7LXN2Z6BV','2017-10-19 18:02:35','2017-10-19 18:02:35'),(1633,2128,'KTu80Og4A0BzOXaVUYwuhKu72SU53rBo','2017-10-19 20:09:54','2017-10-19 20:09:54'),(1635,1526,'XNVsknziLZtPf6lto0Crd4jxmjygizh6','2017-10-19 21:24:18','2017-10-19 21:24:18'),(1636,1536,'rjl3qpNf0WFxVdIyXjkgtICaLp8sbxIF','2017-10-19 21:25:13','2017-10-19 21:25:13'),(1637,1536,'GGAzKe4xlT61VoQnKDdJI73Y3ZyOLtrs','2017-10-19 21:33:34','2017-10-19 21:33:34'),(1638,1536,'hU0e918XZ8AVF1hoHS4zSxKjncTxKlYA','2017-10-19 21:34:17','2017-10-19 21:34:17'),(1639,1,'NbNy3QVWHXPIM0sG9rXjJ3gnq6XSmq2O','2017-10-19 21:43:40','2017-10-19 21:43:40'),(1640,1536,'bDsAa3ZwoGjpiCU0XbqnAb7l3yWs9I8J','2017-10-19 22:52:19','2017-10-19 22:52:19'),(1641,1536,'limrlDjeBUjIVKzFraNEpy5vFiM1jtkC','2017-10-19 23:05:03','2017-10-19 23:05:03'),(1642,1536,'KAdageebsNHMxB3Mfe8j4y0uop1S9KLn','2017-10-19 23:23:05','2017-10-19 23:23:05'),(1644,3064,'ciBIZpgxHgwOwxPI70g7JEuKM1PfRZqT','2017-10-20 14:23:27','2017-10-20 14:23:27'),(1646,1330,'08bDAtKeu9DHi99c4bi3xda9R5Q5raWo','2017-10-20 18:24:34','2017-10-20 18:24:34'),(1648,2132,'3FlIHP5RAqKnAwigf86cQgFZAco0pRUn','2017-10-20 19:19:57','2017-10-20 19:19:57'),(1650,1371,'WlZT18bc9qcIUmL33Sn4r5nOIUwVjS1Z','2017-10-20 19:40:10','2017-10-20 19:40:10'),(1652,1518,'EOLneNUdeaZVk65vXFfmcXJFLF9PDwpi','2017-10-20 19:45:50','2017-10-20 19:45:50'),(1656,2160,'H7G02GhnG1SVrTrBw7YOUEPLQSwm6fJA','2017-10-20 21:01:45','2017-10-20 21:01:45'),(1657,3064,'EwRjKJM5Doc4vkroGF0FFEV9pAEpcL1T','2017-10-20 21:13:35','2017-10-20 21:13:35'),(1663,2834,'kcfjpdeM8WXZGzy2yn0dQhVe78ZjTeEi','2017-10-20 23:03:18','2017-10-20 23:03:18'),(1664,2834,'3ClyLUUOvO8zmq7rIm7XXs5ynKSLEvxU','2017-10-20 23:28:47','2017-10-20 23:28:47'),(1666,1331,'k7JGuQhiLHNpeyIeGK67ET7TDeZHFri3','2017-10-22 00:14:11','2017-10-22 00:14:11'),(1667,1529,'XMbxbbBhhiu8GMsgycAY5x5nwdfCtYzJ','2017-10-22 21:09:49','2017-10-22 21:09:49'),(1668,1,'GXIpwwk26RbutXBBZLwy7XyODhvdOoMN','2017-10-23 14:46:28','2017-10-23 14:46:28'),(1669,1330,'8fM6svEFPxeW1wiZIg4QaxmjVP7EiS8l','2017-10-23 15:01:59','2017-10-23 15:01:59'),(1670,1509,'CaSeA6Q3n5kgYL9gahbtoYRrkQGU426y','2017-10-23 16:33:25','2017-10-23 16:33:25'),(1671,1330,'sf6yWLd7Wiacz2NR9JlOLda5Nj70TKKi','2017-10-23 17:46:30','2017-10-23 17:46:30'),(1672,2247,'Eoe64yDuODaVHBFGuAe0NrQeaKtLLTQc','2017-10-23 20:10:54','2017-10-23 20:10:54'),(1673,1,'drYmfjHrAmE4PeghiAbrgMG5hN3h0DvM','2017-10-23 20:40:44','2017-10-23 20:40:44'),(1676,1484,'r02uXTLIQSy5KizGVFKasOMiXVAwYH0U','2017-10-24 02:38:51','2017-10-24 02:38:51'),(1679,1330,'hhW0FCEQTa6ZdjyNKG2DRtx0U8xAB0yi','2017-10-24 13:14:43','2017-10-24 13:14:43'),(1680,1,'ZqKlT2Y9xpJj5MZriy39CaN6a0wOlkCJ','2017-10-24 13:41:02','2017-10-24 13:41:02'),(1681,1992,'11rbly8fiay5q3c1p1sM1Xv7w5pDe1ws','2017-10-24 13:45:16','2017-10-24 13:45:16'),(1682,1,'ieOTd4Exy7U0bsOXrJ1bL9uKfTtH4XnC','2017-10-24 14:28:00','2017-10-24 14:28:00'),(1683,2229,'RVFVJPLn18lVgPsr6FGUHFJUWniw1NsK','2017-10-24 15:20:11','2017-10-24 15:20:11'),(1684,1581,'AJOMifOmPd7djvnQURJpOUcraATCocfX','2017-10-24 15:52:37','2017-10-24 15:52:37'),(1688,1566,'CZq69PhvFuBKFVM68j7ZmmCLfoVueaZw','2017-10-24 16:16:26','2017-10-24 16:16:26'),(1689,2228,'vk6bflTw8LV4IBkD6sZVwEIl2DvZtrWq','2017-10-24 16:17:42','2017-10-24 16:17:42'),(1693,1581,'QdRhUCCy6kLP3q8BstCD2Wv8rFEMKzZY','2017-10-24 16:49:02','2017-10-24 16:49:02'),(1694,1581,'eFLohuv4ORgeqT4tXtCEhUVmcGOVjIeE','2017-10-24 16:49:43','2017-10-24 16:49:43'),(1695,2229,'jQAXCy4IZStsxSSOh524BTSsHnKBeBUL','2017-10-24 16:54:12','2017-10-24 16:54:12'),(1696,1581,'LTuT0uKuTZmKFb8qhsEIP3GMkU9AXydN','2017-10-24 16:55:09','2017-10-24 16:55:09'),(1697,1,'i5B2lxJaQfi5h8SftqVTBRqWok53jQ26','2017-10-24 17:00:33','2017-10-24 17:00:33'),(1698,1581,'CA5xQkMXn04JhusyL5y4K0jfShLYalI5','2017-10-24 18:38:57','2017-10-24 18:38:57'),(1699,1,'g44jIZ74qwpqjysZWBcH8h0GGOnOhFB9','2017-10-24 19:27:24','2017-10-24 19:27:24'),(1700,1330,'KS78Xkq77gCCIkQcmwhUugmpqiMbbiZd','2017-10-24 20:01:00','2017-10-24 20:01:00'),(1701,1,'pv7ouTTWYTg2P4FlDAABdrmvbElHBsfd','2017-10-24 20:30:19','2017-10-24 20:30:19'),(1702,1,'rwVWfu3SQioeio9ekTEOAeSeV8tnyj0J','2017-10-24 22:30:19','2017-10-24 22:30:19'),(1703,2229,'mKTgoZmdH8p66d3n16eGwDNly3YRpjNk','2017-10-25 13:02:47','2017-10-25 13:02:47'),(1704,1,'ZuSVZmHjrM6ZnZ5DC991CFUEzj2YWCcq','2017-10-25 13:44:14','2017-10-25 13:44:14'),(1705,2128,'bDFC8aUA2RL8FSvkr0M4AK0W3HxKw7L3','2017-10-25 14:12:43','2017-10-25 14:12:43'),(1706,1,'GzB4LdUJgsFk9QiRCIdnF56G5m2xsjhr','2017-10-25 15:10:00','2017-10-25 15:10:00'),(1709,1,'jqavKtFziYWQiYwR14P1cKXKIMnGMnHP','2017-10-25 16:19:26','2017-10-25 16:19:26'),(1710,1,'81BbLFQwKaqFt5W8NpOvOHSRMmxs3iyV','2017-10-25 16:25:13','2017-10-25 16:25:13'),(1713,2229,'EjGzTpbY7rj6GDjCJRIcBDJLfu6zDfi5','2017-10-25 18:09:31','2017-10-25 18:09:31'),(1714,24,'ME19BqY6r9JZi0UGQqlruegVhJvfYxfA','2017-10-25 19:48:22','2017-10-25 19:48:22'),(1715,24,'5c3pMjklIOUri1wBXLQfZU5wqM6x9YiP','2017-10-25 19:48:22','2017-10-25 19:48:22'),(1716,1,'tkbeCpBP8Ts3Xcdlhods2VKs1vKeJWFA','2017-10-25 20:46:50','2017-10-25 20:46:50'),(1717,1330,'RJkkTM7RGNYXeUeVamX1AdJp5MkS9wrA','2017-10-25 21:47:18','2017-10-25 21:47:18'),(1718,1,'x1YDwfO7QI5aaV0QeXwKOSqMcBWnvXPG','2017-10-26 00:42:34','2017-10-26 00:42:34'),(1720,24,'BhSToOjfcLs2OMBpmvSUmpOxkSupBN8v','2017-10-26 14:59:49','2017-10-26 14:59:49'),(1721,1568,'rc8O88Zu6sEZKTKJWDW8fows29samVB1','2017-10-26 16:35:58','2017-10-26 16:35:58'),(1727,306,'hlj8IkcFHuhUerYJoKAyDlDz6rrSSmS1','2017-10-26 16:40:41','2017-10-26 16:40:41'),(1730,432,'q08Yy2OF2lHB4E1DT4H0d4ZGNwaVNJZn','2017-10-26 16:41:29','2017-10-26 16:41:29'),(1732,428,'Lvq2Y7BZzjBACTuO3wBZZhL5rXawzC4Z','2017-10-26 16:41:45','2017-10-26 16:41:45'),(1733,591,'o7lHMo2cwYYQzt8BFfBMAkoTBOBtWiMa','2017-10-26 16:42:34','2017-10-26 16:42:34'),(1735,306,'pcW1NAPK4Zc0iSQHwb19vpLZjvN2950P','2017-10-26 16:42:42','2017-10-26 16:42:42'),(1741,1283,'oUv27lFqiwIKZ5ibeiqrxVx3yLcYvi1u','2017-10-26 16:44:57','2017-10-26 16:44:57'),(1742,430,'C7L7Zg6OgxV4uU1QY5OwBiHyWHf8GLI6','2017-10-26 16:45:39','2017-10-26 16:45:39'),(1743,330,'yEl59ILQDqi6FcFqWUrbGVGpsHD543NX','2017-10-26 16:46:07','2017-10-26 16:46:07'),(1745,359,'29rCO3OhYDXIBTAOGKqHd4oX6A11Mmu1','2017-10-26 16:49:56','2017-10-26 16:49:56'),(1747,359,'uVZvzgzPUUhe1jLaO2dfsJDXlberfgz6','2017-10-26 17:02:34','2017-10-26 17:02:34'),(1748,1509,'vcmfQSSOtEWUmOWcHRBBy9hweD1AEaDI','2017-10-26 17:11:08','2017-10-26 17:11:08'),(1750,2332,'qrwc6c3Nj5BrP28dLIhdbaNpwON36f69','2017-10-26 17:15:15','2017-10-26 17:15:15'),(1751,2237,'K92sW6TdBjcVtwBDNPZoLyWmjfxxagkV','2017-10-26 17:19:41','2017-10-26 17:19:41'),(1752,1,'BZskTjXua3scqGZUDAibyiiy0edX2Uwu','2017-10-26 17:25:22','2017-10-26 17:25:22'),(1753,1536,'0gDwGe5TG9rmx5XFNPPhgN5lCk9mLmRl','2017-10-26 18:35:33','2017-10-26 18:35:33'),(1754,306,'4CEQ3KZl0Tp6fvJYXFiqP7Ik2VpiR1rJ','2017-10-26 18:57:34','2017-10-26 18:57:34'),(1756,499,'xVIMprOUgdwdaWWZB6AOAOETiXTSx1hJ','2017-10-26 19:01:34','2017-10-26 19:01:34'),(1758,499,'JVKTdMZakoBWSQ4pnvB27558BReb3YAm','2017-10-26 19:39:03','2017-10-26 19:39:03'),(1759,1,'37I1eX9uBYVALJ08mHmm3KEzajWRg5e9','2017-10-26 20:00:21','2017-10-26 20:00:21'),(1760,325,'isqWlZjYRarkvSpDXX15GPCnKc1CRc3O','2017-10-26 20:11:39','2017-10-26 20:11:39'),(1768,431,'KXowZsPXnYySBopK4En2O6OI8IqVbY2s','2017-10-26 21:02:41','2017-10-26 21:02:41'),(1769,139,'CEmV7ImDkfSXaLyQA1FzRivSKrVaeT7Z','2017-10-26 21:02:49','2017-10-26 21:02:49'),(1770,682,'AIbbVKDJlBjlHuQBXbgt7EYOde5nQpFX','2017-10-26 21:03:07','2017-10-26 21:03:07'),(1773,928,'0o3rx0qbgNbxSp98RG9yBNubhtbGCJGc','2017-10-26 21:05:12','2017-10-26 21:05:12'),(1776,430,'JqMFPZLGZ0XVkLZ4AbbUoHre3udCKZfW','2017-10-26 21:10:43','2017-10-26 21:10:43'),(1779,2160,'FFZpihODtUFKE575LNkeur9gMbf4Nwph','2017-10-26 21:48:57','2017-10-26 21:48:57'),(1780,432,'IhvHML5TZHKlUBjvOQDBYL9tsNehMeXm','2017-10-26 22:27:05','2017-10-26 22:27:05'),(1782,2234,'8kkST4q7lyfoV0es5NsmoA6TIVs946Ve','2017-10-27 15:31:42','2017-10-27 15:31:42'),(1783,2234,'lU2UIB9KmUhDlyv6SSYoDWGYp5ILmdoi','2017-10-27 17:17:49','2017-10-27 17:17:49'),(1784,390,'wxJBzfaF8OW9hlp4maPIPjfUVL5HcnJr','2017-10-27 17:26:48','2017-10-27 17:26:48'),(1789,875,'BxGVconjtg8ZJqHTK1Qwoa3x6UME61G2','2017-10-27 17:48:32','2017-10-27 17:48:32'),(1793,432,'e7zPS4hEIlkLDosPyh4rnaLV0iMAqLRF','2017-10-27 19:03:34','2017-10-27 19:03:34'),(1794,1,'hUkjo6KrwIReQWidKiF4WKYR4NMB0Kvo','2017-10-27 19:08:36','2017-10-27 19:08:36'),(1798,2034,'qRtoedmFH3W0swXMKQjzDWftIu5OpSFr','2017-10-27 19:22:18','2017-10-27 19:22:18'),(1800,1,'qyJRkbi5f76iPET0I2p7KC9Fv7Tb0dSF','2017-10-27 19:50:04','2017-10-27 19:50:04'),(1808,327,'TrcTzLoGbLh7d0h9C6JUfuohUw4GWJu6','2017-10-27 21:08:26','2017-10-27 21:08:26'),(1809,327,'MS9YSB50cCmRsu27FProHRkhdk4iiQrN','2017-10-27 21:08:27','2017-10-27 21:08:27'),(1815,306,'5z0u3GzMS1TVkShTh5pDuvU7iTrRn2qg','2017-10-27 23:54:49','2017-10-27 23:54:49'),(1816,306,'gufDx3Ol7iKzJbICZmMSUhE0AlE31Qtb','2017-10-27 23:54:51','2017-10-27 23:54:51'),(1818,591,'L05Im5HRc0KU6C0KzEXUyqopCyAsGCo4','2017-10-28 11:58:36','2017-10-28 11:58:36'),(1819,591,'lkZHPTHEXxpG7puryMNsdqirBjquptDt','2017-10-28 11:58:39','2017-10-28 11:58:39'),(1820,591,'zdira7WTjCvcmWrUvhfo8bEV7jJPUUTV','2017-10-28 11:58:47','2017-10-28 11:58:47'),(1821,591,'L7ZQGIHDfkJex48KuZ1pNZ6o0pvmvsLM','2017-10-28 11:58:48','2017-10-28 11:58:48'),(1822,325,'ZV4XWlo8NDvknPU9JNPyQnqK8lOurHum','2017-10-28 13:11:33','2017-10-28 13:11:33'),(1826,1,'pSe20VQPggr0J4qL1yLIXD6glUxniPlg','2017-10-28 20:49:37','2017-10-28 20:49:37'),(1827,1992,'pVAYzkUpg3GiJjESaLDejShi9SC4RG7H','2017-10-28 20:51:57','2017-10-28 20:51:57'),(1828,2228,'HmYBtvzslwqopF9p4In1pAoZfnAnn3wG','2017-10-29 21:30:14','2017-10-29 21:30:14'),(1829,1330,'2xy0npeAojwEK7AqEFTJXyBULfbbLe2P','2017-10-30 13:28:12','2017-10-30 13:28:12'),(1830,325,'2OwpyWs5sGLOLf6gXDS2TR2yAeuDLEyc','2017-10-30 14:07:19','2017-10-30 14:07:19'),(1835,346,'KtuIBBd8gM2z3fOtVbgww7Qv4GRNLAzo','2017-10-30 17:21:02','2017-10-30 17:21:02'),(1836,325,'zlUILpMGN040Dj4dwNnQ88d5f7L6DYfR','2017-10-30 17:48:30','2017-10-30 17:48:30'),(1839,1059,'nRj6oXelYrH7B7HSPj04TLgAiPpsCvPB','2017-10-30 20:28:08','2017-10-30 20:28:08'),(1841,2237,'GlKj1mNkPGXSDO00g1yBSkL6wvZQeZPf','2017-10-30 21:14:31','2017-10-30 21:14:31'),(1843,2117,'OoClSZyRWhr3yQy7Aw56UCxi3SLc9jtQ','2017-10-31 09:51:25','2017-10-31 09:51:25'),(1844,1330,'tpvc7omppMCVdXwR73TNpz23EC2B8OX5','2017-10-31 13:35:02','2017-10-31 13:35:02'),(1845,2126,'ucXAOECoBlf3pt0NqJQGczVaQawibRBt','2017-10-31 13:55:14','2017-10-31 13:55:14'),(1847,1059,'2q3JWOFOKu8pxXIBgT1vGgE3tV4DdkoO','2017-10-31 16:04:08','2017-10-31 16:04:08'),(1848,2034,'qF0RAKYgiwd1MnJ4q4lrTSB4axqfyfJg','2017-10-31 16:06:53','2017-10-31 16:06:53'),(1849,1990,'pzszOX7TvztCPfKfWrqiRuVMx6qOhEwg','2017-10-31 16:31:37','2017-10-31 16:31:37'),(1850,1990,'c55nUtweSYv3IPDRTst1b7Pv9gZBvKST','2017-10-31 21:13:32','2017-10-31 21:13:32'),(1852,1568,'hwF5iJQlFXMyM9TbIiXMO1N6VAthdFtj','2017-11-01 16:44:03','2017-11-01 16:44:03'),(1853,1568,'BLG1XMV51LMD5jKqZvsIBmzASIGN7hD8','2017-11-01 16:44:06','2017-11-01 16:44:06'),(1855,1529,'xQobSzEpzqn3SqcZBfH1YPMK2BBkXKNG','2017-11-01 18:53:08','2017-11-01 18:53:08'),(1857,359,'ZzKHKvxG5dc22ZTBYvyku17sDNyArprP','2017-11-02 02:35:39','2017-11-02 02:35:39'),(1860,1283,'Qri12ouzDa32m9o2HGVvxQ2UpeSFjifv','2017-11-02 16:32:56','2017-11-02 16:32:56'),(1861,2343,'pcEqbnyfw0taW4XRLWFzP9J3tjQKjHYF','2017-11-02 16:46:38','2017-11-02 16:46:38'),(1863,805,'SgJQ5YX0cq9it8ePfM61R4X8cuAG7Xic','2017-11-02 16:56:33','2017-11-02 16:56:33'),(1865,325,'bdbV0gfArn8NHXQjpUkzIPoKhvM8H7ph','2017-11-02 22:22:03','2017-11-02 22:22:03'),(1867,84,'b9czBqI6VCdRTNVZbpwDLdanSZnW6KHz','2017-11-02 23:11:36','2017-11-02 23:11:36'),(1869,1,'9IJ3NUbPMsP0tKqUvGoOAdNBU082qft0','2017-11-03 00:04:37','2017-11-03 00:04:37'),(1870,1541,'iy4qG62gWx4qEQIhxUT1GVqy0fYsturp','2017-11-05 19:18:33','2017-11-05 19:18:33'),(1871,1541,'lHnB6oA2ct7E0kRxye6FlxT3DCetRBM0','2017-11-05 19:18:37','2017-11-05 19:18:37'),(1873,430,'6vb8jO5yvPNniO9BxQ8h5r3p26XkJfnb','2017-11-06 21:38:30','2017-11-06 21:38:30'),(1874,84,'nS1LBRPnUvoNgEACcNALIpvXcx2q53Re','2017-11-07 00:42:33','2017-11-07 00:42:33'),(1875,1330,'K3asUzfzMqU6x0CzB7Wc8otsUGYT0HfY','2017-11-07 15:30:09','2017-11-07 15:30:09'),(1880,320,'sgCbwKIspk8yi1PPcvctyFGqXJyYCTIa','2017-11-07 17:25:31','2017-11-07 17:25:31'),(1881,320,'sEVGB6BFI9q7Sop8T23vynldWU9aAmlG','2017-11-07 18:31:12','2017-11-07 18:31:12'),(1882,238,'IczemzfqEBJIKYNUObduuX8QDg3WUQtT','2017-11-07 18:42:11','2017-11-07 18:42:11'),(1885,24,'lMkzzUDL3SJOX6FWeUKEr9psML2bepJ2','2017-11-08 15:08:33','2017-11-08 15:08:33'),(1887,1330,'VTzn2ywhDhlzQxHElyUZObHtV0D5ylsO','2017-11-08 21:39:53','2017-11-08 21:39:53'),(1889,1325,'KSxdpiFAsGiojjWTbF01bqiYolKNP6vT','2017-11-08 22:58:52','2017-11-08 22:58:52'),(1890,84,'HTd9XZrC7QcEAZqaqsBfA7CnybDTyVuh','2017-11-09 01:49:09','2017-11-09 01:49:09'),(1891,430,'30R1BodpJNO61UMYocF3V0d1jwyiAH1B','2017-11-09 18:27:40','2017-11-09 18:27:40'),(1892,2128,'CzK9Qx3he6nNMJfYxdXDXKwfKYEuX4yh','2017-11-09 19:03:30','2017-11-09 19:03:30'),(1895,389,'J6dCzQ71TyBpDp5Y5umuOm30E5N81el4','2017-11-10 15:39:58','2017-11-10 15:39:58'),(1898,2229,'KKpBIqjOqFOHjEwVGp2aUK5faBleI1Fr','2017-11-10 22:54:02','2017-11-10 22:54:02'),(1899,327,'Phc3wD8EREXg44x8Kp6EpvwfnMLt5s4j','2017-11-11 18:00:38','2017-11-11 18:00:38'),(1900,327,'JoqUENcjOK2igKRjFaIF7MyiDxTCdGKJ','2017-11-11 18:00:41','2017-11-11 18:00:41'),(1902,2229,'TbYLqnREqIHwpFMqhzhRK4tVn37m5Q2i','2017-11-12 14:25:25','2017-11-12 14:25:25'),(1904,407,'MFPaphLjEnplAuuf6NCAJPGWgUKUQ53I','2017-11-14 03:42:13','2017-11-14 03:42:13'),(1905,407,'ils1wuaMVs80YmO46A7lxOqRvQBmH5fb','2017-11-14 03:42:41','2017-11-14 03:42:41'),(1906,407,'FaLhKzerOszUQRBDdp2RI61GlJVIBGJI','2017-11-14 03:45:14','2017-11-14 03:45:14'),(1907,320,'OpyMUJ1RuTRaRBZ6YUZnK1LypFbcDWk9','2017-11-14 16:59:24','2017-11-14 16:59:24'),(1909,428,'wLovIAbgRsQcSmbaEL46xa1hSRdtRmip','2017-11-15 23:28:03','2017-11-15 23:28:03'),(1910,2283,'5tuUg2uK2apjVlgDp9q7DO1HzH8al3Gl','2017-11-16 00:18:32','2017-11-16 00:18:32'),(1911,2283,'XiBpf1jnvkxQ5dcJTEumig4CZaMuINJJ','2017-11-16 00:18:35','2017-11-16 00:18:35'),(1912,2283,'cvzNfGlBSZe7vyRKczUvgC5ifsVRFJlF','2017-11-16 00:18:36','2017-11-16 00:18:36'),(1913,1568,'Se8nF1MOPtTcWnoYyEDh0InDp6pg0HrF','2017-11-16 17:02:09','2017-11-16 17:02:09'),(1914,3065,'PqXyOrrbFzKNRd58bBzHLuAv2IuQ41l8','2017-11-16 17:02:39','2017-11-16 17:02:39'),(1915,805,'lEAEjWyybJastM7fovYBXKyLhXKDHGaq','2017-11-16 17:38:59','2017-11-16 17:38:59'),(1916,432,'j5A6UgwTnxwEgF2sgFIjcOGShAqNa1bU','2017-11-16 23:51:32','2017-11-16 23:51:32'),(1917,3065,'VXYufkHHjdofHzNrziUjnEvf2slkyQZG','2017-11-17 15:48:28','2017-11-17 15:48:28'),(1918,1999,'4sPMz7sBazKwE9AsNHq7K9QcxrjM0mpX','2017-11-17 16:48:11','2017-11-17 16:48:11'),(1919,3064,'4uLnWPj40tiyWE0LdiBPvFhOy8PBVUuv','2017-11-17 17:43:40','2017-11-17 17:43:40'),(1921,330,'y11zUCyMglbmemkom7clhVfVnkIquO0o','2017-11-17 17:51:54','2017-11-17 17:51:54'),(1922,3065,'42kkgAV1woIE8p5eAS8kBZ7ZFrxqXhCi','2017-11-17 18:07:43','2017-11-17 18:07:43'),(1923,3064,'C14yrrQkOqprHSKE7JzqML6k8ieGyZWj','2017-11-17 18:08:39','2017-11-17 18:08:39'),(1925,3065,'nbS3Kqprs4AAuqM5EetmMuFjWx6hMUiQ','2017-11-18 16:52:13','2017-11-18 16:52:13'),(1927,3065,'NZL4AUKtJUNiOhSn5TWoo701c072sIno','2017-11-20 04:05:44','2017-11-20 04:05:44'),(1928,1,'c3ls3Kz4Y0ilTJRDeb6pVXwMDQe3lHbJ','2017-11-20 14:55:48','2017-11-20 14:55:48'),(1929,3065,'1hkhxMkruc7prLf5FNoz9yDC0u7LNGFu','2017-11-20 14:59:31','2017-11-20 14:59:31'),(1931,3065,'LjgxBgQ6amc0AqkeMUHDL2d4nC6SiBOP','2017-11-20 18:26:43','2017-11-20 18:26:43'),(1932,3064,'D1OsECJXME07o0DskQHaY2DyDKRf24xS','2017-11-20 18:29:30','2017-11-20 18:29:30'),(1933,84,'DJHKQrQ7lcOJaEwAdY6SGuiG2xO8vybo','2017-11-20 18:42:28','2017-11-20 18:42:28'),(1936,100,'oMkFQ4cEXgi0iEFfsHYrjZd3J4GHVodM','2017-11-20 21:06:18','2017-11-20 21:06:18'),(1937,3064,'BsXdtYPRlVwUtYNIrxfkgSkZV8Yox53Q','2017-11-20 21:12:02','2017-11-20 21:12:02'),(1940,3364,'NcLTiyokHheyvTuhdQLvpzwezSP79hLM','2017-11-20 21:19:31','2017-11-20 21:19:31'),(1942,3365,'sOxtRjufK2UNs4QM14LTxB67qjxvCOIk','2017-11-20 21:21:54','2017-11-20 21:21:54'),(1943,3365,'yYS3RYETv21gz27XKrsrPBndOqA8PxgU','2017-11-20 21:29:02','2017-11-20 21:29:02'),(1945,3065,'yfh7tJY0HSMAM0q7871MGXwssK36JYBM','2017-11-20 23:11:58','2017-11-20 23:11:58'),(1946,3065,'tbm3BLgJJzFz0LzpxMe4IRLDvrvIU7wm','2017-11-21 02:20:00','2017-11-21 02:20:00'),(1947,3365,'DJlJG8C7im75Av27sqPZlFXuvmaR80rh','2017-11-21 11:37:45','2017-11-21 11:37:45'),(1948,2132,'ACSIhnLCvKn8xkreEIukQHdRlo4fF34C','2017-11-21 14:36:45','2017-11-21 14:36:45'),(1950,98,'UHkOndhCKVZpwlcegSrOVPc4uxog3m97','2017-11-21 21:43:35','2017-11-21 21:43:35'),(1953,1999,'yykYJ3FYd1ieIpcQC3BNbQi1I0zELdHR','2017-11-21 22:18:46','2017-11-21 22:18:46'),(1954,2126,'285KwV0loi1aLcyAJHL2Jf0bwc7giUrP','2017-11-21 22:23:10','2017-11-21 22:23:10'),(1955,1999,'RoDhWpWa6nU8X5hx6boVKfS5gH1Gqusp','2017-11-21 22:26:37','2017-11-21 22:26:37'),(1956,1999,'fixYjLwAxht85BSGhsoJ0N8A9ghFYL4c','2017-11-21 22:27:36','2017-11-21 22:27:36'),(1959,84,'BVXD7muug5xFdbbTR2SUt5JaMKxhE5ho','2017-11-21 22:30:11','2017-11-21 22:30:11'),(1960,1990,'m90HUZ9m0zeH2ltCGETH4clBdKogzaVE','2017-11-21 22:30:56','2017-11-21 22:30:56'),(1961,1,'i4tQNv59TvLc0a5mP7KnJyQ51Iml4Dmw','2017-11-21 22:34:24','2017-11-21 22:34:24'),(1964,2126,'jrxhbJ413E8xN3v35qslAekgm3QIenLz','2017-11-21 22:49:19','2017-11-21 22:49:19'),(1966,1324,'ApmgwkhZ2ABPeCkanhBIlTpnfb9A54wV','2017-11-21 23:00:06','2017-11-21 23:00:06'),(1970,74,'Xkv9rbIFo7tnyTbQerRkA1RzlMpuzVL9','2017-11-22 01:37:26','2017-11-22 01:37:26'),(1971,98,'FySLgx5DxwNV96Gp7EWVpdGA9z18pMxP','2017-11-22 01:59:32','2017-11-22 01:59:32'),(1972,98,'TyIp8jYv1r599CVdgvrTm7lmgxYChevn','2017-11-22 03:47:52','2017-11-22 03:47:52'),(1973,98,'4JuEnc85kDul4YqadTZBA9Yn6ROTy0b7','2017-11-22 03:50:36','2017-11-22 03:50:36'),(1977,98,'Y7lM8P1qlPWe8ZfQrBJ4ZXE20icEaEcS','2017-11-22 17:49:10','2017-11-22 17:49:10'),(1980,1999,'LZ8hJAmewfnevqYHVhNsdjstlb0NDj8q','2017-11-22 18:41:19','2017-11-22 18:41:19'),(1981,1999,'moxSV3SqkwafVHJMOh4tmGjsarXfNM9w','2017-11-22 19:07:28','2017-11-22 19:07:28'),(1984,177,'FFovCznsbTSkNLztbD4lcnIW6vq9v89i','2017-11-22 19:19:50','2017-11-22 19:19:50'),(1986,530,'80pFugMNm8xxZHZXhH3boh90azhIVETC','2017-11-22 19:21:23','2017-11-22 19:21:23'),(1988,454,'j0VDtI9H5j4ekWK9Q3HMuYGxuBmnTS0a','2017-11-22 19:36:42','2017-11-22 19:36:42'),(1989,160,'PFEC96kHVhYVUwwpsgHZ6wyMLREGHdtl','2017-11-22 19:47:41','2017-11-22 19:47:41'),(1991,344,'JQ0kIRNgaUTKxEIzXNymaAaE2DpEvHoM','2017-11-22 20:00:57','2017-11-22 20:00:57'),(1992,454,'24Mv8YoAHdYEoPBf0WSNWMMXDiU4qvRN','2017-11-22 20:52:54','2017-11-22 20:52:54'),(1998,144,'40IGABFmioaGTIzbwQ2iXQmzxxDVgDns','2017-11-22 21:56:45','2017-11-22 21:56:45'),(1999,177,'f3btaTNP2N1OJEmdLSMr1O4RiRKMqgch','2017-11-22 23:17:36','2017-11-22 23:17:36'),(2002,131,'jVaZ23FlcX2MnpuPbSAKR7faem6PVYXf','2017-11-23 14:10:49','2017-11-23 14:10:49'),(2006,1,'dL9SfKWoVwpJwsjz2yGpqpWMZ0tnhivm','2017-11-23 15:23:20','2017-11-23 15:23:20'),(2007,1,'CgJY7YDalReSatdM7pW9oxIwlYAJvOOw','2017-11-23 15:33:31','2017-11-23 15:33:31'),(2008,177,'e2Rlx2fgJS9EAoHywI2rYGRHAS7PcD9J','2017-11-23 15:35:48','2017-11-23 15:35:48'),(2017,3065,'OceIn61AI6YkSfha6mho4xSyB9Gomm7A','2017-11-23 17:37:57','2017-11-23 17:37:57'),(2029,204,'ZuRWVW7IAKCBGr4jGJ5tMyLW80jAUci4','2017-11-23 19:25:04','2017-11-23 19:25:04'),(2030,173,'j3BARdnl6kiiHh04ur99b72hjEQlRnlN','2017-11-23 19:26:07','2017-11-23 19:26:07'),(2042,357,'RMVcheCuFq7xrDJgoEuJKsASgLNG0uSD','2017-11-23 19:46:31','2017-11-23 19:46:31'),(2044,269,'bprJaXJXzcCTzSylP5HkyVdBGML7wBdZ','2017-11-23 19:55:29','2017-11-23 19:55:29'),(2045,329,'y4TpMsIz8OgKvt0WDtDAhIY6tgh30G9J','2017-11-23 19:57:11','2017-11-23 19:57:11'),(2046,200,'yQtvRXpfl9SFbwO5PYbiQDWE2MFCrdwd','2017-11-23 19:57:57','2017-11-23 19:57:57'),(2048,200,'UQOWoWrMq2zTv7NgLzkTEPZVIOVlB97d','2017-11-23 20:01:12','2017-11-23 20:01:12'),(2049,344,'3BRspXEDAPWLkXzUzrE7QkwabedUCNbK','2017-11-23 20:14:17','2017-11-23 20:14:17'),(2052,213,'O374rCcr6pQ2G9ExzE2JNYs4krtfULt0','2017-11-23 20:16:40','2017-11-23 20:16:40'),(2053,526,'cIE60JQJ5E3OpI9JcPaTXU72KiKt2HsB','2017-11-23 20:17:11','2017-11-23 20:17:11'),(2061,171,'TJN6OJC5BRs34pi3iDvuZFQBjn4lG1bR','2017-11-23 20:38:52','2017-11-23 20:38:52'),(2068,162,'8nwit0DQ4IfMZMLc3isXGMhz4OhwJLfc','2017-11-23 22:32:20','2017-11-23 22:32:20'),(2070,256,'7TYXmWSsS0TzkRR4gzP6RDtlJJ7xE7C2','2017-11-23 23:33:49','2017-11-23 23:33:49'),(2072,454,'r2NcH4jnaUIz9uttnlLcWFMpSBsqvvlo','2017-11-24 00:40:19','2017-11-24 00:40:19'),(2073,204,'ivlZKwZORr1UBrNzS3YP2r1X8J2NR24L','2017-11-24 02:33:54','2017-11-24 02:33:54'),(2076,1,'dq1MtDUhlld7KEEySvlTdq7oPTJlrBj4','2017-11-24 14:41:12','2017-11-24 14:41:12'),(2077,200,'Yi9mIIXpd170x3aQhKyGTbRaiKoj3DfG','2017-11-24 15:19:51','2017-11-24 15:19:51'),(2078,204,'s4yaMMh7hfsN62JcZScNxykU1ESyk633','2017-11-24 15:43:09','2017-11-24 15:43:09'),(2079,173,'MHbSgQGKVH34Gb0oYLnHC0KpkEPmiYAE','2017-11-24 15:58:08','2017-11-24 15:58:08'),(2081,186,'N8um5mR2QR8zGoIItJtxf50duSxrBVjb','2017-11-24 16:17:21','2017-11-24 16:17:21'),(2084,177,'lTsXgpYmaT94FXCPuyBRr2ZAm5BTkVNG','2017-11-24 16:28:20','2017-11-24 16:28:20'),(2090,466,'6cNCdxnWEnnDtXHqSU4J8uaJJ2XaputY','2017-11-24 17:03:04','2017-11-24 17:03:04'),(2091,1999,'zvb4zVgUj5ZqIYbiao2w76dhZt6T5n6z','2017-11-24 17:32:55','2017-11-24 17:32:55'),(2092,1,'qc6nQ8KZNJibMx5XElMToD8WqE1VNkDm','2017-11-24 17:43:02','2017-11-24 17:43:02'),(2093,256,'c8sVybiWa2avC1bg7nzvlu5M4v05rpzc','2017-11-24 18:16:32','2017-11-24 18:16:32'),(2095,1080,'rMO3sCVftWqYlUBtOD5RRa910XtwSAoZ','2017-11-24 19:17:12','2017-11-24 19:17:12'),(2106,973,'ZVOH3TGy0KJ0gOAJN9r5pPV21iLlWX6i','2017-11-24 22:27:48','2017-11-24 22:27:48'),(2115,466,'cbRoDkIFxcnO8hDufrgsJShrKhTtwBbt','2017-11-24 22:58:09','2017-11-24 22:58:09'),(2116,1999,'gZGXPvmG9fBzOb61gnTy1S6uR7dOutC5','2017-11-24 23:06:28','2017-11-24 23:06:28'),(2117,200,'oxJ3XcHd7HXLNxz7vkB2DgRSX18Jzmqw','2017-11-24 23:06:34','2017-11-24 23:06:34'),(2121,1999,'A88ho3od2iFZwEeLO4eT5ih5oJj5Ic7l','2017-11-26 00:18:19','2017-11-26 00:18:19'),(2123,329,'1kPmsyFqh9YWwLw4BdY7cQXsPdn2VdaT','2017-11-27 01:47:42','2017-11-27 01:47:42'),(2124,3365,'nPyc7ZC3PJVtelsDKFjFKudbNE2msAos','2017-11-27 03:00:18','2017-11-27 03:00:18'),(2125,329,'ZGCIR2FY2xQpKLndx4SI9GbtVPnygRfD','2017-11-27 14:11:01','2017-11-27 14:11:01'),(2126,200,'Ak6JVovBbFqOu7QMyveIabAhefwOER8Y','2017-11-27 14:18:07','2017-11-27 14:18:07'),(2128,526,'lKXOXIfIekfc1Xd4VQqZXPkOheyrlMWd','2017-11-27 15:25:09','2017-11-27 15:25:09'),(2132,973,'G0ZR62JAVKgINwiIA98DuMu1AffplW92','2017-11-27 16:17:20','2017-11-27 16:17:20'),(2135,179,'OsvbYNDBCbZ5MZYCt5Jz9jNCzuPWQEQ8','2017-11-27 16:41:45','2017-11-27 16:41:45'),(2136,200,'icXEB2nSiDEF6OXITtthvtOHdjiLzpiW','2017-11-27 16:43:46','2017-11-27 16:43:46'),(2138,162,'oKTrfjuzsduKM5cGhK5afvDjPfYNOWT9','2017-11-27 17:03:47','2017-11-27 17:03:47'),(2142,526,'wkzSC0gJqJXY67fyjxm5IYT0zM3tyjGi','2017-11-27 19:19:26','2017-11-27 19:19:26'),(2147,175,'qqEwYCNYxfUvnhEUsSWsBM59pSS2tylX','2017-11-27 19:44:27','2017-11-27 19:44:27'),(2151,223,'dXc1qRBKRgOT0oppCnlSdmY1S2v9Qn8a','2017-11-27 21:38:50','2017-11-27 21:38:50'),(2152,1080,'N6iRXdL9VhFhpwbUZZspyGQG9hf40DXK','2017-11-27 21:45:41','2017-11-27 21:45:41'),(2153,311,'Uxi8wNeuHQiXqtf6P9rdipLVkFWpCrA0','2017-11-27 21:46:22','2017-11-27 21:46:22'),(2154,2229,'3OIQxCgN7PtPgdFUSfSAI6x9Z2kF9LCK','2017-11-28 01:46:37','2017-11-28 01:46:37'),(2155,98,'FIZUcoecEGFCRRA7JILI5bhxBTAB5RGG','2017-11-28 02:46:39','2017-11-28 02:46:39'),(2157,1509,'U8soAaE3zNmg9a1woOEzkUFL0O3jrSWA','2017-11-28 18:55:59','2017-11-28 18:55:59'),(2159,466,'MGVJj8mHoIK2cSVgTrBm56u8swKVPKav','2017-11-28 21:22:40','2017-11-28 21:22:40'),(2163,171,'fqqyJssxmkL1uGA6tYxU9f4aENF62i5M','2017-11-28 22:26:32','2017-11-28 22:26:32'),(2164,200,'AjfwtJeAEacAyRSeQ0j5SPqrnJ3dkHLR','2017-11-29 16:28:59','2017-11-29 16:28:59'),(2166,1330,'PvQzCiie2hefGb6tvqszcbpgL8g3wouC','2017-11-29 18:22:04','2017-11-29 18:22:04'),(2167,177,'o7pfB9sJuokRVZczSAEGELk7oLd8noB5','2017-11-29 19:20:16','2017-11-29 19:20:16'),(2168,2283,'lnOUhk52N23QA3IL0dhSs5cUi1TM5d3V','2017-11-29 19:48:05','2017-11-29 19:48:05'),(2169,2283,'uyuDOfy78D0TpNOMxBoVHfCDdOIYlApP','2017-11-29 19:48:16','2017-11-29 19:48:16'),(2170,2160,'GyjrR8QFYrW4CdmNljNtnTWlMrT3QKaP','2017-11-29 22:26:48','2017-11-29 22:26:48'),(2171,98,'3WXtX6akb7nKcYfuTi3KPJkDZPBFtY6A','2017-11-30 05:51:53','2017-11-30 05:51:53'),(2172,98,'56AtjrzIkKdbNl9Acco9fdRTzM1i3sld','2017-11-30 05:51:53','2017-11-30 05:51:53'),(2175,1555,'ZxKnKtdL69rSDo4fSJBedjtejqMDqcft','2017-11-30 14:33:04','2017-11-30 14:33:04'),(2179,2006,'yQKAraOFbemmKMwqnX7KaCo1TWl0lxKe','2017-11-30 14:52:18','2017-11-30 14:52:18'),(2184,394,'iPHCbfsQB6kjoWIc3dj3yZamnQ844tzo','2017-11-30 18:25:15','2017-11-30 18:25:15'),(2185,2006,'f5wJG0omxyujTlOKYfNWauQ2hf68OwVP','2017-11-30 20:17:07','2017-11-30 20:17:07'),(2189,296,'ruOKgWz2ToUtGqteYsE8rWaUIuzmVhYd','2017-11-30 21:15:46','2017-11-30 21:15:46'),(2190,256,'BvmSXIS7u36xxcj79GsclDh0IRtzBn8k','2017-11-30 22:44:50','2017-11-30 22:44:50'),(2191,329,'2CxoEUr3QEm6VXut2TVgcfAVfWkxDFI9','2017-12-01 20:57:23','2017-12-01 20:57:23'),(2192,329,'7XpmVzuR8V1QNnWnT2UOZdMkX5MJv2s3','2017-12-01 20:57:30','2017-12-01 20:57:30'),(2193,329,'gGsH76QjCYmF6YbiHJpq8mHjf6Stnka1','2017-12-02 15:34:39','2017-12-02 15:34:39'),(2197,1992,'6YfLRsZaAwHJxjWHfkAzEs5XVfSlBDXR','2017-12-04 15:00:21','2017-12-04 15:00:21'),(2198,1,'GIcWBHbHv9PAYtxhwYUm4ugHSFuuME6u','2017-12-04 15:05:52','2017-12-04 15:05:52'),(2202,1474,'SQRUA7q06Y8voHChNEzl4O2Cvqd3WZhq','2017-12-04 23:27:51','2017-12-04 23:27:51'),(2203,1555,'w3A8l4jrSawJqIc8HosCQZxEznOwcQSM','2017-12-05 14:38:26','2017-12-05 14:38:26'),(2205,2004,'CDZccDXV7q6Y31USRHtVKR0lbWssOUQC','2017-12-05 17:47:23','2017-12-05 17:47:23'),(2209,2009,'IctsfgScH9t2QPg7jvQhihy149WU3XBk','2017-12-05 18:12:07','2017-12-05 18:12:07'),(2217,256,'HHho3MfM0NrWqphonnqgPIfZ7T1AAM66','2017-12-05 23:01:22','2017-12-05 23:01:22'),(2224,1330,'uv8YXvqkKLYOrPFpji2itv1gpo2R9PRc','2017-12-11 15:12:43','2017-12-11 15:12:43'),(2225,329,'UvUmb7aaL21NiXXIGQ79XIomP3E2Yc8P','2017-12-11 16:14:06','2017-12-11 16:14:06'),(2227,2160,'lSfqiGAWvkE2dd6SXCeFabNl7sE4nrri','2017-12-12 14:09:37','2017-12-12 14:09:37'),(2228,3064,'puJqodcur4lvRUTbJ7rYFu0hkYfYe7RB','2017-12-12 15:16:39','2017-12-12 15:16:39'),(2232,329,'ONYYWYfaCX4FJDpambDypzD1yEIhJTV0','2017-12-13 18:18:46','2017-12-13 18:18:46'),(2233,329,'RI1gpZ3BWIHa3TkXmQ5wjOGCEl69poFX','2017-12-14 16:27:49','2017-12-14 16:27:49'),(2235,200,'yHQULCNFmdKlFpiDmShuQb3sLDy4whLc','2017-12-14 16:44:04','2017-12-14 16:44:04'),(2241,2132,'qOLc6SNOpWJraGY0FC3IkEdePUj5I8ek','2017-12-14 17:41:54','2017-12-14 17:41:54'),(2242,2132,'LLp7PdzhILy9rkg0ag0kEpMR2klardXf','2017-12-14 17:42:17','2017-12-14 17:42:17'),(2243,1534,'q3ktTDwOn8wMmKZp3I5r5rV2hVb80Way','2017-12-14 17:49:23','2017-12-14 17:49:23'),(2244,526,'mb8VIxvBvevcvu3B67gjAB9K9X7UvRI8','2017-12-14 18:18:00','2017-12-14 18:18:00'),(2246,2311,'eaoTMKaUOAKQ8TmuBdezJxf0KoCASF0D','2017-12-14 18:53:11','2017-12-14 18:53:11'),(2247,329,'wegI7AcPErkugG9C1EexS4L4v8LJAmzx','2017-12-14 19:07:25','2017-12-14 19:07:25'),(2250,55,'yyB9i1g3UkmETl4FL2wR8EeFG2a8pESL','2017-12-14 20:55:38','2017-12-14 20:55:38'),(2251,54,'1rcmEAduyH1CgYC414xU4jdV6tyxuUoi','2017-12-14 20:56:39','2017-12-14 20:56:39'),(2255,1895,'YBuIZHNj9NyuwK2nNfozbdgfj0cZD132','2017-12-14 22:09:44','2017-12-14 22:09:44'),(2258,526,'JsVAL3ue2e8cEX2Jmriy124zRpTLfnRE','2017-12-14 22:21:11','2017-12-14 22:21:11'),(2261,1909,'Waa5TSrJQoiGudb5xTWxgtS1U3vWrzCv','2017-12-14 22:25:25','2017-12-14 22:25:25'),(2264,1895,'9ZaMq29eeFbWnSYqLXxylRMnO9kL6ofa','2017-12-14 22:26:14','2017-12-14 22:26:14'),(2265,1909,'aqAmyMxH2AaPmAo3jeLCpD3tIP75vJVx','2017-12-14 22:28:04','2017-12-14 22:28:04'),(2266,1909,'9ChIAyui81qrFipNFEcrAEaTnY06rDZO','2017-12-14 22:32:53','2017-12-14 22:32:53'),(2267,1909,'JxaRtyi4hLRz4ZzFFyTnQ1Eh9hBNyy5g','2017-12-14 22:38:18','2017-12-14 22:38:18'),(2268,834,'ujEbDPczn5ge5psUAlx6k55HUVXNQ1Iq','2017-12-14 22:49:51','2017-12-14 22:49:51'),(2277,1975,'sYsUjPAzbJrkQJnXIwprkaDl8azUuuoH','2017-12-14 23:15:42','2017-12-14 23:15:42'),(2278,454,'Q26plbs4QqgkusI9iLyeOIVrqBgq4C6E','2017-12-14 23:20:48','2017-12-14 23:20:48'),(2279,443,'8EiyV7uTX2IefcscBpK6MzQQBHcmiLEw','2017-12-14 23:39:54','2017-12-14 23:39:54'),(2284,1910,'99mpdNgbkudI60eXL6LOMoxtmxzutCdW','2017-12-15 15:30:11','2017-12-15 15:30:11'),(2285,93,'MoTBepbj1bAc4HNBHfrrFrqs4jlHuz0w','2017-12-15 15:39:56','2017-12-15 15:39:56'),(2286,526,'I7NbVs9CIjIBPx3NCEZusB8Rn4h09xyB','2017-12-15 16:06:15','2017-12-15 16:06:15'),(2287,200,'mccxYNbmsxwZZLeVQA1l3Tz136V7zg5I','2017-12-15 16:29:09','2017-12-15 16:29:09'),(2289,526,'sGLDTpxk78x3nZyD0WHpW0wnoljYSF6s','2017-12-15 19:38:15','2017-12-15 19:38:15'),(2295,526,'Q2bEK6hQZrUDD5V2ufaeCFdxseV43fu4','2017-12-15 22:05:51','2017-12-15 22:05:51'),(2297,2385,'DCWweF6F8YHy0xPSMUsfr7aMteo7MV4x','2017-12-15 22:56:34','2017-12-15 22:56:34'),(2298,2060,'KMUJ5Zp2vL9tnsLFWqPUPoYm7S0d5zTQ','2017-12-16 01:24:48','2017-12-16 01:24:48'),(2299,1992,'ufYH7JiD41qBFR4zdFWDurvAl7t63jUj','2017-12-16 01:26:32','2017-12-16 01:26:32'),(2300,1,'EsaXJmbBwvnvXmzpuywuub6xUIb3l6G3','2017-12-16 02:11:23','2017-12-16 02:11:23'),(2303,526,'uWKGGEz0UacAZIinma4czZk2wC5JJEhg','2017-12-17 07:37:07','2017-12-17 07:37:07'),(2307,1,'sam5TehpoVAEmsVg0e6A2KH26MFpQxIS','2017-12-18 02:43:11','2017-12-18 02:43:11'),(2309,323,'5m4HzAAfH2SCc8pDZJoipcWjdi2nnJF0','2017-12-18 17:12:35','2017-12-18 17:12:35'),(2310,311,'z2dPJ21FE1SEYiLCfiYElsg18Eb4Whc0','2017-12-18 19:57:28','2017-12-18 19:57:28'),(2313,256,'tlbEo5cFz1lB1z1Hf1gou9cLoKiAIlCk','2017-12-18 22:15:55','2017-12-18 22:15:55'),(2314,329,'EGfNShKyVM5rDQzDhre2xkv2fMLAn4DM','2017-12-19 13:36:51','2017-12-19 13:36:51'),(2315,200,'cp79mPmmm68MSNCDQ7eMjn3kK0lRiApQ','2017-12-19 13:37:24','2017-12-19 13:37:24'),(2316,329,'VjdxWKb5BKYjRRaV0SlCcll1bMyOnM8R','2017-12-19 13:40:47','2017-12-19 13:40:47'),(2317,526,'y51XeK9YQGCqZ5elQM2UoQR9uq4yz3wv','2017-12-19 17:03:59','2017-12-19 17:03:59'),(2318,1992,'C14cqO9lzIIwpDjjtLTU03hmHLDPipSA','2017-12-19 17:42:15','2017-12-19 17:42:15'),(2319,2006,'EqSNgoO3EHJFBEBP2hAsay6WFAlKOt3d','2017-12-19 18:06:03','2017-12-19 18:06:03'),(2324,329,'yEWOSOooArScyaXwwfCdmi4gXrvo3Pfh','2017-12-19 22:59:54','2017-12-19 22:59:54'),(2325,329,'VPx1EAnHClBk0FJEAAxbUPTszePds2A3','2017-12-19 22:59:56','2017-12-19 22:59:56'),(2326,526,'IW7w0dgUOkb75Q5O8jXoBxCsyP2ZVNyy','2017-12-20 00:12:09','2017-12-20 00:12:09'),(2327,200,'EbEvJwVfCgrjd4HTegzH2PyAz1ATanyQ','2017-12-20 14:36:01','2017-12-20 14:36:01'),(2328,323,'I0xq5cv4Bu6dnrUmPhDOZer9enuwWjpQ','2017-12-20 17:11:11','2017-12-20 17:11:11'),(2330,526,'K29s8i4ldeuaFZA7PFIhcftFoGcRP7tx','2017-12-20 18:04:51','2017-12-20 18:04:51'),(2332,329,'P1dDYdmgODFmN5Kup1LGhVfHOQU0c8qd','2017-12-20 21:51:03','2017-12-20 21:51:03'),(2333,329,'iuHkvO7xE7U5v53gMOUoj15An1x9k6cD','2017-12-21 14:17:07','2017-12-21 14:17:07'),(2334,2160,'KR5LIUKqWl34E0sWNeKQDDLWIdebUsia','2017-12-21 14:46:52','2017-12-21 14:46:52'),(2336,1992,'hjdBmx6gC1yX9S05tFS1kDLQuN7izhMa','2017-12-21 17:54:10','2017-12-21 17:54:10'),(2337,2006,'5gRSJe6p6lpNB4hGa65mt1zcH7QltOyZ','2017-12-21 20:37:16','2017-12-21 20:37:16'),(2338,2160,'qpE1pN93sR5QLguBU4CU0Yj2Nyj3Xw94','2017-12-21 21:34:02','2017-12-21 21:34:02'),(2340,311,'yAjWt5b8Vww0Q093wL02cwKrwVFH6V6V','2017-12-22 15:04:24','2017-12-22 15:04:24'),(2341,2004,'NLDajYzEJlQNurBXmluGRUwaFQujLrwE','2017-12-22 15:47:11','2017-12-22 15:47:11'),(2342,1999,'PKjAMRLZzJB9AccJDPOONLCLPXViSGqP','2017-12-22 15:47:14','2017-12-22 15:47:14'),(2343,2126,'Op2MkbgcU9FGoeg9AgA9PdCBwlNcaRrg','2017-12-22 19:19:04','2017-12-22 19:19:04'),(2344,200,'j3OdciUMKWbr9nslIDRmY2fyC44FjtPP','2017-12-22 21:03:14','2017-12-22 21:03:14'),(2345,329,'0fR64ZI90SItZf1VuofwSe5p5bOR1ccI','2017-12-27 13:12:59','2017-12-27 13:12:59'),(2346,329,'Zat1EMbd4mCtXP0TrD7WnuuZF0Uvp5rm','2017-12-27 13:13:01','2017-12-27 13:13:01'),(2347,2373,'YcfYQn0L7tXZ3Z7eDNdkK9DoNv2Y4wer','2017-12-27 17:02:03','2017-12-27 17:02:03'),(2350,143,'jVdpsuVV0dtgSxjD4KrFagZZAeyi6mGF','2017-12-27 18:34:05','2017-12-27 18:34:05'),(2351,1509,'ImT0TwOp1tzyvmITG88wz8MHzjLRhXc3','2017-12-28 18:00:07','2017-12-28 18:00:07'),(2352,2119,'4VcFfDraiGPA9gkrTVbNvZMWhzxePcu4','2017-12-28 18:49:27','2017-12-28 18:49:27'),(2354,50,'JP4t4qax227LiL7QUsCqwgAY25sVen2d','2017-12-28 20:11:08','2017-12-28 20:11:08'),(2358,2283,'e7HYfJs1XI1igFydCLWiSF7QC4QAlGUZ','2017-12-29 22:12:55','2017-12-29 22:12:55'),(2359,2283,'rLajupSgKh74UJF39juYlRjC5Sb6Ofhu','2017-12-29 22:12:59','2017-12-29 22:12:59'),(2360,320,'8ZAOLbljRO5yImlADqsZjJiROwynRp0z','2017-12-30 02:57:59','2017-12-30 02:57:59'),(2361,1999,'e9UiGqhydK5WC8x5ekvs2oZSomch63xX','2017-12-31 06:22:50','2017-12-31 06:22:50'),(2363,407,'fa3ADYkxcfE94abr2GJpwlD5eA31ofiH','2018-01-03 03:52:42','2018-01-03 03:52:42'),(2365,329,'Lqjb9Lqv23UiEK8Ylve27sVfp48bTE7I','2018-01-04 14:15:01','2018-01-04 14:15:01'),(2367,2283,'3K8dSRbW908NTlgYnoDoz4z6AhdyCJeV','2018-01-05 23:22:04','2018-01-05 23:22:04'),(2368,2283,'FV7NZqmzgLewAzcgBizfqEtfIUue6GQ9','2018-01-05 23:22:06','2018-01-05 23:22:06'),(2369,2283,'hPLYCrILXOVBmgw3oYZGCfcqt0SniaAe','2018-01-05 23:22:08','2018-01-05 23:22:08'),(2370,2283,'acR9eHkhC1eA0Ssn7eUzl0rF0oZ2m8W2','2018-01-05 23:34:17','2018-01-05 23:34:17'),(2373,2004,'iEIdI4B6oiJ4ZtgDagsFafitrZZL9iU5','2018-01-10 04:55:17','2018-01-10 04:55:17'),(2374,1330,'qzoYHrJnoyaJ1G8dbcdYVj8yfS54DJrj','2018-01-10 14:38:33','2018-01-10 14:38:33'),(2377,2035,'aNcuSFK6j7MyJc9JfQAmYzUL1lN7hdKO','2018-01-10 17:06:12','2018-01-10 17:06:12'),(2378,1330,'AZ6ATSpGWoIjVfq7L4bHGZAqEm1ZSkXG','2018-01-10 18:54:09','2018-01-10 18:54:09'),(2379,1555,'NayZlSpyynUrzwF0hQNgOE9SkLIdt1KO','2018-01-10 21:37:02','2018-01-10 21:37:02'),(2380,1330,'qXQBDpJqhvWF7L2fTrjfj6us4b3ai8Ix','2018-01-11 14:02:40','2018-01-11 14:02:40'),(2382,2228,'vKJDnFrh30q6dNwIQM1XAmt6WE2SrOoX','2018-01-12 14:25:05','2018-01-12 14:25:05'),(2383,2004,'XJZqW4TKdgtw4zkzkumk31g7GTdPswQy','2018-01-12 17:27:57','2018-01-12 17:27:57'),(2384,1330,'mdLJuWeklMBSxVxa9XGvlOahDq4k6PGh','2018-01-12 21:02:00','2018-01-12 21:02:00'),(2385,1568,'oySfbxS6EPqyFzkfSzrIUA8v1SJdnDnb','2018-01-12 21:20:38','2018-01-12 21:20:38'),(2386,1992,'yZG4vCCAHQd5Ubk5FXcrA35KgCmnYjYz','2018-01-13 23:00:50','2018-01-13 23:00:50'),(2387,1330,'kFGZKqaVdsIvGgM9ANhHCsCD171Aoz4N','2018-01-15 15:02:55','2018-01-15 15:02:55'),(2389,2004,'2la6G7cZl8CKtYALtATVxLewrRG4R8kv','2018-01-15 18:59:41','2018-01-15 18:59:41'),(2390,1992,'SCyOAo9cUNlvZ0MCvThUh92rpGxkjJru','2018-01-15 19:01:54','2018-01-15 19:01:54'),(2391,1509,'G6jNywtUifzNqSRIv3JymDqFNLPVIXYi','2018-01-15 20:05:38','2018-01-15 20:05:38'),(2392,1992,'1xZg5eN7FZPNBqDQOtN1w6M0hvdmbT4E','2018-01-16 01:06:53','2018-01-16 01:06:53'),(2393,1330,'SPuLDafz5e32nVN7xqEHKVuaowbolZeP','2018-01-16 14:43:59','2018-01-16 14:43:59'),(2395,1330,'FRCaE0q9Wb1gHY0X6cmyrvCR5yiUL2hN','2018-01-16 22:54:55','2018-01-16 22:54:55'),(2396,1330,'iiA0CTgfRLhv4XCM26VfFrpd5dFg4NlN','2018-01-17 15:29:50','2018-01-17 15:29:50'),(2397,2368,'kxaLFtvXepE79y9dFHUVDeLKrs9RMOGf','2018-01-17 22:08:52','2018-01-17 22:08:52'),(2398,2117,'ok9Ds5sYwCcIz7bghKswrPWBTm1U5VVn','2018-01-19 17:55:02','2018-01-19 17:55:02'),(2400,1330,'PBOReY6v9wCAnZEC5TKFIHnEMyZK7n33','2018-01-19 18:34:21','2018-01-19 18:34:21'),(2401,3064,'gLQpIRQPZeY14LNobz7yMmvC7Dj9zLJA','2018-01-20 03:09:03','2018-01-20 03:09:03'),(2403,329,'LPW86sG1QdVimfmVuGspN4XgJpmXU4PR','2018-01-24 19:57:59','2018-01-24 19:57:59'),(2407,329,'Bj18XAVNzFVpVYdqwX4IRWxHtxLYxRnz','2018-01-29 15:21:07','2018-01-29 15:21:07'),(2408,329,'9ksb7fAYoxehtovDJqWR9tbH2m7obQ2x','2018-01-29 19:29:36','2018-01-29 19:29:36'),(2410,2117,'L9vDXkZpg5HUh5EoO861uYnVM92jiRu8','2018-02-02 16:37:46','2018-02-02 16:37:46'),(2412,341,'BqV2SivAnsyKyIWA4IWcbXuidwYOUFn8','2018-02-06 15:33:36','2018-02-06 15:33:36'),(2413,2229,'JcPUhknrJyps5pJZj5RSSclyyePLqyxm','2018-02-06 23:09:18','2018-02-06 23:09:18'),(2415,2113,'R84LD8ZHnM8gaIC3yFGlui3QSWtXjFkM','2018-02-07 19:30:50','2018-02-07 19:30:50'),(2416,1992,'YhzVaKdRtgswVq7rnq8Z2zSLFuIS31Bg','2018-02-07 19:31:10','2018-02-07 19:31:10'),(2421,1480,'eiN57jzsGohCYNpoLXSCrjnzubPf3HTM','2018-02-07 19:32:26','2018-02-07 19:32:26'),(2423,1468,'CQkpBMzVfUti7b8oVtQqfvk1NFg2JzMX','2018-02-07 19:33:38','2018-02-07 19:33:38'),(2425,1473,'A9Ft8OvhnTzmF5Pmpz9AyYPrfYuD9WV6','2018-02-07 19:34:20','2018-02-07 19:34:20'),(2427,1480,'c2DpCNPfCruP6vHm6bf6zQn9bDwGpzX7','2018-02-07 19:35:24','2018-02-07 19:35:24'),(2428,1992,'DegZQjO3eJTbpo7bGIM7Z52kK0c7KE4C','2018-02-07 19:36:40','2018-02-07 19:36:40'),(2430,1475,'gj3aH8wQcS5BG02mXvipnjyyJtaRSiuJ','2018-02-07 19:42:13','2018-02-07 19:42:13'),(2431,1,'lTdD6V2BuTUSOVDax3kl3dMUdyvPSFp4','2018-02-10 20:50:30','2018-02-10 20:50:30'),(2432,1521,'dnv8SQQw8w8NWrgw82eWgFXc5eT5v2M5','2018-02-10 20:55:55','2018-02-10 20:55:55'),(2433,1,'xi0ys0oxg5LA1sybwrJc8a69gyl9sopX','2018-02-14 20:01:01','2018-02-14 20:01:01'),(2434,1992,'gyZ2gFICslvZPT2L0B9iddMMqSozNdE5','2018-02-15 18:37:42','2018-02-15 18:37:42'),(2437,329,'ufInRb9YkoemLrR86AWHXz2m31RTfTV5','2018-02-19 21:02:01','2018-02-19 21:02:01'),(2438,1999,'rI867fVZankNVy3EG1gXEwy17V5lPZdt','2018-02-20 13:39:02','2018-02-20 13:39:02'),(2441,1992,'BGArtFPTMBVujY6xszGEZ6jCwIVp8rhN','2018-02-21 17:10:01','2018-02-21 17:10:01'),(2446,3366,'jteN9QO5I46136WH6fbxgNi55vLR3xKf','2018-02-21 17:40:42','2018-02-21 17:40:42'),(2447,1999,'0mlcUXKCpWAw4gqmOp2qAzZ0GcvxDXCk','2018-02-21 22:15:57','2018-02-21 22:15:57'),(2450,3366,'Vm7yQWzqbkQP4drHTCgq4C34uBs7nKwN','2018-02-22 17:07:14','2018-02-22 17:07:14'),(2453,1999,'aP1kxXdF7cmNJOQ4z670dDIALHTtSIAa','2018-02-22 17:58:36','2018-02-22 17:58:36'),(2456,1330,'7ubL0aRIb0UWxrni4g9aGZblgt3vEPAE','2018-02-22 20:26:47','2018-02-22 20:26:47'),(2457,3366,'U9m3c6jcq5MZeM8GPiVVldxna9r8Rogs','2018-02-22 21:09:43','2018-02-22 21:09:43'),(2463,1,'QqXUZqhYM5lpI75wMl4uN77XaeneUakt','2018-02-22 21:42:50','2018-02-22 21:42:50'),(2472,3366,'PCXondjyr7lrfKw6zJ1N1s76HborSYBw','2018-02-22 22:24:10','2018-02-22 22:24:10'),(2473,2229,'2MCj2TUb03On2oryX3TX21t0U97cE0D8','2018-02-23 15:18:46','2018-02-23 15:18:46'),(2474,2034,'HnuEhKfObM4buE4jIimQ4CE8iyyLG9XA','2018-02-23 16:53:57','2018-02-23 16:53:57'),(2486,1996,'CWV9vo0gxk82hpGuqws0ddxCrg4qrhJ6','2018-02-23 17:16:36','2018-02-23 17:16:36'),(2488,2034,'D19TTzdZIyIMBAc2419IQCbffrD4H3fP','2018-02-23 19:28:23','2018-02-23 19:28:23'),(2490,1,'5s9BN190qDwmCXEDyGY95dQpyQExn95V','2018-02-23 21:24:28','2018-02-23 21:24:28'),(2492,1992,'u4GXydswsp4cc9bphAyNUSmODDBUiwmO','2018-02-23 22:20:20','2018-02-23 22:20:20'),(2494,1,'fjy75CNlZ7J4Go9TyT1gv8WOlptVilGU','2018-02-24 19:51:16','2018-02-24 19:51:16'),(2495,1,'bltrLNY4kl5L16Ps3YwJE8Dl3aVdwzO0','2018-02-25 19:25:37','2018-02-25 19:25:37'),(2496,1,'8jC8jPaSooM7ssg7WvucfCP9wKmR90ml','2018-03-02 20:56:18','2018-03-02 20:56:18'),(2497,2113,'tpR7s1Jmce599S7mgzRx3LMzLr1S4i87','2018-03-03 05:13:39','2018-03-03 05:13:39'),(2498,2113,'53kXbE15qLzxh7x2AdnKqn5owskcciOL','2018-03-04 17:21:21','2018-03-04 17:21:21'),(2499,1,'PBri4hLyixjtAFw64yecHk7GmR3b86Mg','2018-03-04 21:33:26','2018-03-04 21:33:26'),(2509,1330,'pvSLjzTndJzNqvep5V1oN5eaWCNnpL5y','2018-03-05 15:26:37','2018-03-05 15:26:37'),(2511,2126,'CLxx8x7v8XHwQD5n1OD0kpspCT5pG4yD','2018-03-05 17:22:26','2018-03-05 17:22:26'),(2512,3064,'MAnxpC6aJZIEE0oDPFwHRQHnf8H5mzGf','2018-03-05 17:47:25','2018-03-05 17:47:25'),(2513,1330,'YXV1HH1hroZg47UgTcrG02pe83caQ376','2018-03-05 20:46:34','2018-03-05 20:46:34'),(2514,2113,'ygkTNwX2TNBCPxsoYZnhnScD1LCgObWD','2018-03-05 21:10:41','2018-03-05 21:10:41'),(2515,1,'FbaV87lZaorkaqBoWUpSpgMyy2hQ3PS0','2018-03-06 01:30:48','2018-03-06 01:30:48'),(2517,1,'CfgkekBRrYu75W5IFDURJa5EtRhMhzzQ','2018-03-06 12:30:36','2018-03-06 12:30:36'),(2518,2025,'8yW4gOaQpxqYqWdovhgLqzZbQioqdHoS','2018-03-06 14:55:06','2018-03-06 14:55:06'),(2519,1330,'Qgje2u8w24jHW047zIv26WNA5trG0tig','2018-03-06 15:19:56','2018-03-06 15:19:56'),(2522,1,'0J2VOxgxjClHTOvl8YP3NKc9pbhRWYMN','2018-03-06 15:38:33','2018-03-06 15:38:33'),(2524,1,'svVxpYRklOKOytt76RPPjnLHOLJy4cVg','2018-03-06 15:42:49','2018-03-06 15:42:49'),(2528,1,'zQ6zE1wreVXXLUSAwGFdxrxIuOXtC4pr','2018-03-06 16:46:00','2018-03-06 16:46:00'),(2530,1994,'DUGjhtwxWt6gxKRusPS1E5dCqtUpuYNV','2018-03-06 19:02:19','2018-03-06 19:02:19'),(2531,2035,'9goFrZhO8BMtxEtdlcSkxpEs8imyJxZI','2018-03-06 19:03:34','2018-03-06 19:03:34'),(2534,3064,'6ejKkR6rIc5fn7nhXsJWJJTh2hpv9yP8','2018-03-06 21:39:59','2018-03-06 21:39:59'),(2535,1985,'L2jNqIZ9mpQ60L9aJvNdlM6QWUWZzZQ0','2018-03-06 21:40:58','2018-03-06 21:40:58'),(2537,320,'ZrhQaWLEm5vDDvvQ3yXInoTbcxE2N38n','2018-03-06 22:49:35','2018-03-06 22:49:35'),(2541,1498,'hPGa87T9k55Q4nIbNe7ZLxhKNthyvxcg','2018-03-06 23:29:10','2018-03-06 23:29:10'),(2544,2190,'CkaiDThBoZTJpN8KkLdNbyZ7OnW9dEce','2018-03-07 15:00:17','2018-03-07 15:00:17'),(2547,1,'ClJlWffpudqLklVZ79oCyuQzBIeQYxJG','2018-03-07 15:04:20','2018-03-07 15:04:20'),(2548,1474,'KrRO1opaQlMMsdi8T6KBYVu8ip2lRTyH','2018-03-07 15:07:38','2018-03-07 15:07:38'),(2549,1498,'ZF5jlKQw7KOhEs6kL7vTcVBbbBJrdK2Z','2018-03-07 15:19:45','2018-03-07 15:19:45'),(2550,1502,'nvclrwhSio3jyiiwrwGwBENQnosbP4Cr','2018-03-07 15:20:54','2018-03-07 15:20:54'),(2551,1498,'42AxLgnH5On4UWJ1Ay1ScwSJLWUJHShl','2018-03-07 15:22:05','2018-03-07 15:22:05'),(2553,1498,'147AS5oTtRuYpS2Il6H9e8y0o0GdWrtg','2018-03-07 15:22:29','2018-03-07 15:22:29'),(2554,1498,'xzkdckQvBHvmN9ymZThEFOE71rnLSVOs','2018-03-07 15:22:31','2018-03-07 15:22:31'),(2555,4435,'U6XZIXbpibCZDgL4tNPhY3KhFxlwmPII','2018-03-07 15:23:18','2018-03-07 15:23:18'),(2556,1322,'jPP7rIsAFsDvbbO4fWOr8g1VHtIRu1gT','2018-03-07 15:25:49','2018-03-07 15:25:49'),(2557,1498,'h9iIGZicEygfst8FbvBukQA7fdvPjIID','2018-03-07 15:31:45','2018-03-07 15:31:45'),(2558,2006,'OLGBsbE4rBVLnrqrHkQrfR3K1oK8hCel','2018-03-07 16:01:57','2018-03-07 16:01:57'),(2560,1330,'g0m6aJ5RELEze2CSDcMwBvMtDajnguB9','2018-03-07 16:16:32','2018-03-07 16:16:32'),(2561,2029,'0aFJ7lG1xR4hXNwYy4nIiGAmv3QTpMDV','2018-03-07 16:16:34','2018-03-07 16:16:34'),(2562,2119,'oTfBwJKmZjkM8PdOcdnfOQMRePsa3UNs','2018-03-07 16:24:02','2018-03-07 16:24:02'),(2563,2004,'irbiL3fQ5Pi0yNevnmXy4ASuLQzolOIJ','2018-03-07 16:41:33','2018-03-07 16:41:33'),(2564,1,'uH1DUrLP0969bY4Cl0BV9ebRJNGRHxnA','2018-03-07 16:45:36','2018-03-07 16:45:36'),(2565,1992,'R9nEAJXQRy4dKJolGEWhQIPaUU65mg4a','2018-03-07 16:51:39','2018-03-07 16:51:39'),(2566,3064,'wa9Egghf00sksPLUn7wwYBTgvGrHDgX2','2018-03-07 17:43:05','2018-03-07 17:43:05'),(2567,1502,'I81Fz2vnVahsfl9pXf4T02k8G0QHPRXC','2018-03-07 17:49:54','2018-03-07 17:49:54'),(2568,2006,'Tdasu8TeHsswyFSAFRlTKJVGMHnY3q0w','2018-03-07 18:49:29','2018-03-07 18:49:29'),(2569,2005,'FW7Ueuy5Jd9yA0Qj1gieBsJJvkgQdG6e','2018-03-07 19:08:04','2018-03-07 19:08:04'),(2570,2119,'hz0clLMrKzJLk11X4ut6DM4Tg0cWKUVx','2018-03-07 20:10:46','2018-03-07 20:10:46'),(2573,3064,'2ifKZ7TQ4igIUDa59gckBzuOj9Hhaojn','2018-03-07 21:03:55','2018-03-07 21:03:55'),(2574,1,'XYNO5VbglgvsQSjdw1OKm5sKocASGACK','2018-03-07 21:05:35','2018-03-07 21:05:35'),(2575,1474,'e9RyMGUKKfc10KIhK6on5oHuyMrMflMi','2018-03-07 21:09:13','2018-03-07 21:09:13'),(2576,1330,'mVnGMm71KXTXucQtdEQSHYB1B2rr93uF','2018-03-07 21:14:35','2018-03-07 21:14:35'),(2578,47,'tTifnGdlaAlfxtUUXYIWBtAyhSlM5Hup','2018-03-07 21:27:57','2018-03-07 21:27:57'),(2580,1502,'cQZfsdTc0z0wdGd1UygZXREakMS86r6q','2018-03-07 22:41:54','2018-03-07 22:41:54'),(2581,2118,'RuJn7TkO6jmnzHdc7ampk5lVM005fa4q','2018-03-08 13:06:24','2018-03-08 13:06:24'),(2582,1330,'9AiXSEm3lEQYOgcUuBgCX5eiuSMh1kL9','2018-03-08 13:58:10','2018-03-08 13:58:10'),(2583,2006,'8gsopf63UHpo5SVxMVNYcVLxOnUlqj4M','2018-03-08 14:26:02','2018-03-08 14:26:02'),(2585,2119,'jCMHzPIFzb0EpS6bYn4twv0C9xdOnR4s','2018-03-08 15:05:42','2018-03-08 15:05:42'),(2586,1994,'WZH0FsBGaU3CpweKe1dgc51nJZx99gGw','2018-03-08 15:46:11','2018-03-08 15:46:11'),(2587,2285,'9QvJ2Woq5mHV42Z77GQPrUlgIFoFVroe','2018-03-08 15:51:47','2018-03-08 15:51:47'),(2589,3064,'4z3aW6dQhrcTXdLWmPQA1huHWYg3nWVF','2018-03-08 16:34:50','2018-03-08 16:34:50'),(2590,1330,'ho5XstKwcn5tMcpIritHh6H6gUIvQ6XW','2018-03-08 18:17:49','2018-03-08 18:17:49'),(2591,1322,'Xj9OBAVZIfXupyBwCQDfEVZifBu5re76','2018-03-08 18:41:26','2018-03-08 18:41:26'),(2592,2132,'cV2Lzbny6ajPsO2I7o5o5aIPBBIVgF4D','2018-03-08 18:44:43','2018-03-08 18:44:43'),(2593,1498,'5jTr504DCPVB2XDxPjOgPGI24WceogcM','2018-03-08 18:51:41','2018-03-08 18:51:41'),(2594,1502,'vDHmN5BVxcgGmTvl0CbrL2c94ccYVcd4','2018-03-08 18:51:53','2018-03-08 18:51:53'),(2595,2126,'0158K7hsfGU3OgDjxJtu2dviCsybpp9Y','2018-03-08 18:55:18','2018-03-08 18:55:18'),(2596,1498,'La6Ta5Qo5oWUFrHqhayhZSSQtqF9pR74','2018-03-08 18:55:28','2018-03-08 18:55:28'),(2597,2006,'vMZ6xLly0yl3ckqkhIiaduWpDvjyEU9f','2018-03-08 19:13:24','2018-03-08 19:13:24'),(2600,2366,'4eCdU3iLBLxJSbXKFtspTz1J5wmQsrz1','2018-03-08 21:14:21','2018-03-08 21:14:21'),(2601,1330,'SgzktEnCkTN2WX8kWBUO931V3lAfsveM','2018-03-08 22:16:31','2018-03-08 22:16:31'),(2603,1985,'0SPpQcP9qO1L7Js7p2dWMKPRXdi98ZId','2018-03-08 23:10:00','2018-03-08 23:10:00'),(2604,2006,'TN7laxwZh5VaNe5AXHRA80U9Ngks5V3E','2018-03-09 02:42:40','2018-03-09 02:42:40'),(2605,1330,'uEnJojOL8MaQJ4jbkzbkoDSoyv8BCK2j','2018-03-09 14:06:45','2018-03-09 14:06:45'),(2606,2285,'bPQ09n6u63hohpKC7llqIUPdstjySxv9','2018-03-09 14:22:01','2018-03-09 14:22:01'),(2607,3064,'0vCNhmY10Ey0cpkY5kkweWXcyIFkOrvi','2018-03-09 14:37:31','2018-03-09 14:37:31'),(2608,3065,'XJrJWbVYV7OP4TWplXtgiYubGcUCJecM','2018-03-09 14:52:01','2018-03-09 14:52:01'),(2610,1992,'m68mU0gPlwF9XuvkBQg0Y8JQ9g1wqsks','2018-03-09 15:41:19','2018-03-09 15:41:19'),(2611,1498,'ZQjoVMsJlo8Z2aS20sQtl1OZtjBh39rZ','2018-03-09 16:24:20','2018-03-09 16:24:20'),(2612,2285,'ewuHHAw2Km5XiWYKoIjG4QlJWW9sa6gp','2018-03-09 16:56:11','2018-03-09 16:56:11'),(2614,1,'gBEcsGBQOUdX4sHPh5W1qgU8kPE4AnuT','2018-03-09 17:07:36','2018-03-09 17:07:36'),(2615,3064,'ZySmoojnvTgJHNIY4nhnGocBSLcwxAbx','2018-03-09 17:10:04','2018-03-09 17:10:04'),(2618,2119,'oAyDdg9ILqLUE3F8VBabnWdPEynNRzjV','2018-03-09 17:31:49','2018-03-09 17:31:49'),(2619,1330,'qnfSPNgDEZvUSHcdh15PgOavIYb92HiG','2018-03-09 17:44:33','2018-03-09 17:44:33'),(2621,1487,'dZhyFuMcNTrLQZXwfpoNHmiuSehbTZ9X','2018-03-09 18:01:18','2018-03-09 18:01:18'),(2622,3065,'vZiy32C83DUi6pkRKaZXq8vrPszPNR8p','2018-03-09 18:13:46','2018-03-09 18:13:46'),(2623,1994,'Y4BlHqa0PzYkL6wjXYC1SJ4Rm1kB3T7t','2018-03-09 18:15:00','2018-03-09 18:15:00'),(2624,47,'cXAR5PPkypJMqV6CFiYe0oDSN3e7bI7O','2018-03-09 18:39:08','2018-03-09 18:39:08'),(2625,1985,'COUqryJEO12WFvvFfm7AkXeTVtVn0DsP','2018-03-09 18:52:50','2018-03-09 18:52:50'),(2626,2119,'mGskr3cog6gITMIfrCmiHQfy9fGutkS7','2018-03-09 20:27:53','2018-03-09 20:27:53'),(2628,4435,'v2YXPBMa5OtCUQSHi6vzt11kExuySZuw','2018-03-09 21:13:50','2018-03-09 21:13:50'),(2629,2119,'eH1A1y2KnunRqJh1Dss1Jo0JzV0qNPVx','2018-03-10 03:01:12','2018-03-10 03:01:12'),(2630,1,'mAcEGUZNnTiGa8a7baPNhPCTw5NmjVjn','2018-03-10 04:05:36','2018-03-10 04:05:36'),(2631,84,'KqNMU0tow76o0wNuLLrWTA6O7MoObPfz','2018-03-10 20:14:02','2018-03-10 20:14:02'),(2632,2006,'wwRpmxWXPeHQO7W2upWxcH9NOzT3Jcdi','2018-03-11 22:03:25','2018-03-11 22:03:25'),(2633,1,'hH3LAZFcVEfevwvDMufGujCYrRai6juN','2018-03-12 03:50:38','2018-03-12 03:50:38'),(2634,2119,'wgCtYDJEBe6Xv8RZrtZugvvhCtfIMARz','2018-03-12 13:52:27','2018-03-12 13:52:27'),(2636,4435,'hsYE6ulTenQB5xF22eiBpPfvaAKySA2M','2018-03-12 14:22:25','2018-03-12 14:22:25'),(2639,47,'kB1z2mtL3dCvLKXzG7SBwtSyRo7ZZiO1','2018-03-12 16:35:20','2018-03-12 16:35:20'),(2640,3064,'GuhS7zzoAORjiphCSMANsytf5Ay8NOxu','2018-03-12 16:47:58','2018-03-12 16:47:58'),(2641,2285,'h5oMxbmkIxvexine05xTc37oxAgoyc99','2018-03-12 16:59:57','2018-03-12 16:59:57'),(2642,2285,'aEdzZZwrQXoMohCokAn5DnaohPAbtusx','2018-03-12 17:00:00','2018-03-12 17:00:00'),(2643,1502,'PlXujtUoTTtnlZQZ8R0DrlBBVoNrEuy8','2018-03-12 17:10:11','2018-03-12 17:10:11'),(2644,2119,'bejAz3GKXF12kWF5gO99hRFJZFSmXjlW','2018-03-12 17:59:07','2018-03-12 17:59:07'),(2646,2285,'V7V1BdAKWHb74HGcYQVmhZerlQ0nvUX6','2018-03-13 13:20:40','2018-03-13 13:20:40'),(2647,2285,'akBunA2zP3pJZAlpxGnVMLTXFogkoCgy','2018-03-13 13:20:43','2018-03-13 13:20:43'),(2649,2119,'YEcnHlIYtYlMFt30wj7tOooRKCvKUkbu','2018-03-13 13:49:06','2018-03-13 13:49:06'),(2653,257,'EYO7RvWzO0v9cWfbSrjS1DlWPjpIROHZ','2018-03-13 14:54:13','2018-03-13 14:54:13'),(2670,211,'HZ6ogMz7II8JfWo3JbIBQ7o8rkcln3ve','2018-03-13 16:20:04','2018-03-13 16:20:04'),(2672,47,'JUEStv99zbBpZn4O090w4L7OpIZKUnLH','2018-03-13 16:47:13','2018-03-13 16:47:13'),(2677,2119,'HG4CHR4WhF30KUysh78qRPceFhkF0aSW','2018-03-13 19:53:00','2018-03-13 19:53:00'),(2681,759,'XXYCP6WULlwgFwqJL5fHklM9iOlf5yNV','2018-03-13 20:07:16','2018-03-13 20:07:16'),(2682,1207,'uAXuKdZMCII6kVT8MVESPpEr3rclLj2O','2018-03-13 20:07:51','2018-03-13 20:07:51'),(2684,2285,'H8QfEGiSrWwp1ozihMGuxDZpoVpGqrI2','2018-03-13 20:31:03','2018-03-13 20:31:03'),(2687,257,'y5ywNVwGH00CIFUroZvssS5R0tOnGTkz','2018-03-13 20:44:10','2018-03-13 20:44:10'),(2690,220,'0bb1F7czapdlddgtRILNBPywOhpUIrnv','2018-03-13 21:17:21','2018-03-13 21:17:21'),(2692,1066,'OmrpfojZ3D2aY8lQe7kR5T6jFf7XiV9B','2018-03-13 21:19:59','2018-03-13 21:19:59'),(2693,759,'uyI3exjYMwVvYN8rW4cuAkXhpmC2CTgc','2018-03-13 21:26:32','2018-03-13 21:26:32'),(2695,227,'UgI16i84OUbaAvSkpC0eY5XCJd7v3QpV','2018-03-13 21:31:38','2018-03-13 21:31:38'),(2704,1066,'tFXay9lUoBKGyLQxo1Xw6J0jAb2YjIEV','2018-03-13 22:38:59','2018-03-13 22:38:59'),(2709,257,'wwcDBTrnDpJHsKidBuG2TAd8GgzL9JrU','2018-03-14 11:32:59','2018-03-14 11:32:59'),(2712,220,'sqkokbWMwR2iVYoMIrLnKS7W3TGFkjWX','2018-03-14 13:39:46','2018-03-14 13:39:46'),(2713,1066,'haDH9yKGbTom5QwME3scgVappUgPiijQ','2018-03-14 13:56:12','2018-03-14 13:56:12'),(2714,1066,'tMf3aA6J7UTZONpxBpwzMOHZMx0pO6DH','2018-03-14 13:56:14','2018-03-14 13:56:14'),(2718,3505,'MyiKRrowt49hQ2FoqTjiuEUYKIB9JJWY','2018-03-14 14:14:14','2018-03-14 14:14:14'),(2720,317,'wPNPTX4oYR9sFTSUWgVFVUJiqOQybVTR','2018-03-14 14:34:09','2018-03-14 14:34:09'),(2721,2285,'P6HlAalnGY50ocBAhWCn0huSiIuPDFTU','2018-03-14 15:22:14','2018-03-14 15:22:14'),(2722,257,'hCJjKzkwObSZJrnVLUg1m5R9Tz3LRPbn','2018-03-14 15:39:19','2018-03-14 15:39:19'),(2723,4435,'tyJaFpKZzP795oGqTqEFMC8bfa7VT9VU','2018-03-14 15:46:55','2018-03-14 15:46:55'),(2726,1330,'u4qcOzNnGRGl9G72tl2sXpEZKZQu231a','2018-03-14 16:33:27','2018-03-14 16:33:27'),(2727,2119,'ENjrs2J1e2iVKPbfNZAkF3pwUcBkXt64','2018-03-14 16:40:45','2018-03-14 16:40:45'),(2729,192,'FUtewAiEFleHEeLcjWGeHAcnDPFbxKFw','2018-03-14 16:45:49','2018-03-14 16:45:49'),(2731,834,'ovZdUe961jhG7zqbZiNqWmJw0dlT1EmT','2018-03-14 17:09:57','2018-03-14 17:09:57'),(2734,1207,'ybB1CHkVGDRfoBq4W2TYjp4gfnwDjhfw','2018-03-14 17:47:01','2018-03-14 17:47:01'),(2747,543,'LYbPjH4G2iOmCPbZDhatD2QrVxuNwPMx','2018-03-14 18:44:33','2018-03-14 18:44:33'),(2748,543,'WYLWMasLvqTHpffyOYd6fDiIYCnIAseR','2018-03-14 18:54:53','2018-03-14 18:54:53'),(2752,4435,'VYdIQpW6i055llOjT2zLxuc6L8dfIISI','2018-03-14 19:35:40','2018-03-14 19:35:40'),(2754,2119,'RhLPQa2nUJAMdijC4rIqsJGEfaMQeoLP','2018-03-14 20:10:05','2018-03-14 20:10:05'),(2755,973,'PHdcNSfj8uYTRk2veUyw63NHgUXBN26F','2018-03-14 20:16:13','2018-03-14 20:16:13'),(2756,317,'Wnae15H6Gi3hItvkFPn65DMtH8k8zZWk','2018-03-14 20:20:12','2018-03-14 20:20:12'),(2759,3064,'pyLE26LDrHXCgF33gvxG4IxmLsym2umG','2018-03-14 21:33:55','2018-03-14 21:33:55'),(2763,477,'cmGE90BIHFjrY47YBQkiFKZB9rbTyPc3','2018-03-15 02:08:19','2018-03-15 02:08:19'),(2764,290,'ErIzJVkDVfU1TEIjupfW76olxnoDHHI2','2018-03-15 03:36:40','2018-03-15 03:36:40'),(2767,3505,'UXYfUJ70nNGYimb7TJ2nN4ySVPGXNMit','2018-03-15 13:38:30','2018-03-15 13:38:30'),(2768,2368,'J26nQbeWM1jnVgMm4KoDXD7GchySFNIv','2018-03-15 14:17:57','2018-03-15 14:17:57'),(2769,2119,'n0QEKE7cN62PQ4E401YTTUYhN4t4jD02','2018-03-15 14:24:33','2018-03-15 14:24:33'),(2772,1555,'8YFYLmswNT08vVM47uM4AJpoK83cOQxr','2018-03-15 14:48:02','2018-03-15 14:48:02'),(2776,171,'U1LRwah8bH2xFzisdhaEZDwsDRLrZyEQ','2018-03-15 15:00:56','2018-03-15 15:00:56'),(2780,4501,'4TiHJdNzIlMcliujNYtobl9GIDpITemg','2018-03-15 15:38:10','2018-03-15 15:38:10'),(2782,4502,'qHIfSRfCw8SBqFidnybVrfIZ9aKxuTQR','2018-03-15 15:46:28','2018-03-15 15:46:28'),(2787,2304,'XTH9gUhkUytSiheCwOruinBy1NbX3PxV','2018-03-15 16:06:14','2018-03-15 16:06:14'),(2790,4436,'yl7200aTGqXgzdGJB3lCzWZglrosHACM','2018-03-15 16:09:40','2018-03-15 16:09:40'),(2791,1986,'wGI2Pmy6LDUcobE0nUP5LVoGUgbOZKnJ','2018-03-15 16:09:54','2018-03-15 16:09:54'),(2795,1479,'163DLo1ea6YT1X3NCq9jWupwZYLFfSqG','2018-03-15 16:30:14','2018-03-15 16:30:14'),(2796,3505,'xePLPgYS240hpl8kpsYavo3OVI2NOXyL','2018-03-15 16:50:48','2018-03-15 16:50:48'),(2798,95,'C7PYvpvGRpHnBA8Ogk30ry66hgakNZ85','2018-03-15 17:04:06','2018-03-15 17:04:06'),(2799,47,'0UkoPeLpyXldFWPwffOVPElCpHK2Sldq','2018-03-15 17:05:20','2018-03-15 17:05:20'),(2801,2343,'fQLVVYMxSHfdJHZ6iqQdH9tXhjIoxvI6','2018-03-15 18:43:03','2018-03-15 18:43:03'),(2803,2368,'TDRiTyEUifsHfr3czJ9jiv5W3obQgSqo','2018-03-15 19:43:03','2018-03-15 19:43:03'),(2804,1330,'QukTLfpOvXpKJ3Ocqklzb2ErkBkHX736','2018-03-15 20:46:56','2018-03-15 20:46:56'),(2805,4501,'4Q2rMDfkmAO8jH4Eu89SMaAjwLWhaDbD','2018-03-15 21:02:31','2018-03-15 21:02:31'),(2808,4501,'ce4VwYP9vdzUjpNTSpUglL7bWjzp3QPA','2018-03-15 23:36:36','2018-03-15 23:36:36'),(2809,4501,'DuMxp8pZK4jGBK3YYjn6bTQRaQZB6fq1','2018-03-15 23:37:22','2018-03-15 23:37:22'),(2810,3361,'Y23uTtgmSVMaDIMVGLkIJS3tu23nCDmM','2018-03-16 01:25:10','2018-03-16 01:25:10'),(2811,1,'Gj3sRi2YkYgfaX5PmAyE4h9gbsHW9veP','2018-03-16 13:23:54','2018-03-16 13:23:54'),(2812,2304,'h2RYlFKUUFRiLkwuu6yBOoIf0vLXFtOm','2018-03-16 13:40:28','2018-03-16 13:40:28'),(2813,2113,'9vKJR6IlR0xccnWlAPtLGutlKru8aGD6','2018-03-16 13:43:58','2018-03-16 13:43:58'),(2814,1330,'HUPtVydO9zfabMmw232docgE1kDfh4zi','2018-03-16 13:56:00','2018-03-16 13:56:00'),(2818,894,'SAjinqpOjtdI3hABSFMt1aWKsgwRwrOo','2018-03-16 14:34:00','2018-03-16 14:34:00'),(2819,257,'Si7JwOEyvLroBTeSG225kcrc7dJOnnoy','2018-03-16 14:40:11','2018-03-16 14:40:11'),(2820,894,'e1fABwpgOXJ4szEu4ZYYftN2ANESIruc','2018-03-16 14:45:50','2018-03-16 14:45:50'),(2823,1,'FGt63wbzPo4I9M4R7st5qRCCMelWZK30','2018-03-16 15:29:21','2018-03-16 15:29:21'),(2824,172,'4ROGlEj47RJaploYzr4StXnbQvIzX5oR','2018-03-16 15:44:15','2018-03-16 15:44:15'),(2825,3064,'FxZ7zdvhic1mv34kditvv1wmpQHTKbcm','2018-03-16 15:51:38','2018-03-16 15:51:38'),(2826,1498,'hUzST6lVkKKWY8gpcY566W8BcO8zS1H2','2018-03-16 15:54:38','2018-03-16 15:54:38'),(2827,1066,'P6Nx2t8g8bx8HJje0Jly8G362r6HL8R5','2018-03-16 15:55:53','2018-03-16 15:55:53'),(2828,1498,'GYCtejEUvPDC7XFi9Z33AsftRcgsG4U9','2018-03-16 15:57:54','2018-03-16 15:57:54'),(2829,2119,'OHox5SPIHL9c6iCOFTT2k9AhwWIR1iPA','2018-03-16 16:00:37','2018-03-16 16:00:37'),(2830,3505,'sia70aVfBNU1aU5MkoSVdGTqxjMfY8cd','2018-03-16 16:29:55','2018-03-16 16:29:55'),(2831,2132,'zP61b7S6P3yc3oLyWyS50wC6N2Sx4zUi','2018-03-16 16:37:05','2018-03-16 16:37:05'),(2836,4435,'cBO1QTEzxazeDK3cJRD8DpiXqfERBTFq','2018-03-16 17:39:26','2018-03-16 17:39:26'),(2837,1473,'EaEjV1i7tuT9XLXdvKWYJiYeAl0pBlow','2018-03-16 17:44:56','2018-03-16 17:44:56'),(2840,1535,'jZl5cnJPTW27gZzhFpFNlNlAPRE8QtZB','2018-03-16 18:45:20','2018-03-16 18:45:20'),(2841,1535,'qqiw3dx4SUNYGkN7jNTlrovwPRPFvDSC','2018-03-16 19:09:30','2018-03-16 19:09:30'),(2842,1534,'929oR4f42GVfOC6Os4OptvjVEvux08bz','2018-03-16 19:13:02','2018-03-16 19:13:02'),(2843,257,'IFRESrGnyj4zyuyJt8BVmaJMCaooiBQr','2018-03-16 19:18:51','2018-03-16 19:18:51'),(2844,1520,'jqlZGzOaqevU2lwGOi7rRqhR7Jr5pI46','2018-03-16 19:52:14','2018-03-16 19:52:14'),(2845,1518,'gZXR6cPigHuQLp6x2yd1Z6OJ9qfrrkve','2018-03-16 20:33:42','2018-03-16 20:33:42'),(2846,4435,'99iZXlLI26znpDAcoEIi6cjNswi7gN5X','2018-03-16 20:47:45','2018-03-16 20:47:45'),(2849,4501,'eTBRein4Nx5qmdAzF0LOYHBE6sCPkj7B','2018-03-16 21:15:28','2018-03-16 21:15:28'),(2850,1207,'FSAT6vQ748sHs6kYCxUwoThtxPOBmhBN','2018-03-16 21:16:48','2018-03-16 21:16:48'),(2853,2348,'pYEfvxzTKbPTaBvObaZoYMAYXdB9GFlZ','2018-03-16 21:44:24','2018-03-16 21:44:24'),(2855,2348,'lid8y9em2nSbmrbtxKrnA0I577xUSZMg','2018-03-16 21:44:46','2018-03-16 21:44:46'),(2856,1487,'Y6TZkx9QCb9uE5q1tGKNEzblgmPpFTTc','2018-03-16 21:54:37','2018-03-16 21:54:37'),(2861,1482,'WGoGbd7kvxCGJZltowG9Y7t7f1iJKgM0','2018-03-16 21:59:02','2018-03-16 21:59:02'),(2864,4431,'SkxtBEMQpyhjquWTPtToSCPSGRQKuXNJ','2018-03-16 21:59:21','2018-03-16 21:59:21'),(2865,1483,'pUSsvH5k53cy8Y40d0OfStR5EQdlvwek','2018-03-16 21:59:39','2018-03-16 21:59:39'),(2866,4439,'RcqrvZ2N1j1CN5hyVeJ4U4HalOYXQWmm','2018-03-16 22:03:54','2018-03-16 22:03:54'),(2868,760,'0nk1AHTsUxtDdNhWp1DIKnknoIK7dLPw','2018-03-17 00:20:42','2018-03-17 00:20:42'),(2870,2304,'zVYiBmsqP16bLi2dJEVA9fy6NSrpCaoU','2018-03-17 01:06:46','2018-03-17 01:06:46'),(2871,245,'E7Oisl0mSJZb1XKFkrMBBuSUlOaxOZBn','2018-03-17 04:34:00','2018-03-17 04:34:00'),(2874,245,'Q8Ip3v9kn4dXP6ABmmVrPO0QUouoeG7z','2018-03-17 04:38:25','2018-03-17 04:38:25'),(2875,1483,'a4PYpaSt0WYwkYFaeK9eyygGdqYorqX5','2018-03-17 13:19:46','2018-03-17 13:19:46'),(2876,1483,'jaU0ykonEOBQezGNiBOisg6I4fA4m9oW','2018-03-17 13:19:51','2018-03-17 13:19:51'),(2878,1479,'UbkHpFBzUhuf91X7ASx4GmyT9JfMoew3','2018-03-17 15:36:55','2018-03-17 15:36:55'),(2881,354,'U5k9726Jr9trVhVlaycKojKzBJGFvCli','2018-03-17 20:17:22','2018-03-17 20:17:22'),(2889,304,'wF1sbsFzZGulSN1ZaRKcK74LcDnJtKe5','2018-03-18 02:01:18','2018-03-18 02:01:18'),(2890,304,'A8voEc93dOFz78fix1aB6FLSWI29ZbUI','2018-03-18 02:01:21','2018-03-18 02:01:21'),(2891,264,'RKbnTUaHoeE8WFznzed8F9Sn65TPgtZM','2018-03-18 02:02:28','2018-03-18 02:02:28'),(2892,213,'qywwyhZkqBOmwxeHS4dNU998lvgpkn44','2018-03-18 02:02:49','2018-03-18 02:02:49'),(2894,4437,'Q4BDsExfE9sJQFEta2G31BZtXYZKYTy5','2018-03-18 02:31:26','2018-03-18 02:31:26'),(2895,1,'5SCz1pzZs3at3nh3b0VP8BfcgQQwErRY','2018-03-18 05:22:19','2018-03-18 05:22:19'),(2898,581,'qWyyLadUbojYjnkVBWp5uonTeEE9Suk6','2018-03-18 23:57:58','2018-03-18 23:57:58'),(2900,581,'vFPs7eb5pMpHZ1xdhZyXAWy1n5aDA4tu','2018-03-19 00:03:08','2018-03-19 00:03:08'),(2901,1473,'6487ieXhJwrZKMtSLzEKVzuDaGhgoVE6','2018-03-19 13:38:30','2018-03-19 13:38:30'),(2902,1992,'ew5LbV1nCtq6qmw6SU4KvFAg4Xu2M9HL','2018-03-19 13:49:12','2018-03-19 13:49:12'),(2903,1467,'t1YJHpLu6PxxRmAs8Td75ZFZ1918qMBE','2018-03-19 13:51:01','2018-03-19 13:51:01'),(2905,1992,'EKgpXcty22XHpwkXkuBfE8GGFFJT1oLC','2018-03-19 13:52:16','2018-03-19 13:52:16'),(2906,2119,'VWbVmwYgOtVPkfVfnZ6wC8WYz59mWccR','2018-03-19 14:29:55','2018-03-19 14:29:55'),(2907,3505,'QRYLTwpF27cU9wSTPHXiKrp3syvzRDew','2018-03-19 14:55:29','2018-03-19 14:55:29'),(2910,3064,'DNrQ8Vd2nNDggrbU4FmqO1JnOXswaQOk','2018-03-19 16:08:37','2018-03-19 16:08:37'),(2913,4435,'7wx9tKB7LHpEkj1C4LxUdUlP1CuqtczE','2018-03-19 17:16:36','2018-03-19 17:16:36'),(2914,2119,'2HKuVbwoMDxzfFgooxQQRr4J3Oj4N0xN','2018-03-19 18:09:03','2018-03-19 18:09:03'),(2917,1992,'7vvaFRMI0aVTLlHJN3WdWEpyXYR3oEFQ','2018-03-19 20:54:46','2018-03-19 20:54:46'),(2919,354,'0SMlKLnPiUug0b6QUcR3O8q7V7CbgZdP','2018-03-19 21:43:08','2018-03-19 21:43:08'),(2921,1529,'4cAd7c7gpfWOdIgNoiAdaTtqpDgfbfeb','2018-03-19 22:06:03','2018-03-19 22:06:03'),(2922,1535,'XDr8Dva3U9Xqme3Evw7sNkhzOA91YWho','2018-03-19 22:15:21','2018-03-19 22:15:21'),(2923,1534,'Qq9x6c2c2zPInVwYHUDMcH3BxEwULOR8','2018-03-19 22:20:02','2018-03-19 22:20:02'),(2924,232,'N8tmV5kMKferZ7zAOvttzwXbb9APp1Ai','2018-03-19 23:42:11','2018-03-19 23:42:11'),(2927,232,'Ael5BXM2OWEtqqQRtf1aCASelLChT2PN','2018-03-19 23:54:45','2018-03-19 23:54:45'),(2928,232,'TJAsla3jIqgmujvTVbQDJPwj1LnO9H9E','2018-03-20 01:17:01','2018-03-20 01:17:01'),(2930,257,'VC8TlipFMv25HkYBpPaxC0ro6Kk0PQEQ','2018-03-20 01:38:40','2018-03-20 01:38:40'),(2931,1534,'wRxCBXxPNW6EdCm4wJwT2aVlTIgEfvHd','2018-03-20 11:57:44','2018-03-20 11:57:44'),(2932,3505,'G4V9pQYUSmnjfuFJO4icmNENKq6msxrC','2018-03-20 13:08:58','2018-03-20 13:08:58'),(2933,1534,'ycn66LrfVNFrZWUqRLBCWE4AXnDLJg2s','2018-03-20 13:21:53','2018-03-20 13:21:53'),(2936,1,'dcXizsKKBCC69V9IJ9CB9YZpu3yeFwIH','2018-03-20 15:45:02','2018-03-20 15:45:02'),(2938,2119,'gFNBiOUNjm713yucb6ez142TlMFZb6ar','2018-03-20 19:40:45','2018-03-20 19:40:45'),(2942,1523,'ABFnI0dqyvI6tkecwrgPDipXF2Hg9t12','2018-03-20 21:59:28','2018-03-20 21:59:28'),(2944,4551,'ObGEfcVa41k6RX4d8SgZtBgvbb9Atyc8','2018-03-21 03:52:06','2018-03-21 03:52:06'),(2949,4551,'ZA42wd1fV7srH5MQrJRP8QqqMdMvN5JB','2018-03-21 04:43:58','2018-03-21 04:43:58'),(2951,2119,'3zSvyJlFxItL0QpHkRjtWc2AEI14ArVW','2018-03-21 13:37:55','2018-03-21 13:37:55'),(2952,4435,'9Jo93JA9DDZMJBTLIMndqXvo6rEj1Y24','2018-03-21 14:04:40','2018-03-21 14:04:40'),(2953,1031,'kiVzgMK7ZgfW0uUq4a04znVSfCLq41qu','2018-03-21 14:35:58','2018-03-21 14:35:58'),(2954,1207,'PIKbRVCFcnjeirkp68u1F716Mp9PlRSE','2018-03-21 15:17:54','2018-03-21 15:17:54'),(2959,1,'6BSR1uZEY0ZCrCIgBHxkdDyHwY4wOGnh','2018-03-21 17:10:37','2018-03-21 17:10:37'),(2960,169,'fCivRLuy68dytsLnf8BFl1qnFvddAIi9','2018-03-21 17:15:32','2018-03-21 17:15:32'),(2962,268,'IcW3OAgv02IO0hodFeOa8kYKQZtGFIEH','2018-03-21 17:35:36','2018-03-21 17:35:36'),(2964,520,'mpIMtSEA7DHEY8n9H8afEHFCyBGed4Mi','2018-03-21 17:37:07','2018-03-21 17:37:07'),(2966,368,'ZDM4sfIx04oT3pDWX6V3QnHZNN4vSbYx','2018-03-21 17:42:48','2018-03-21 17:42:48'),(2969,195,'NNB6Q7juYsffR2znGqOFxA6uH9fTlclK','2018-03-21 19:04:35','2018-03-21 19:04:35'),(2970,4501,'fTwxPRRyk1lSoZLMeP1gRgOROOHjuX6o','2018-03-21 19:18:58','2018-03-21 19:18:58'),(2971,2119,'9C7DyDyvxH2ufzCamUWM1vCXV68UhWGZ','2018-03-21 20:10:29','2018-03-21 20:10:29'),(2973,2285,'72mlZWPyEsajxj2mNxFfh4wdFumB7mEa','2018-03-21 21:09:17','2018-03-21 21:09:17'),(2976,169,'5KctXZ5vuVzY78Qp2R6mF2Gg7GPaZmw6','2018-03-21 22:04:38','2018-03-21 22:04:38'),(2977,1535,'H84XiUvqBorvyrSHuSyOEeIoNTDX0Kuv','2018-03-21 22:16:37','2018-03-21 22:16:37'),(2978,1518,'Aomwr7N6DXBHOabN2qmaeZ6mfasSeUvX','2018-03-22 12:41:48','2018-03-22 12:41:48'),(2979,1519,'VY5CyYS7iAloaxYxRdv7Sz5lc5J0xUu9','2018-03-22 12:54:20','2018-03-22 12:54:20'),(2980,1519,'hpYb4RTEYCGhGANybxVPmvoPjMybtGcc','2018-03-22 12:54:22','2018-03-22 12:54:22'),(2983,4441,'pNg4ry3tkYBwk7Fso1lDCzqOIbJEHJGi','2018-03-22 13:12:02','2018-03-22 13:12:02'),(2984,1539,'VAfpKTgIkboQlyxl6BnMZITm3GFqapTh','2018-03-22 13:15:27','2018-03-22 13:15:27'),(2985,3505,'FNPJrW8VqhDz2wgREeu9Qij5NxqGa5Wj','2018-03-22 13:17:11','2018-03-22 13:17:11'),(2986,2285,'17tf2CNUh0RYpOLa9lFPB9dGEwSZvWkH','2018-03-22 14:29:04','2018-03-22 14:29:04'),(2987,2285,'thh7zdf9rUZpqYj0Y0KbBTZjkSk4dXqn','2018-03-22 14:29:07','2018-03-22 14:29:07'),(2988,2119,'RyICdic8axasZom5LDlAz3sP0FOC7NWY','2018-03-22 14:59:55','2018-03-22 14:59:55'),(2989,4435,'Xyq8xsqrq7x4Yyum0D2ODFk0v5d5dZ4A','2018-03-22 15:33:16','2018-03-22 15:33:16'),(2990,3505,'fnMIoOAxtjqx87TpO4wwZlHfYBfN7wXZ','2018-03-22 16:52:50','2018-03-22 16:52:50'),(2991,2132,'LZ0rNNhgnXRo7WZ3A75pvjTPAjojVIau','2018-03-22 17:37:51','2018-03-22 17:37:51'),(2996,2119,'YxIVATi7KSHqN9I0H4Y1exUC8zE9d2CR','2018-03-22 18:11:57','2018-03-22 18:11:57'),(2997,783,'QE93yhkDuZgQs4llsEU4WVjj98A0mUEZ','2018-03-22 18:36:16','2018-03-22 18:36:16'),(3001,2828,'ogVgEnQlxdTffAkDd7X7aiUmSlVX9dxQ','2018-03-22 20:37:39','2018-03-22 20:37:39'),(3002,2119,'XXObkaUS7yoQ0TelmkWszAPSV2n6ELj8','2018-03-22 20:48:22','2018-03-22 20:48:22'),(3003,4440,'XBlUeuZnc3FR0FpTt5AdCpe4H2TST7L9','2018-03-22 21:29:17','2018-03-22 21:29:17'),(3004,4441,'3EUweyWkMAG12iY6pR6vQhFHIlMlKW3Q','2018-03-22 21:30:49','2018-03-22 21:30:49'),(3005,1471,'lD4wnzyaEClhkhwtRo0piOiamA3t5ZF2','2018-03-23 08:54:40','2018-03-23 08:54:40'),(3006,3505,'6xiHyqfedHkeL0Gu4XRprMhx5WqzMud2','2018-03-23 12:29:58','2018-03-23 12:29:58'),(3007,2119,'xtL4rZX2e2Tbqy1qsbcOy9fE7hZM4Xkr','2018-03-23 14:58:25','2018-03-23 14:58:25'),(3009,3505,'NNzGrRYHBpnhLkKl2ZYLKnGTFdfvr0gy','2018-03-23 16:22:34','2018-03-23 16:22:34'),(3010,1,'CSGwaVSsWDa3By8oMbfmNRMbShtDlP5r','2018-03-23 16:25:34','2018-03-23 16:25:34'),(3011,4435,'3MOtbpFgh1OVsF6UMB98cIqe4HRD9ijt','2018-03-23 17:23:01','2018-03-23 17:23:01'),(3012,644,'RHmZWkDIvPtd2DDedDSAEbJ9qfEEjYcj','2018-03-23 17:41:26','2018-03-23 17:41:26'),(3014,2119,'e3jOjiWRLi6Z1MpVfVTO6p2Kl2zDPD7f','2018-03-23 19:22:45','2018-03-23 19:22:45'),(3015,1330,'ZFYBMFCBf1pdgXoR0LS7IlarKg9J1Tfi','2018-03-23 20:32:14','2018-03-23 20:32:14'),(3016,2132,'h4fBMVQuKsGMnpwoBithRPOWD9FAGjyr','2018-03-23 21:45:52','2018-03-23 21:45:52'),(3017,1535,'ZmkaA8928tvKqck9Uluk2IuwUFeS84bc','2018-03-23 22:24:03','2018-03-23 22:24:03'),(3020,4501,'GQG18Im99W3l0syqKyelmKZgyg2xOboq','2018-03-24 01:14:06','2018-03-24 01:14:06'),(3021,3505,'DOkosLe0J12c7HbRaIyDWayhPu14DBz3','2018-03-24 13:21:25','2018-03-24 13:21:25'),(3024,685,'pMPRjudNcCIjGnS7Jeyh3hEqr49lU7oR','2018-03-25 13:47:09','2018-03-25 13:47:09'),(3025,2006,'nkY3TVjTcskNQ0wuqa1UVVdHMGjvkZp9','2018-03-26 00:00:06','2018-03-26 00:00:06'),(3026,3505,'epFJKncGhfryD5TGWuvHrsG3oLhKeKIV','2018-03-26 13:24:22','2018-03-26 13:24:22'),(3027,4435,'DofScwde2faAf2pZp8tZLyFT6uOyLl8z','2018-03-26 13:42:10','2018-03-26 13:42:10'),(3028,2285,'zcmmhrOAzjrDkvQRU5Jif14Wbmr630uk','2018-03-26 14:17:59','2018-03-26 14:17:59'),(3030,2119,'r8IMYDJZxztokjd2xMn6GdHc73BOsLdR','2018-03-26 14:23:43','2018-03-26 14:23:43'),(3031,2285,'Yz7GkFQaG7jh6TMp2acdgRpgI6rd8F2x','2018-03-26 15:35:16','2018-03-26 15:35:16'),(3033,1484,'alAO6xFjvam86jla61JkniLh9UxCpMHm','2018-03-26 15:59:11','2018-03-26 15:59:11'),(3034,2132,'dYei3cHQwGfDMoJCB8lJbUxUGR9FW64w','2018-03-26 16:40:07','2018-03-26 16:40:07'),(3038,1992,'lwF86ObXYdbNkoRV3WSOtME92RIPQg61','2018-03-26 20:30:05','2018-03-26 20:30:05'),(3039,1487,'pCISgyewdhyjKz0RHfzZd9TEK2CGYQxL','2018-03-26 20:35:26','2018-03-26 20:35:26'),(3040,2119,'1fXt4ojyHhigVTqYcWEHaIy1JUEkzomx','2018-03-26 21:32:30','2018-03-26 21:32:30'),(3041,3505,'jgmuf1G2DLrqlPEQR8tM0tUOs4DFAVyz','2018-03-27 13:00:14','2018-03-27 13:00:14'),(3042,2368,'xcc39i2himCMz9M2uOui5Di7NpxRP9Xa','2018-03-27 14:29:50','2018-03-27 14:29:50'),(3043,1994,'IT01Ij3vXbdkylT3Wk4LMOZ2Qg7cU7N7','2018-03-27 14:38:58','2018-03-27 14:38:58'),(3044,2285,'ZArse2YCxtjB2oHdzoissQzyrK4B7dxw','2018-03-27 15:22:47','2018-03-27 15:22:47'),(3046,2119,'bL8Vx9PX6UVa3VjtYOTlpGOkKL9hvPm0','2018-03-27 15:32:32','2018-03-27 15:32:32'),(3047,2119,'H30lPEVvEzm6WfN1rUOpH2SnHU2LNd4i','2018-03-27 19:01:06','2018-03-27 19:01:06'),(3048,2285,'cnwNpQhoa5OaMh1VQSZpTQWu5sXP37Xy','2018-03-27 19:29:06','2018-03-27 19:29:06'),(3049,2285,'pdSJlFLuyR5pG0Sol628Dly5eDtytBpW','2018-03-27 19:29:09','2018-03-27 19:29:09'),(3050,2132,'fpP7d6FTJOFOdmS6k0W6rvNuqMBJPxNU','2018-03-27 19:38:28','2018-03-27 19:38:28'),(3051,3505,'lo8XHfDRNd1SR9fWO2yLwviwt1YFtObs','2018-03-27 21:44:08','2018-03-27 21:44:08'),(3053,1,'fYap3UmdlQpFs92lx7lqUHabvwOiysgg','2018-03-27 23:19:55','2018-03-27 23:19:55'),(3054,1,'nhz6uIgqK8eZd2lJ7euBqb8Vy8k14xMH','2018-03-28 12:47:37','2018-03-28 12:47:37'),(3055,3505,'CiPrAirQTXCLrf8xdPCY87RzIwkRoBpl','2018-03-28 13:13:26','2018-03-28 13:13:26'),(3056,1330,'Tt4hi5deHymjarGm7CFjETHh4uAVMzql','2018-03-28 13:20:20','2018-03-28 13:20:20'),(3057,4435,'5kAJQJseQaNusyjUDFehSBCi8AFqTNds','2018-03-28 13:29:23','2018-03-28 13:29:23'),(3059,2119,'41FcX5eyV5H8P9JjGr5Mlca1K04k0YIn','2018-03-28 14:15:10','2018-03-28 14:15:10'),(3060,2285,'RuQj1zI2WYyGwCYK7gPsCzkycZySILyS','2018-03-28 14:55:02','2018-03-28 14:55:02'),(3061,2285,'1WlxHaescbRT6tzH4Kj3o1Hs4LZkb4gr','2018-03-28 17:31:43','2018-03-28 17:31:43'),(3062,1330,'rUWT9zGUP360ZXiqsql6EDWMGf6Io8Fl','2018-03-28 17:37:00','2018-03-28 17:37:00'),(3063,2368,'6Ef73MBqnzwNIcJlbLTdt57i8GEYLcRR','2018-03-28 19:42:10','2018-03-28 19:42:10'),(3066,2285,'dQyUVzH5ZI3lYJ4RrwdwNlPSUZuQ9BvY','2018-03-28 21:35:36','2018-03-28 21:35:36'),(3067,2285,'bGu51dt0qllg1GCYtbLBtpI7vRZaJXg7','2018-03-28 21:35:42','2018-03-28 21:35:42'),(3068,2132,'LqIqni4epkntYXMygyJKyw7pUWOOTIGU','2018-03-28 22:06:40','2018-03-28 22:06:40'),(3070,3505,'SEi0pP0I4eOvXzSKbKlBpAsRvaAPbPaP','2018-03-29 12:49:20','2018-03-29 12:49:20'),(3071,2119,'2oJ2qg722L3ycHAkMQg2mvQL13V3addj','2018-03-29 13:45:54','2018-03-29 13:45:54'),(3073,1555,'nbHoz2aQdL4CJKK29yUFJLLSTw3qy1gP','2018-03-29 17:41:14','2018-03-29 17:41:14'),(3074,2119,'ui9LpfllBtrGYMbhUDU1S1clXj4H77nQ','2018-03-29 19:43:39','2018-03-29 19:43:39'),(3076,2119,'3cBXKt2houxzFs4A3slbpudCLgwbDmWO','2018-03-29 22:11:53','2018-03-29 22:11:53'),(3077,2285,'ABLovJ5lJ87T8jtvIpkUOLU3IB4tdfcE','2018-03-30 13:20:14','2018-03-30 13:20:14'),(3078,3505,'FegFGDGcwjOvWOy7EuK594XvTDCi24gR','2018-03-30 13:56:28','2018-03-30 13:56:28'),(3080,1502,'MTuyCZqRMdtiFYETyxgIJM8xXzIGyVc6','2018-03-30 15:07:03','2018-03-30 15:07:03'),(3081,2119,'VgAxvR8yfVxl1cWghDvQ6zk3UBZ8aKUT','2018-03-30 15:34:39','2018-03-30 15:34:39'),(3087,2285,'OSGCI9tjY6naUlFlVFpFbjCR9gwmNRoT','2018-03-30 16:30:03','2018-03-30 16:30:03'),(3090,329,'ZNvKW4eal2C1AexYVOdIHVu2KX6wNTm7','2018-03-30 17:28:12','2018-03-30 17:28:12'),(3093,2285,'c8odniVNTYlErfzIJFy3ZGopnOPpkdKH','2018-03-30 18:05:49','2018-03-30 18:05:49'),(3097,2004,'i7KxccfbI3o5c59s6vdTF363VFvQ57YI','2018-03-31 16:25:20','2018-03-31 16:25:20'),(3098,2132,'of3X1VXx0Hsb0zh6VPLc0PanpCZHGEQP','2018-03-31 19:07:54','2018-03-31 19:07:54'),(3099,783,'VJF68rF7N5KCVwC4TVHvs0nHxtCganug','2018-04-01 21:01:16','2018-04-01 21:01:16'),(3100,783,'uSfUh638nB8YCThgHwW5WpXCWdqDuMs2','2018-04-01 21:35:12','2018-04-01 21:35:12'),(3101,1,'hyNoqN8WpLttAEbty4nYE892la0lLO4N','2018-04-02 04:10:51','2018-04-02 04:10:51'),(3102,1992,'86Fffd2mkREKNiI6vzRVf0NblSQOrcPc','2018-04-02 14:18:59','2018-04-02 14:18:59'),(3103,2005,'xO01kLh8pW3N096eVCRQ5DYXLvIN1WMw','2018-04-02 17:21:09','2018-04-02 17:21:09'),(3104,1,'UfFCdwTIDo9ogC4GS7eBHkC1gelKxtOv','2018-04-02 17:24:42','2018-04-02 17:24:42'),(3106,2119,'bQVAQBDSjckzRCwoTle23ievyLc4rrBT','2018-04-02 17:46:20','2018-04-02 17:46:20'),(3108,1992,'jriK2gXETNB9UJvcOFLIlEkBSP31gCJE','2018-04-02 17:55:53','2018-04-02 17:55:53'),(3110,1,'uKvPPUjtpEpZTzvnL4DZegVJLpkXr8g1','2018-04-02 18:01:44','2018-04-02 18:01:44'),(3111,2132,'3frd4jQN1LIWrMKYaGeODxAOzbvFfSvv','2018-04-02 19:53:24','2018-04-02 19:53:24'),(3112,2285,'bUQDgZv5HDYqNu0OPj7t1TLNz7CLeqbt','2018-04-02 20:44:10','2018-04-02 20:44:10'),(3113,1498,'KgeDKiRlQv0DmlKztJsJISLqhjLD5ug4','2018-04-02 20:48:27','2018-04-02 20:48:27'),(3114,1498,'kyoMLmjZAgr2GcgEe2yDf1b07IHFomBE','2018-04-02 20:51:04','2018-04-02 20:51:04'),(3115,1,'ilW4tTVLjUkFk7CaWRIkoaLXviqdhTlh','2018-04-02 21:30:39','2018-04-02 21:30:39'),(3119,4553,'v9wMoGFngDX5IeCV7Cv9ODjuTgFq0fry','2018-04-03 13:08:20','2018-04-03 13:08:20'),(3120,4553,'6cPpHdSqnztuHsQ1aktrr8utZCsy0ZfC','2018-04-03 13:34:19','2018-04-03 13:34:19'),(3121,2132,'PUnoZzf4ZILHoCJu1VrzoCHG2db2dutJ','2018-04-03 13:35:09','2018-04-03 13:35:09'),(3122,2285,'BcYvraRysrQ4C5L69Q0lHIV96MCni8mc','2018-04-03 13:47:51','2018-04-03 13:47:51'),(3124,2368,'RrAYxzGcPYaQ3ArsCqGrCRU4AitvqXzG','2018-04-03 14:22:09','2018-04-03 14:22:09'),(3126,4553,'e3jm5NproegvGhSP7AqEQpRtoVcqFz68','2018-04-03 14:30:14','2018-04-03 14:30:14'),(3127,2285,'n0XQaEtym2q0T9Z59lUr6chHmFnQkv0i','2018-04-03 14:30:39','2018-04-03 14:30:39'),(3129,1502,'WG60E6UqW9KhX7ZwuLDsn1a2pvzVN4bN','2018-04-03 14:31:58','2018-04-03 14:31:58'),(3132,47,'PSVJTt8nfyvFBw59qfcpgutgFXA46he1','2018-04-03 14:49:57','2018-04-03 14:49:57'),(3134,1518,'AFMk4JbhHKXYU9t1zMQflkUM29TxpCQp','2018-04-03 14:50:57','2018-04-03 14:50:57'),(3136,1535,'Y5ojQlLKYGcjTJgDlLJILd53wisCYerx','2018-04-03 14:55:18','2018-04-03 14:55:18'),(3137,4441,'JadfTV5vYpZaiyHuOj9JpmMS4lRcCVfD','2018-04-03 15:16:59','2018-04-03 15:16:59'),(3138,1527,'v76km9axRJWeCjhg2tVexdQfNZBSEcox','2018-04-03 15:34:14','2018-04-03 15:34:14'),(3140,2285,'xuDw8RuWbi7dAuzlDpFKOeX2Fw9RRolc','2018-04-03 15:39:59','2018-04-03 15:39:59'),(3145,3277,'hT5hNMqqX7eCwyBj54lUo5eulN3qTW7n','2018-04-03 16:03:16','2018-04-03 16:03:16'),(3147,4435,'uVLqt9EZePVmEamTnEeOIg67oxS2SaUF','2018-04-03 16:29:13','2018-04-03 16:29:13'),(3148,1502,'L0o0uXS8lKwKCA5rMgvJFwvYK8bC4DGE','2018-04-03 16:34:32','2018-04-03 16:34:32'),(3152,1498,'qyZo6rEJet81LKESOlnmXcXoTBU0P00y','2018-04-03 16:35:57','2018-04-03 16:35:57'),(3153,4552,'nYBboURXvxY3mzecmkEe5hGLrnZKwqaM','2018-04-03 16:38:52','2018-04-03 16:38:52'),(3158,1539,'mfbBIvL743lA07hLiO5EpWWnYzjqgNmt','2018-04-03 16:45:55','2018-04-03 16:45:55'),(3159,1330,'Y3EdpJdaPRSeaPFuXhHbK2w7W77jEHks','2018-04-03 16:49:24','2018-04-03 16:49:24'),(3161,4553,'vCHEPvoKKxvrFnDTAITkr7crsEmSNgo5','2018-04-03 16:52:08','2018-04-03 16:52:08'),(3163,3064,'YZzCRB7lV9KqDwYFJbCsCpHDpBt1nUqk','2018-04-03 16:53:05','2018-04-03 16:53:05'),(3166,1325,'MdrLyBWHfItHu8eSyTgCBpKwKOODSLaN','2018-04-03 16:56:18','2018-04-03 16:56:18'),(3171,47,'pyAoo1LeHfE6pdkzl75tVZHbN8Gk5q84','2018-04-03 17:19:24','2018-04-03 17:19:24'),(3173,4553,'Xv52s0GPtK3XGm8Yhc0GLSqKFpHEXWur','2018-04-03 17:32:39','2018-04-03 17:32:39'),(3174,1992,'MMYkgApmVAMMK3a7QtVZxfcUC5CfBskZ','2018-04-03 17:37:20','2018-04-03 17:37:20'),(3175,1989,'J308U3v8uALcOQ3i4cKD2UhVHAJtwdpN','2018-04-03 17:42:18','2018-04-03 17:42:18'),(3180,1534,'wsYMDQOhBrWpyyiYTcTUo3LxMYlaVWtg','2018-04-03 18:13:09','2018-04-03 18:13:09'),(3183,4435,'TB15VXqTdnDG5IQjCi82jfgKi6WRw5ne','2018-04-03 18:51:32','2018-04-03 18:51:32'),(3185,4553,'bE2H0GE4pRNfeADI21EdpA7l6XS80A4v','2018-04-03 19:15:24','2018-04-03 19:15:24'),(3186,4553,'kNbyoVume5ppWt9BWFvO4hqLrz4afJMc','2018-04-03 19:36:00','2018-04-03 19:36:00'),(3187,2368,'tOazztQlhJRlyqupCKuMfmIzGmD5vRPr','2018-04-03 19:53:48','2018-04-03 19:53:48'),(3188,2132,'r9K2ffnTMn2hVyBbgiauCaL854ZnCaoO','2018-04-03 19:57:48','2018-04-03 19:57:48'),(3192,1,'8oHAQ9NrQP5Q3QsZlinJd3LJYI7bbQrM','2018-04-03 20:30:39','2018-04-03 20:30:39'),(3194,2285,'CuXqv2KwaG6mRO6UU3WRFPGtURmsKpRQ','2018-04-03 23:42:18','2018-04-03 23:42:18'),(3196,1992,'Y3fCkl7Ic8d2xWXrytbdsrrYejlbhCmz','2018-04-04 00:32:40','2018-04-04 00:32:40'),(3197,2285,'Ep2qzdTIzZu8Of9NRHVsWdtxXmBSiyv7','2018-04-04 01:06:11','2018-04-04 01:06:11'),(3198,2368,'RmowG9ADMscT9azUCfU9EwUHKAccfUvl','2018-04-04 13:14:29','2018-04-04 13:14:29'),(3199,4553,'KGdRIdFARrrJtUG38jb7ZqfXQkTs19WZ','2018-04-04 13:16:01','2018-04-04 13:16:01'),(3201,2119,'owQbpjNJ8XUd8yNoQiGfGTDNw5ZUqGbK','2018-04-04 13:31:42','2018-04-04 13:31:42'),(3205,1498,'X0BmxqZ3nZtkZhSYbL2fGxHZjsAbVkSz','2018-04-04 15:32:30','2018-04-04 15:32:30'),(3206,4553,'aM0tEMI1n6qZ6wCrlj76D5J18tMZQKqB','2018-04-04 15:41:56','2018-04-04 15:41:56'),(3207,4444,'jMvLfHSvTDIM4Pg8CeMOuVIogsfeq4nC','2018-04-04 15:55:49','2018-04-04 15:55:49'),(3212,2289,'rmwMRTjbn7SiX8MOXw1c0mZuAZLgETpL','2018-04-04 16:04:31','2018-04-04 16:04:31'),(3216,65,'JpvQfqiAPcWI4ekMBFxHf6UjTZCBv6F9','2018-04-04 16:08:32','2018-04-04 16:08:32'),(3223,1509,'OytoEl67bDBqCXNB7ibXif4OZOZpXhwL','2018-04-04 16:18:43','2018-04-04 16:18:43'),(3229,1504,'yXVga0pPBacUMaKq8ft44tBgyUI1AeIN','2018-04-04 16:21:21','2018-04-04 16:21:21'),(3231,1495,'Rw0HEfMrz7ZdPZ4wss7SOVadXWVwtJGH','2018-04-04 16:22:10','2018-04-04 16:22:10'),(3236,1499,'e4flOXr7XHtnu1w7YXpCBS31MVsqSNpH','2018-04-04 16:24:05','2018-04-04 16:24:05'),(3240,268,'AqbTnQDQfB1zBCpAI0ExwBAska8Fd67K','2018-04-04 16:26:57','2018-04-04 16:26:57'),(3241,1334,'jd4xmmfDYGZ8iKy0CgK9ZnywlJf6DWwQ','2018-04-04 16:26:57','2018-04-04 16:26:57'),(3242,1491,'tsR3mrQwMd7Rheqc88Fers5z5k9uuftu','2018-04-04 16:27:11','2018-04-04 16:27:11'),(3245,2828,'2pgPIAS4zdhmdbByOu0BcKrcwxYbIwRE','2018-04-04 16:28:22','2018-04-04 16:28:22'),(3248,169,'s57r0oCPFuQhf6yitHt4YztscYPFp3gD','2018-04-04 16:36:02','2018-04-04 16:36:02'),(3249,1503,'FycuyB3V6mFn12rEbUjQTSEZxIdKt2Xz','2018-04-04 16:36:07','2018-04-04 16:36:07'),(3252,1492,'dk9DrYDO1VTfSnWMtn4fnE8GMk5siOfX','2018-04-04 16:38:21','2018-04-04 16:38:21'),(3253,1492,'Rvbytg4vn3kHivCBJhr1TVFY6S59MuPj','2018-04-04 16:38:24','2018-04-04 16:38:24'),(3254,125,'gu3BPSyDfo375R8S7ckhoEABrYBQcjDd','2018-04-04 16:39:12','2018-04-04 16:39:12'),(3255,1402,'HmDNXzjbq8Mp7Lyaewd7BNCRoQD7R1Xq','2018-04-04 16:43:35','2018-04-04 16:43:35'),(3256,1402,'mpTnFJQ5G0pHbSMIWwE39u8nmkMkKXOt','2018-04-04 16:43:38','2018-04-04 16:43:38'),(3258,47,'CIKnDfr07o9nECZMl3NSuBdWHaPqXoqZ','2018-04-04 16:43:56','2018-04-04 16:43:56'),(3259,1499,'HHGRgbkrQdmjuz2dOUeCOgy9nsixG4gK','2018-04-04 16:44:54','2018-04-04 16:44:54'),(3260,1465,'6bZMEen8Vez4tSBfx1XooPYfBRMmiLqF','2018-04-04 16:45:04','2018-04-04 16:45:04'),(3263,1491,'OG79Y3USxW9VdBcUGFMxwJZlA2awGAF7','2018-04-04 16:46:26','2018-04-04 16:46:26'),(3270,1,'tSV3me2oU9ZlUK1lWUzF2mWdlZlq4BJh','2018-04-04 16:59:29','2018-04-04 16:59:29'),(3271,2311,'ePUyOSDPis0dffeiMp4Vd1dT3b0DyWGz','2018-04-04 17:00:18','2018-04-04 17:00:18'),(3274,2824,'wPbGTGt8oePG5XSagpFmeWGaLXLq8XL8','2018-04-04 17:02:13','2018-04-04 17:02:13'),(3276,2824,'RgdEu7JHdc4EcFTZrvVNR76LlcntiCea','2018-04-04 17:02:41','2018-04-04 17:02:41'),(3277,89,'52fQSCjqBmGKgvm1O3m4y4Ny8VM3plKj','2018-04-04 17:04:08','2018-04-04 17:04:08'),(3281,1491,'BF9LRhKoFzQnm4ABy6AuoPSuzHByzk6n','2018-04-04 17:13:44','2018-04-04 17:13:44'),(3286,2007,'6ltsBefltvF6AWYpOl1y2Xx2SKV38lkm','2018-04-04 17:21:49','2018-04-04 17:21:49'),(3287,4507,'QYxIBusNnXP90axn7N0eL2yHHCpE3QSd','2018-04-04 17:22:06','2018-04-04 17:22:06'),(3288,2298,'nxas1c6m9unLs5so99cCkFT1nZD6gm9d','2018-04-04 17:22:10','2018-04-04 17:22:10'),(3290,2121,'TaUuHOCOLPN9pE8g5fhE3mZhB7BwypMI','2018-04-04 17:22:17','2018-04-04 17:22:17'),(3293,2318,'A8cOMLiZPLlpHNCmjZWOJhr12ip8bMRQ','2018-04-04 17:26:45','2018-04-04 17:26:45'),(3294,1520,'rgV8z4DezlFXt6r3iSI8qokSThzOu2ew','2018-04-04 17:27:40','2018-04-04 17:27:40'),(3297,1348,'Y1RpLBYoWwXVz0RO2RoOQBKHoTeYfGd0','2018-04-04 17:30:51','2018-04-04 17:30:51'),(3301,72,'fVcvOInS4b8UMr0JqN3rjpVpVPYnKsc7','2018-04-04 17:33:52','2018-04-04 17:33:52'),(3302,2307,'nGlbGKObTbvHBQwRHzH667jVALMilLju','2018-04-04 17:35:12','2018-04-04 17:35:12'),(3309,195,'VpdKoJ13zV5PRs3MX76mXWpV1UBA4GwL','2018-04-04 17:44:17','2018-04-04 17:44:17'),(3310,1491,'DkTwjapy0Eae6FXwVVRtLE29hXW6UYMc','2018-04-04 17:48:34','2018-04-04 17:48:34'),(3312,4552,'bcB4CMBjfm7JIYzaA0qPKctqL1DsnEJQ','2018-04-04 17:49:57','2018-04-04 17:49:57'),(3313,93,'IF5uItiAAvkAgUdKyhFKds5RMZbjfs5R','2018-04-04 17:50:00','2018-04-04 17:50:00'),(3314,1348,'Y7Puw5tMnESoX9QyAKrUGxlPkg6oxeLx','2018-04-04 17:50:07','2018-04-04 17:50:07'),(3315,1334,'yV0jbnR5fOOHYpkyBMd4WNSfB0goDhFh','2018-04-04 17:50:28','2018-04-04 17:50:28'),(3317,1348,'BAZSD6xKXTE6palx0Zn0o1dQ4B7waL5r','2018-04-04 17:53:53','2018-04-04 17:53:53'),(3318,1362,'T9W6zzjkUGYU8sFvn9EHKneULTWrSU59','2018-04-04 17:58:17','2018-04-04 17:58:17'),(3324,2039,'ieKzsowxiO5aGk69nPzi8Xu6WwmGNYEz','2018-04-04 18:17:02','2018-04-04 18:17:02'),(3328,32,'FOCSZFcnpHcfGO82dAXWGA9FOBtb0IaC','2018-04-04 18:20:11','2018-04-04 18:20:11'),(3329,1504,'wJGpMTVdJ59tst51gLDXha1o0pwNjpAI','2018-04-04 18:21:53','2018-04-04 18:21:53'),(3331,89,'S8wDQPEdBOIO6XC8pwmgP92FjoxxEKw8','2018-04-04 18:30:36','2018-04-04 18:30:36'),(3333,2190,'sTRDMba2WPKlL0O9nMwyl8Lw65SSVD5z','2018-04-04 18:39:51','2018-04-04 18:39:51'),(3337,49,'Ee23autBf9IWlKfRvLq4LXoWvhWLcO2W','2018-04-04 18:43:28','2018-04-04 18:43:28'),(3344,28,'xtKQfgmBLsOYYaXiy5i5UlGU8WDOGkBi','2018-04-04 18:45:44','2018-04-04 18:45:44'),(3345,2368,'XlBSGdUVV7g2CgepZlPEQ6Buek6hS8zo','2018-04-04 18:46:25','2018-04-04 18:46:25'),(3348,2001,'FFBLO9bzqNxsAflPPkSrTNAwIQTUEuSc','2018-04-04 18:48:26','2018-04-04 18:48:26'),(3351,2343,'aPqJPAxQ2JUfWDiw9z4j9kwSOclR4RwT','2018-04-04 18:52:39','2018-04-04 18:52:39'),(3355,4508,'zsO22u39I7SukgwbCTOQxDljxWJiglyY','2018-04-04 18:56:07','2018-04-04 18:56:07'),(3365,1831,'CgjFJPRuoArgKf6t4wKsLuH0xO0PnC2v','2018-04-04 19:13:03','2018-04-04 19:13:03'),(3367,49,'Wo1OjZWibSbFVLGUlF4CB4JfAGVuvMn9','2018-04-04 19:14:33','2018-04-04 19:14:33'),(3372,2126,'GJ6WlNPLBHGnolMFa4Glu5CEq5m9AufW','2018-04-04 19:19:51','2018-04-04 19:19:51'),(3374,2350,'uY16TEo1KGsxmN3bAKbLdgkTVPgYkC4T','2018-04-04 19:24:06','2018-04-04 19:24:06'),(3375,1474,'1tNIowxLn2JuiTB1iB1ag9o3F5bYE6wN','2018-04-04 19:27:34','2018-04-04 19:27:34'),(3376,1593,'CnGUHdKGLu1aYwKE3z6KOxIUb4JR5GNm','2018-04-04 19:30:58','2018-04-04 19:30:58'),(3378,1593,'BML6d8Q92VyOaYUSNej9Ol6mlisXWtcv','2018-04-04 19:31:47','2018-04-04 19:31:47'),(3379,47,'ckMXQUYg0aHagYMzEPhsQSfwcKUW5xxh','2018-04-04 19:33:46','2018-04-04 19:33:46'),(3380,4553,'shFDvaGeDaq88Gl016ED7iMKOxg16Ro3','2018-04-04 19:34:23','2018-04-04 19:34:23'),(3382,2360,'bhp5fZhhPlXDIUOnaFTTEsgp06fvCptc','2018-04-04 19:36:39','2018-04-04 19:36:39'),(3391,1498,'MuMx5H8xUFMYnNmitGbXPKc5vVhAJPjp','2018-04-04 19:53:12','2018-04-04 19:53:12'),(3400,2132,'GnEmLEg0btdxrp9CLquVzgvBY2unHoya','2018-04-04 20:03:06','2018-04-04 20:03:06'),(3405,1509,'PU03TBb6M7WSIhC9RTjDsSHvY2EWq9km','2018-04-04 20:11:36','2018-04-04 20:11:36'),(3407,2828,'9o03pQiMEnDb9GUU1fDRg5VIPwzTSYfa','2018-04-04 20:13:51','2018-04-04 20:13:51'),(3409,2828,'QbsBfWsdNA4KEcOFM3qjbIIF2sRr6PPK','2018-04-04 20:13:52','2018-04-04 20:13:52'),(3410,2160,'bFDrBpJ7AeGILVCyvJ7dZaWu5GuDAUdx','2018-04-04 20:14:07','2018-04-04 20:14:07'),(3413,2283,'Sr5dv19CvpjIEGoBKbue0hZQRKM8XgM9','2018-04-04 20:14:52','2018-04-04 20:14:52'),(3414,2032,'XtLQmnCJIodiOG8Q7y0v9LNHPYxNVS8f','2018-04-04 20:15:50','2018-04-04 20:15:50'),(3416,2824,'EwVQlYZlVthBV4OBGf2xNyyAKqXVGqVp','2018-04-04 20:16:50','2018-04-04 20:16:50'),(3422,183,'oicDi6MCjSnXM68OFoxcVXlRrIP4heds','2018-04-04 20:20:21','2018-04-04 20:20:21'),(3423,2285,'mmRJmtTPhZoNZ5s6cxirZHJ8QrSNCCP9','2018-04-04 20:20:44','2018-04-04 20:20:44'),(3425,1363,'TMfn9hIgtztEQnlRb3hYX6Vt4ehvr3Lg','2018-04-04 20:23:21','2018-04-04 20:23:21'),(3429,4507,'xSuLh8R0JEkryugUUbsjsna0kZcSPUbv','2018-04-04 20:25:00','2018-04-04 20:25:00'),(3433,1999,'U4RytjZhoihrJUEOX7z0atFVrGTzqYzP','2018-04-04 20:26:12','2018-04-04 20:26:12'),(3434,2123,'OFc7o5su8r74H45AvPtlfULTAAgZF6a0','2018-04-04 20:26:14','2018-04-04 20:26:14'),(3438,2283,'gKdGPE33QWQFIrtAGKsPhKwnI2NvvO32','2018-04-04 20:29:20','2018-04-04 20:29:20'),(3448,3274,'duGRmCVPoa6y82AheKjsXiehdyRe8zqr','2018-04-04 20:33:24','2018-04-04 20:33:24'),(3456,2343,'CJCyyDImi6mvxMvLYEi4xHjB5foiKzKD','2018-04-04 20:35:35','2018-04-04 20:35:35'),(3461,68,'X4SQwZJU3tblkNQms2StnL8aVRSWzL6E','2018-04-04 20:36:39','2018-04-04 20:36:39'),(3466,1567,'bXC9AbsAzw5AQuNXfqwooUs0QgyOsgOC','2018-04-04 20:38:03','2018-04-04 20:38:03'),(3472,87,'xpP8GjXpWNKmKipRpn6QIJF6u56BezCu','2018-04-04 20:46:50','2018-04-04 20:46:50'),(3474,49,'q9f7dSjmHIOToKChJd6v37RIRh0j7f7A','2018-04-04 20:49:08','2018-04-04 20:49:08'),(3475,195,'jvHlOSgMXmiOq00wE0Yu04yal3PToqYm','2018-04-04 20:49:42','2018-04-04 20:49:42'),(3476,77,'2QRbH44UhW8vhlZuE3Wk3IzJiPF0fxl7','2018-04-04 20:50:57','2018-04-04 20:50:57'),(3477,74,'xfi6Inyhen6wZPi1lGBDNGS4cSm6JKKC','2018-04-04 20:50:58','2018-04-04 20:50:58'),(3479,2350,'dxmcMayHN863jFGPKtlfqfgnlyyKNdh7','2018-04-04 20:52:57','2018-04-04 20:52:57'),(3482,2285,'j7ONtcLwHNBN5v7dgATWiDoqj1oc0fSe','2018-04-04 20:55:43','2018-04-04 20:55:43'),(3484,3286,'cvyA3tr7CR6MdJ7GCKqaGdPI1ZCCEHcW','2018-04-04 20:56:43','2018-04-04 20:56:43'),(3488,2319,'hQsFMtU5J3VVQFaQX6kZLMTJ1re9L9Ba','2018-04-04 21:04:25','2018-04-04 21:04:25'),(3498,1,'wiqu0FW939oPhGoaQfyHFcBBKFiErPld','2018-04-04 21:17:40','2018-04-04 21:17:40'),(3502,2307,'na2baZsDL7tkq3shD8X8Use1zjIUNbSS','2018-04-04 21:21:12','2018-04-04 21:21:12'),(3506,1509,'RKZ8qzE1sNvFbWgJ50qQeOnKKi4N4lwG','2018-04-04 21:26:01','2018-04-04 21:26:01'),(3507,47,'5vdzJ5Xa5LRJqgoXsRl19fcru1rRlyHN','2018-04-04 21:26:11','2018-04-04 21:26:11'),(3508,1509,'8qq2pYzg6bUOfI26TO6zHlzVvshHSRWI','2018-04-04 21:28:14','2018-04-04 21:28:14'),(3509,65,'GD0PtKUs7DVsIkezp14QJmPJgkOXPMe1','2018-04-04 21:29:53','2018-04-04 21:29:53'),(3510,1,'ZVb8zWpMqbOeBKEDTfU084inJR6tjEB7','2018-04-04 21:31:40','2018-04-04 21:31:40'),(3512,3358,'kKH9RDsyKCLKbWnme5inSpB9mATg99M8','2018-04-04 21:32:50','2018-04-04 21:32:50'),(3513,1499,'bxBQsUSeCgzYL5V4woCxpZYpQOQy8KKA','2018-04-04 21:35:59','2018-04-04 21:35:59'),(3519,4502,'nyjqK4B727ZwH63xHwGAEf162dlRzmED','2018-04-04 21:39:48','2018-04-04 21:39:48'),(3525,169,'m1ZQBUdKxN9HCEohHPvh2uKz7Ckrsed0','2018-04-04 21:45:29','2018-04-04 21:45:29'),(3527,2285,'FlNFY3MFubVVyphPj7OTR6oNGuTsKhEv','2018-04-04 21:47:47','2018-04-04 21:47:47'),(3532,4489,'UbhdDkLMtk76Q9e7jAnNbwJnNxSDAghz','2018-04-04 21:51:24','2018-04-04 21:51:24'),(3534,1623,'TSKp0SKt9QdPZOCSe9MqdTL6DuTIVYl2','2018-04-04 21:52:41','2018-04-04 21:52:41'),(3535,2835,'VAuYiRUWR1VlcPJktTodHjkqOyMX66Sz','2018-04-04 21:54:20','2018-04-04 21:54:20'),(3536,1509,'1ZjL61dBVk15hFR5RZ9HPs4EK3DMl7Zf','2018-04-04 21:54:28','2018-04-04 21:54:28'),(3538,2288,'oIQ8SbUGadL8HBsrIrSIXv1aiVPAKXGE','2018-04-04 21:54:57','2018-04-04 21:54:57'),(3540,2347,'9erL9p16WgJy42UeMM11GCVrBpQvN6zh','2018-04-04 21:56:08','2018-04-04 21:56:08'),(3545,2347,'IxLyFZJTD1TuFKw4a7QIhLCA6n41j36P','2018-04-04 22:01:49','2018-04-04 22:01:49'),(3546,2001,'9RFe5llT12XseUwgFAcB7LKitUguprpJ','2018-04-04 22:03:04','2018-04-04 22:03:04'),(3547,1581,'nU6sUVoJ8rg5vWg16NCalyKzwVKw1pUi','2018-04-04 22:04:24','2018-04-04 22:04:24'),(3548,1581,'1ztQU5yKIegnm12ImfOpiY2yzjM1m42o','2018-04-04 22:09:06','2018-04-04 22:09:06'),(3550,268,'uy08KpJbpAcBhQ115rS9qvxPsdKyzqON','2018-04-04 22:12:06','2018-04-04 22:12:06'),(3554,2285,'SZrusSh02agLQGVxT5hlziX49lx5EGdv','2018-04-04 22:42:47','2018-04-04 22:42:47'),(3556,4403,'dyA27DlvIq7RLsmCbz9nkcWXeevYHOut','2018-04-04 23:03:45','2018-04-04 23:03:45'),(3558,2131,'r56RqJGyzMlRIRRJqEDKF2D28N6ul2g8','2018-04-04 23:21:41','2018-04-04 23:21:41'),(3560,1498,'HiK3KbN2rvEEifIv422CQCeMyhCi9y96','2018-04-05 00:58:33','2018-04-05 00:58:33'),(3563,1498,'fdFyHFSQaNoUOScIhM7BBDrB36nwIO9J','2018-04-05 01:12:55','2018-04-05 01:12:55'),(3566,2835,'gvLTyiI42BygEByDIiRFyDkyFGOen94y','2018-04-05 01:42:40','2018-04-05 01:42:40'),(3567,47,'SWcf3eV4Ueroku5kgmFwulaGBIrYFssg','2018-04-05 01:53:59','2018-04-05 01:53:59'),(3569,2285,'jCzK5fDqpCtwOTKtfYV03BiaJHb19CFb','2018-04-05 02:33:13','2018-04-05 02:33:13'),(3571,4552,'FJ27wHjFIxjMZC9nLbzvaXOeZRn6Oz9b','2018-04-05 02:50:59','2018-04-05 02:50:59'),(3573,1498,'Wk5LMF2oLuWYJc0GDcMCpJtF83j8XKlF','2018-04-05 02:57:08','2018-04-05 02:57:08'),(3574,2132,'KSASiOfXTN0i1dRFESknvEoRTVVyM5EP','2018-04-05 03:08:25','2018-04-05 03:08:25'),(3577,1992,'KlBMHHX8qWcoZDt6BNxSaRdwguW6BsW3','2018-04-05 03:33:47','2018-04-05 03:33:47'),(3580,2118,'KzUfRNoCHvAqEQB4xtjaFLcFmNAgNMdy','2018-04-05 03:59:54','2018-04-05 03:59:54'),(3581,2285,'Xmq4duyt0yDyScW1UslgytguGADTHWGD','2018-04-05 04:12:52','2018-04-05 04:12:52'),(3582,2035,'IfNyioTW7SWtnCJXjafEZzRkhHzS4TVX','2018-04-05 05:00:20','2018-04-05 05:00:20'),(3583,2116,'ma4R4Tkg5u0plnaFHXDllBe44ybha7iO','2018-04-05 06:06:19','2018-04-05 06:06:19'),(3584,2285,'OWQgUWnK6bGocsnxh1DNSeI8rsJuIRG9','2018-04-05 11:36:23','2018-04-05 11:36:23'),(3585,47,'5FfIm3zUjfSKS99mlNyO6T1WSuf7Ob5J','2018-04-05 11:45:22','2018-04-05 11:45:22'),(3586,2343,'cILwu32XH1481hQnNersRlFFGkRTYH0n','2018-04-05 11:48:23','2018-04-05 11:48:23'),(3588,2035,'DOljlJx0UVpvoM6WDsz17FWgcDTfSNm0','2018-04-05 12:22:59','2018-04-05 12:22:59'),(3589,2285,'MqMcsxku7vjk27WK0NGi2ZZ85pPRDXcx','2018-04-05 12:33:34','2018-04-05 12:33:34'),(3590,1666,'JL2pMZI73aiQi5k9kf3z4Rq1OBoRRySM','2018-04-05 12:35:47','2018-04-05 12:35:47'),(3591,1666,'KE2aEAb00wsXFyNAdLWb1XRCYaSP42Df','2018-04-05 12:35:47','2018-04-05 12:35:47'),(3592,2368,'aQJXmkotqDeFOMVUJ67MqtmZO08E8XEq','2018-04-05 12:39:54','2018-04-05 12:39:54'),(3593,2131,'JDDyM3tr9ZV5qrkZTorPj7mbt0Sx4s9Y','2018-04-05 12:49:37','2018-04-05 12:49:37'),(3594,1371,'6SX6VvyEp1JmT7nVYtFU9pHgC0Wj9MW8','2018-04-05 13:01:03','2018-04-05 13:01:03'),(3595,2229,'mMtG1c4xtjh3aY8xOlriIgnow4fdwLYZ','2018-04-05 13:01:18','2018-04-05 13:01:18'),(3596,47,'fvNDM0gzSDwA9i4R2uEs4LvI4bAE2mnD','2018-04-05 13:06:36','2018-04-05 13:06:36'),(3599,2835,'zy7gYarZaXk9Sc94lcu5cDHEcyBGmJq1','2018-04-05 13:13:07','2018-04-05 13:13:07'),(3601,1498,'RMuURp58xC3o2eoyHrMNYsY38hYyjvZO','2018-04-05 13:17:10','2018-04-05 13:17:10'),(3602,47,'iqds6zPEE5qmzVBkNQk7tVd6laQzM4cI','2018-04-05 13:18:05','2018-04-05 13:18:05'),(3606,1626,'M01zWEooOe3PBIuhVtkW1izQaqbNTTPe','2018-04-05 13:22:24','2018-04-05 13:22:24'),(3607,2376,'SknUOTwat6CCY7goBZzj1Hq5ntGOAh3b','2018-04-05 13:23:09','2018-04-05 13:23:09'),(3609,1623,'tfPQRuG4r3x8SA4bgY5Xtf7HtxDEdD1r','2018-04-05 13:25:38','2018-04-05 13:25:38'),(3611,2376,'e3CzUwTZ4vm9S04KsUQ4cp2Da50LDW1q','2018-04-05 13:27:42','2018-04-05 13:27:42'),(3612,2376,'guliI39hEf2C4zADyfq5ZuAf0GLqYaGQ','2018-04-05 13:27:43','2018-04-05 13:27:43'),(3613,2376,'q1YvqLaiLa3JGRPgn0NCrH6BDaXaMJM7','2018-04-05 13:27:45','2018-04-05 13:27:45'),(3614,2376,'ALeZ3DbTCRumypVb1LDMtc81gvjRmPHs','2018-04-05 13:27:46','2018-04-05 13:27:46'),(3615,1623,'CXWhQaiOX9PZzXXuvUoB4RJFmhVrWOJx','2018-04-05 13:31:31','2018-04-05 13:31:31'),(3618,2132,'vr8UGlgifPME4p8wSkqxm1FgddZ33AS1','2018-04-05 13:43:27','2018-04-05 13:43:27'),(3622,4501,'Xa6hli778sqNDVtxMMmCtfHAMGG98Gmy','2018-04-05 13:52:02','2018-04-05 13:52:02'),(3626,1498,'Q2mra6XfZ0iQUrb3F8v4n4ZGoml6qY3z','2018-04-05 13:55:32','2018-04-05 13:55:32'),(3632,72,'oCHQeKmRgVDmLYOGDvlT0vLsolBgLRm2','2018-04-05 14:00:13','2018-04-05 14:00:13'),(3633,2132,'AZ0PC87qukITFRE53OSbeJq5JVei7ZFV','2018-04-05 14:02:32','2018-04-05 14:02:32'),(3636,2824,'ccrP0x8xTySDynjWDvwaHCKKqlcfx04C','2018-04-05 14:09:22','2018-04-05 14:09:22'),(3637,4505,'6kTlV6Hn6O63d6ZKJBB9fpJeuOR1fTRG','2018-04-05 14:09:37','2018-04-05 14:09:37'),(3640,4505,'8v4pjelCsXc9gkpMCsMJaXFjOecLgqtc','2018-04-05 14:11:09','2018-04-05 14:11:09'),(3641,2824,'9kHeCIdc11ijMXbAsSRR2WzL7j1rRd1K','2018-04-05 14:11:52','2018-04-05 14:11:52'),(3642,4507,'IPwmz6D4Xwlr8yQUlx8vfkrX14Z15n6S','2018-04-05 14:14:56','2018-04-05 14:14:56'),(3643,68,'19tVqz4O0ibwrX39l7E6qKPzTxwsJBr2','2018-04-05 14:20:58','2018-04-05 14:20:58'),(3644,68,'5GE904R1nWKLLwvvcORwVcYPNE9isN5R','2018-04-05 14:22:49','2018-04-05 14:22:49'),(3646,68,'uffp4D9O23XFdzCK2ktEWdYjlMEk9XZ5','2018-04-05 14:24:08','2018-04-05 14:24:08'),(3647,68,'jcufCKXElwDm0emUxSXOv9HEjb6hebtg','2018-04-05 14:24:08','2018-04-05 14:24:08'),(3648,4552,'KbHEu8SokorXRag1DZgGtYCc4X8yRHBH','2018-04-05 14:37:24','2018-04-05 14:37:24'),(3649,2328,'3IiQRUGMqniSgz7wlgv8GuyljuEm7Ux8','2018-04-05 14:42:28','2018-04-05 14:42:28'),(3650,95,'gZUGrXEuRwOwiZQogTrm6Xf1ewVcr4K0','2018-04-05 14:42:37','2018-04-05 14:42:37'),(3651,1509,'G7lvR7cgJJZDNx90X9ajFPFhHmduAT57','2018-04-05 14:42:47','2018-04-05 14:42:47'),(3652,1831,'XlLiTfzr94bJVicqxzc29tZdKPPOeWAB','2018-04-05 14:42:55','2018-04-05 14:42:55'),(3653,183,'G27LFGDoyYR5SIa1sFk95mIQ4VVRr2uP','2018-04-05 14:43:19','2018-04-05 14:43:19'),(3655,2339,'JdvnUxlLcWOih18OuDokGbtKE4EK90lf','2018-04-05 14:46:27','2018-04-05 14:46:27'),(3656,2288,'zHdPhvHWjrOXu1fGXUK0fc6fCjYzbTYF','2018-04-05 14:51:10','2018-04-05 14:51:10'),(3657,4403,'b3MvqDftZB6dYV2DNlOnWCFZeghfW7yy','2018-04-05 14:52:47','2018-04-05 14:52:47'),(3660,2128,'OsmNbwyjdMwaVZYsCVI9jq9ufsVldn7j','2018-04-05 14:58:42','2018-04-05 14:58:42'),(3662,4435,'G9hcnaxfRvK3Qs6B9lLgnnrdABsjDuVl','2018-04-05 15:07:05','2018-04-05 15:07:05'),(3664,1555,'6PEzGy1cYoKXEnZQCmPaXNTVSZB3MOuQ','2018-04-05 15:09:28','2018-04-05 15:09:28'),(3665,2132,'yzHiNWYViN9YvlgvsS3OloLm6C0oV7xb','2018-04-05 15:10:09','2018-04-05 15:10:09'),(3666,1,'8VJ4G2w4y249abbForBggA2CVOVHLYeO','2018-04-05 15:12:25','2018-04-05 15:12:25'),(3670,2373,'jfTZZXdgQW00TJ1jiMFkU7DAz7DnHupy','2018-04-05 15:16:29','2018-04-05 15:16:29'),(3673,95,'vYKZ8PKfm8dRsQG09dl1dQ074IxZ0dVq','2018-04-05 15:21:34','2018-04-05 15:21:34'),(3677,2135,'ygrrwgr6oUj2ho5p2tNch7WdiSJxoDK7','2018-04-05 15:29:46','2018-04-05 15:29:46'),(3679,2318,'d0pzFZX7r7Umjbt4efiaHbo1y0rHb5Mb','2018-04-05 15:30:39','2018-04-05 15:30:39'),(3680,2135,'9ttXkIRSaWqGaXReilmqpNg0tJes3Zyg','2018-04-05 15:31:54','2018-04-05 15:31:54'),(3684,2372,'rXnsk2SM8f7GkkL8sDumGBTV0tb1c6gm','2018-04-05 15:40:17','2018-04-05 15:40:17'),(3688,2294,'TXzx3O0Ujy6hKqWD77q3AIYtBs8Cgz5t','2018-04-05 15:49:53','2018-04-05 15:49:53'),(3692,2372,'DeqPMdZJTFzxTvU9lnDNbmMlKLG9XBiV','2018-04-05 15:56:02','2018-04-05 15:56:02'),(3694,1509,'VS3yedPvUwLwDyCm8W5QcbLS4oxYQIv1','2018-04-05 16:09:10','2018-04-05 16:09:10'),(3696,13,'d7kGO0T9D1d8WE5zKWehzrUEkppAYsVf','2018-04-05 16:19:13','2018-04-05 16:19:13'),(3697,2228,'4N0cKl9C834zkAmzFCqOBUNI2Whxwg1s','2018-04-05 16:25:59','2018-04-05 16:25:59'),(3700,2824,'i890rmZYu9VLD8P6kup7nwy1sRwFOYPM','2018-04-05 16:44:45','2018-04-05 16:44:45'),(3703,1623,'sVc4EtuZSYZzB0mV2KiCxo395JNOX1YM','2018-04-05 16:49:00','2018-04-05 16:49:00'),(3704,4378,'UvxCVQopKltGKiuTOM8K9a9XYday61Q4','2018-04-05 16:51:07','2018-04-05 16:51:07'),(3706,4435,'gro5gBKdh5bfCRpMjAeXq9WoWdbZ4aJv','2018-04-05 17:03:42','2018-04-05 17:03:42'),(3707,2123,'w17MJkM9rWvbs8O2MCy3RvowQ2m2TxEB','2018-04-05 17:05:49','2018-04-05 17:05:49'),(3708,32,'vt6DCjMYDyuomwe8mM8mQjzQn7obUgFE','2018-04-05 17:08:22','2018-04-05 17:08:22'),(3709,4507,'Y1iiy9gl7QpQaLksN2c6UYHU3v9NEtPd','2018-04-05 17:09:16','2018-04-05 17:09:16'),(3710,1446,'uACLyPf2dWHSv540IaS8rsPLztO8lv6b','2018-04-05 17:11:56','2018-04-05 17:11:56'),(3712,2122,'XLJxJKQm16lCkiiC5TGvUaBa6SNDdeaA','2018-04-05 17:14:53','2018-04-05 17:14:53'),(3713,32,'OFwRgd8zTBdeOJrT7ddqPqAbFON1SNAa','2018-04-05 17:15:05','2018-04-05 17:15:05'),(3716,47,'nWfOGyNF2WlrdWCYuF8wQ3mUG9Jm8RUQ','2018-04-05 17:23:49','2018-04-05 17:23:49'),(3718,47,'vrqwtDpiQgBc07v4aEoR74QaL6reHS5B','2018-04-05 17:24:32','2018-04-05 17:24:32'),(3720,2329,'HOYQNhgRxj7vOzV2joRkU5j6lyws8beQ','2018-04-05 17:30:31','2018-04-05 17:30:31'),(3722,1509,'KPiT61BnhshYPYLGF1995HeEloPbg3Fc','2018-04-05 17:32:43','2018-04-05 17:32:43'),(3725,4372,'INW4P6RFYm30jRkoyVZskbphVKUzFeOv','2018-04-05 17:37:10','2018-04-05 17:37:10'),(3729,520,'GrFotNdiYzCgaUNcAPLbb03ukZebwmKa','2018-04-05 17:49:24','2018-04-05 17:49:24'),(3730,2376,'KG5zgjDBI1H2AySOLmN9aK7YivUao5zT','2018-04-05 17:49:24','2018-04-05 17:49:24'),(3732,2376,'oDEj8M9DljV0QHSHIdCwFEdJeVZc6jNG','2018-04-05 17:50:28','2018-04-05 17:50:28'),(3736,2350,'LfTjzt74w2LLkysBONG4JEOmPOC32R5W','2018-04-05 17:54:04','2018-04-05 17:54:04'),(3749,1525,'0IGu3ZPDg79lJayrzsxfK9DpNWuUjy1K','2018-04-05 18:07:14','2018-04-05 18:07:14'),(3755,2229,'cXAtQZkoFMtVeWbZynUOXJiakdaHpsTD','2018-04-05 18:14:12','2018-04-05 18:14:12'),(3762,89,'D8T4RHJN29jbSY79GlkvZtARdEDGcYFF','2018-04-05 18:20:52','2018-04-05 18:20:52'),(3763,89,'R4fMahH8u8i8SIJNPp0TJbkyFEjcjBIF','2018-04-05 18:21:03','2018-04-05 18:21:03'),(3765,3361,'SkRJq1uoxv8LH9l0fwL9O8DkILI7s2fO','2018-04-05 18:21:45','2018-04-05 18:21:45'),(3766,1623,'1mVOMIl7K6TpBPlQ6f7SJpCSxS9JcRou','2018-04-05 18:22:32','2018-04-05 18:22:32'),(3768,3274,'hDvzqmLZPK7wYpd3RlL59ZYemocwSxj5','2018-04-05 18:26:23','2018-04-05 18:26:23'),(3769,4489,'P97WRXovIXwaEBO4h1t21a77WT3EnZsu','2018-04-05 18:28:19','2018-04-05 18:28:19'),(3780,2362,'jYuUNdXMGurvTthVpx9FAPpHdRZJ8g6z','2018-04-05 18:36:15','2018-04-05 18:36:15'),(3782,4435,'WuxYVkIyKyJYzcmnfgYnhKPFlxMF8np4','2018-04-05 18:37:30','2018-04-05 18:37:30'),(3783,2355,'U9d79alcHbpoMDuIYeEuEEWLrZhn8wUY','2018-04-05 18:38:05','2018-04-05 18:38:05'),(3789,1503,'dt74A7fayucNXOFOmmvPXiHVB5NqPK0a','2018-04-05 19:01:33','2018-04-05 19:01:33'),(3796,183,'uDpPbWbJWzk7EwbWXy4DfX1la7jQNAgv','2018-04-05 19:17:22','2018-04-05 19:17:22'),(3798,1566,'ob3StKqdDuKLowMqVSdUYAWdQomAnL2w','2018-04-05 19:20:36','2018-04-05 19:20:36'),(3800,2828,'2vxfX6dMEWQ8LuZOZZpRp0hjLGNM4LEr','2018-04-05 19:22:43','2018-04-05 19:22:43'),(3802,2126,'AjgzOYy8qW0oqBHUSUedat9NupEsTbAt','2018-04-05 19:26:17','2018-04-05 19:26:17'),(3805,1757,'k5T1VnuZJDHvXhB8Ki32USbUol5zqOz8','2018-04-05 19:29:51','2018-04-05 19:29:51'),(3806,4507,'og2WKPSsSAho1IJTNGUSJ8DNXyQL4DXk','2018-04-05 19:30:49','2018-04-05 19:30:49'),(3808,1509,'aSu7ue7nmKKIPeOVTCqjnfasmTxnCQeH','2018-04-05 19:41:02','2018-04-05 19:41:02'),(3810,1745,'Ta0wrHaNI66BEt5dbeInABLCYT8TsBS8','2018-04-05 19:44:22','2018-04-05 19:44:22'),(3811,1322,'xSpMQgTTzOKwfj6NdmtWSbLGXlhW7Bm9','2018-04-05 19:45:30','2018-04-05 19:45:30'),(3812,1745,'VFKNsqg3ywC8M7aljMxUjrHp7TzMsaHM','2018-04-05 19:48:47','2018-04-05 19:48:47'),(3813,1745,'bcFrwpOdviiOa0TG0QYtfwCOIARN9qnH','2018-04-05 19:49:31','2018-04-05 19:49:31'),(3814,1745,'pQpOek7eaShQwB0N6L0l3oBrkkwF5ENN','2018-04-05 19:50:21','2018-04-05 19:50:21'),(3816,2372,'giQglzyNKTlYTa2X1SvJ6pN4YyuHKmtX','2018-04-05 19:53:27','2018-04-05 19:53:27'),(3817,1757,'Yt4CV5NHtaUZ5zmv0P33tnfuI7BrJQee','2018-04-05 19:57:10','2018-04-05 19:57:10'),(3818,1745,'ddqMqjWUtsj9VuIG1vS7RjEBeYwHUzwF','2018-04-05 20:00:09','2018-04-05 20:00:09'),(3819,1501,'b8tKZhq6inGKbnDSYF4xcTCxKrdE0PUw','2018-04-05 20:04:47','2018-04-05 20:04:47'),(3822,89,'kVu7GQZASVS0owBuUQkHX0ARbDQclkrA','2018-04-05 20:16:15','2018-04-05 20:16:15'),(3828,89,'uehLRILypOI7v0Ymizknh1cL67xnyZ8F','2018-04-05 20:21:54','2018-04-05 20:21:54'),(3832,1623,'uGR0CvqbKDTyNYBjHT5TJtUgYOQlSB31','2018-04-05 20:27:29','2018-04-05 20:27:29'),(3836,4501,'UuqZAVPnKs8j5vTmrh6jmKdQpfwPAV6e','2018-04-05 20:31:42','2018-04-05 20:31:42'),(3837,4502,'B2Au0OqlumJSqk9Mc48v4G7tCiJqy3bN','2018-04-05 20:33:01','2018-04-05 20:33:01'),(3838,2344,'b3mHBdMQNBlZk0H7Na62YJN876yStCVf','2018-04-05 20:34:12','2018-04-05 20:34:12'),(3842,2132,'uebhbYjYD3XXAtT5n8srU1yfRjEqLEwY','2018-04-05 20:43:54','2018-04-05 20:43:54'),(3843,68,'1c3CONFp4MoscrsXd9L8EJaLw49BBBdl','2018-04-05 20:45:23','2018-04-05 20:45:23'),(3844,2350,'SkGvVHU9cwkCw9pryPwtEJKgj6qTVMsW','2018-04-05 20:54:27','2018-04-05 20:54:27'),(3845,2294,'rWNSfy0wCBIWny9bo1RnpqAVO9wJTjYb','2018-04-05 20:54:29','2018-04-05 20:54:29'),(3850,2370,'ep69HayJc2qy4z3UBD48z2s0hljcZm6z','2018-04-05 21:00:22','2018-04-05 21:00:22'),(3851,2370,'gPAtS4VNtgWQpWfOKPWK4Z4HJhCWW8wI','2018-04-05 21:00:23','2018-04-05 21:00:23'),(3854,4435,'MnlDnTsVdxLDmJnA4B4oCx3HdQE8HzLY','2018-04-05 21:03:54','2018-04-05 21:03:54'),(3856,2354,'HaK88Sn8Ie59AyZ8AM2bKtBgM6MQw9hd','2018-04-05 21:10:48','2018-04-05 21:10:48'),(3860,1555,'5aVEDMLPKHaoZHh97ylOY3NEKAv3jOmu','2018-04-05 21:22:25','2018-04-05 21:22:25'),(3863,1509,'NxXw2YJnTrEUozdSbGI84cLIuZyUpMik','2018-04-05 21:28:58','2018-04-05 21:28:58'),(3865,1623,'gyN2naRgcuSxlnYyAtZ1lRIIfetA4dBk','2018-04-05 21:30:57','2018-04-05 21:30:57'),(3867,2229,'pamCWdmR87QT4vPVmMegddz3SuicrrIg','2018-04-05 21:41:07','2018-04-05 21:41:07'),(3868,3274,'FF2VC4MXBd1pDDoK0Dw6VARxfNK3M7Ms','2018-04-05 21:41:44','2018-04-05 21:41:44'),(3871,2348,'n0YKQWbjGBSzG0OGdHUUBn2faAnNg3Oe','2018-04-05 21:48:55','2018-04-05 21:48:55'),(3873,1566,'zJjLkvIRIzdfrrCtBk9bgAGFywITNtvt','2018-04-05 21:52:25','2018-04-05 21:52:25'),(3874,2358,'OlbUUeK8QUZGUVn9npDzw5qipF316FGx','2018-04-05 21:56:11','2018-04-05 21:56:11'),(3877,1975,'shzSIQx6vsXHQZn1bkKUXfhMysu8OmSx','2018-04-05 22:05:59','2018-04-05 22:05:59'),(3880,2343,'IE2kriZaQYwzujKxg4KUYbILZyCbUKj5','2018-04-05 22:11:35','2018-04-05 22:11:35'),(3884,1555,'WjLoQ7g4KPWUl1umAYy3y0oBfrzqK368','2018-04-05 22:18:02','2018-04-05 22:18:02'),(3886,2373,'UF3vXmRMRrQXgLWGVUcRfK87x3CMRmmV','2018-04-05 22:31:43','2018-04-05 22:31:43'),(3887,2132,'CFRaNbUsI7XEduG7F4Bv2KNyjO0EFbow','2018-04-05 23:35:13','2018-04-05 23:35:13'),(3888,1,'y9zTsWJbtTCIRmJ5mWqdiv8EQV43YR9W','2018-04-06 00:12:00','2018-04-06 00:12:00'),(3893,2132,'i9LibQcWiqOWrjFfvQ9CQPssEM8x92Fl','2018-04-06 01:47:05','2018-04-06 01:47:05'),(3894,2132,'zSKnJs3uGOq2HGmTJqWN6qYpKMst9ra5','2018-04-06 02:12:37','2018-04-06 02:12:37'),(3895,2132,'sJvoPi3zF7D9KlRofB3dX3KVxkIt7PxU','2018-04-06 02:12:38','2018-04-06 02:12:38'),(3897,1535,'1mBRSxwiTdParl528K81nKhgvH0nExCH','2018-04-06 02:26:39','2018-04-06 02:26:39'),(3902,2835,'8iAXG1BIEEwJpiLx3TtGok7GVimHcvJ5','2018-04-06 11:27:46','2018-04-06 11:27:46'),(3903,47,'68AbPwkzJC0Lzw93DYUOatcMZ2nCWOyR','2018-04-06 11:38:49','2018-04-06 11:38:49'),(3908,1324,'RoaeuBXto4q4u8LkUcHMa8YJKA830cmG','2018-04-06 12:17:49','2018-04-06 12:17:49'),(3915,2324,'trobaT5CuYC8P8zoFwh9btGHdlR2VYEQ','2018-04-06 13:27:06','2018-04-06 13:27:06'),(3917,2123,'ZnwmxRFZrDoLYTL80FPl38Jcl8i3mBtD','2018-04-06 13:31:33','2018-04-06 13:31:33'),(3919,3277,'o6rrzRERIFYW5h53BuewTALCIhMDAd0M','2018-04-06 13:39:15','2018-04-06 13:39:15'),(3921,1,'3yoexsdb3l1YtURJvwdCoMvlrb42iVko','2018-04-06 13:42:53','2018-04-06 13:42:53'),(3923,4435,'hCPCY8ITMZH1eeBvjRJ2wkYJIuuaslBQ','2018-04-06 13:45:15','2018-04-06 13:45:15'),(3924,1402,'FVDUFYnQtNK7UdPoDXOkL48R9Owm6CnQ','2018-04-06 13:45:25','2018-04-06 13:45:25'),(3930,1906,'61xjjYR8vOJukiZ8PT6IodMsKn3jny3O','2018-04-06 14:04:50','2018-04-06 14:04:50'),(3932,3360,'bIm2xON423vu2Nx7mOP2mFxzZUTRJvE5','2018-04-06 14:10:21','2018-04-06 14:10:21'),(3933,1869,'s3iwWlooKSQAQQLu2c1gcShHUz0gDYyy','2018-04-06 14:11:53','2018-04-06 14:11:53'),(3939,3360,'fFESZPPSUxscnVWpRStxXQjXG7KMQBt6','2018-04-06 14:28:48','2018-04-06 14:28:48'),(3941,2828,'TeKRUu3lPckJtOsGNUhCJSRX7ZgzEv2H','2018-04-06 14:32:14','2018-04-06 14:32:14'),(3942,2350,'VWF8nSV6pMQ3rC3K0tvyvpZ0Ube3Pu3J','2018-04-06 14:38:36','2018-04-06 14:38:36'),(3945,2835,'4piJgXGVgjbHgEQQcgJT443tBqWCTFUg','2018-04-06 14:45:29','2018-04-06 14:45:29'),(3949,98,'nhMnJWNi49utEuMmf0IapyUmiXprTzJs','2018-04-06 14:49:31','2018-04-06 14:49:31'),(3954,66,'jzAgzFyMvY9cfi4mjaJxqExz0ApmgIsd','2018-04-06 15:05:38','2018-04-06 15:05:38'),(3957,3360,'MhD40aDVLzg0vqjhPVgbN93q5WZ5xdYX','2018-04-06 15:12:20','2018-04-06 15:12:20'),(3958,77,'IaKcIo7uYC1LsFd7mlDvvbbw7jOOcJJZ','2018-04-06 15:13:21','2018-04-06 15:13:21'),(3960,4552,'kuoe5g7LGGQgTHSFgGaLB7Vfg5iR443R','2018-04-06 15:16:48','2018-04-06 15:16:48'),(3961,1,'ScBqxKaKAx5Qi3fatRlWyi5REekTauMM','2018-04-06 15:16:51','2018-04-06 15:16:51'),(3964,2373,'iYNRITeYvKzvrrgprCOXSTxNAcgx0F5C','2018-04-06 15:23:39','2018-04-06 15:23:39'),(3968,68,'EtDtAgHC2PEMONQMvrkV4UcreOGomFo9','2018-04-06 15:39:37','2018-04-06 15:39:37'),(3969,89,'35svDdC1ILgLWdopga2Y1UrZhmMpzkR6','2018-04-06 15:47:39','2018-04-06 15:47:39'),(3970,2348,'Ujgx3FToyChtDF8VR6dWSVWv064tdOmu','2018-04-06 16:01:39','2018-04-06 16:01:39'),(3972,183,'gcDbg2NdEawPvRshdiLznpLGa64QkT1d','2018-04-06 16:06:51','2018-04-06 16:06:51'),(3975,89,'ssQf73rr87K0rbmfLwdJRcKygcCqCCYK','2018-04-06 16:13:20','2018-04-06 16:13:20'),(3976,238,'9YfuC27Q6KWGqbbK1OshJK4tn8mFKl3G','2018-04-06 16:19:34','2018-04-06 16:19:34'),(3977,429,'KiiGXV1lRAJ61DcDTyfMLOAd78UYquiQ','2018-04-06 16:21:07','2018-04-06 16:21:07'),(3978,2132,'yEGUTURhXnyjs7rUGsuWfTlfYkfRdGES','2018-04-06 16:36:37','2018-04-06 16:36:37'),(3979,1,'TXJbg53B1Fi1m048f8GVdYzSk9mIr60W','2018-04-06 16:41:24','2018-04-06 16:41:24'),(3982,1402,'YcIHQTvzX0DgaLiBo8rRE5UTAMPEORYc','2018-04-06 16:43:54','2018-04-06 16:43:54'),(3984,2362,'FNsw5LisQunqpIwZXcb45XGeMDm54O4d','2018-04-06 16:45:25','2018-04-06 16:45:25'),(3989,1283,'z5Gzp53DKOGuhSJM7OsnaLwIAtU77i2N','2018-04-06 17:04:04','2018-04-06 17:04:04'),(3990,4435,'fp0EAuMcuB3eQmOD1onqnb5lyNKYpPM9','2018-04-06 17:05:48','2018-04-06 17:05:48'),(3991,875,'Nb7UCpiVbKbmtw4enepDV1i0ibksbjLl','2018-04-06 17:06:07','2018-04-06 17:06:07'),(3994,46,'C1o6baLKkvLFjH5jKftU8jvCRDUh68fj','2018-04-06 17:11:44','2018-04-06 17:11:44'),(3998,4506,'rzalnnhgZazgUGoOx9xlyL0tMS49on19','2018-04-06 17:20:54','2018-04-06 17:20:54'),(4000,1338,'1R1VWL79LlBqsaJbILYfHm9hpcC9EGtu','2018-04-06 17:24:35','2018-04-06 17:24:35'),(4004,171,'UwXzYO94LtyAYkMYPXmP7wu7pDbZgZ7m','2018-04-06 17:28:59','2018-04-06 17:28:59'),(4006,1338,'V9Zk85zRk26UqGeMEarhYustV9KJBtqA','2018-04-06 17:29:05','2018-04-06 17:29:05'),(4009,1371,'awQHqgsvRFDxRl7rEgSXxPXdnmYIO0ob','2018-04-06 17:47:34','2018-04-06 17:47:34'),(4012,1330,'4uihsE2HKHPa57SAzbD9K2b1Marcl7B0','2018-04-06 17:55:14','2018-04-06 17:55:14'),(4017,4439,'tnfBxiEBkdR0tIpOtWjbSEzgGHgny17T','2018-04-06 18:05:00','2018-04-06 18:05:00'),(4019,4439,'HapUZ3gpbRD4uO8SsCitu5xCS1hhzfXN','2018-04-06 18:07:23','2018-04-06 18:07:23'),(4021,4507,'dYBPAgmUSHcbuG8Y3tidrIWqGge0vjCG','2018-04-06 18:13:53','2018-04-06 18:13:53'),(4024,1487,'Wi8C35wJWUwbAXQ7uig2IRT26949TxoG','2018-04-06 19:01:42','2018-04-06 19:01:42'),(4025,1487,'3kE7wYd1d62oyNjnVClFl9hr5qdKWyQA','2018-04-06 19:01:44','2018-04-06 19:01:44'),(4026,47,'d0JZehC0YfkDTLvNvcEQEQVh5KmVZh1M','2018-04-06 19:16:29','2018-04-06 19:16:29'),(4027,1474,'g0mkKkYrFCRa1ALHzXNItBqwlen3SE1P','2018-04-06 19:23:43','2018-04-06 19:23:43'),(4029,4432,'4WjUfuvX98zlNVqNlAE9w6ATgcxcEAwd','2018-04-06 19:25:43','2018-04-06 19:25:43'),(4030,4435,'0gKGu04hVoVe0WkxxHaddb9Z5Zk05uIO','2018-04-06 19:28:47','2018-04-06 19:28:47'),(4033,2132,'VXQ2dBo33HzQHCyKJyAZ3KzohcsudZ0P','2018-04-06 19:34:17','2018-04-06 19:34:17'),(4036,1467,'CCrFMto9sJKdDe2fSDh9sC4ZPqGZiykf','2018-04-06 19:46:01','2018-04-06 19:46:01'),(4037,3065,'gModPofUQNr5eVhLwQfAPOoH2A1vrqYh','2018-04-06 19:53:10','2018-04-06 19:53:10'),(4038,1491,'TkYrfpHFafhn2OC0kGcb5xUPYpxi3QAh','2018-04-06 19:56:22','2018-04-06 19:56:22'),(4040,3360,'26I1nYRoVTV3d8GGwiBt7cHorOs2hS4u','2018-04-06 20:12:40','2018-04-06 20:12:40'),(4041,1555,'qvnIBPWqlYxskjzoFfBQdHtf3Raq1bu7','2018-04-06 20:16:08','2018-04-06 20:16:08'),(4042,3360,'IwoONHx7lFnpvNXvdyzzOVhR8jNcODBN','2018-04-06 20:17:03','2018-04-06 20:17:03'),(4043,2373,'M4hMsSz2h8O1rMv9wGn9QGvz1cqD3YUL','2018-04-06 20:20:19','2018-04-06 20:20:19'),(4045,77,'Xmru9wxwTHeg6RT9Zx14FweWcEOrCkdb','2018-04-06 20:20:45','2018-04-06 20:20:45'),(4046,3360,'95S89ljrKAUsGLhNY8oPYj3AfJDjKHp4','2018-04-06 20:21:46','2018-04-06 20:21:46'),(4047,1745,'upPVVqw2mIYohYzBVHASgSGjvWLEudfe','2018-04-06 20:23:04','2018-04-06 20:23:04'),(4048,1,'yxferwmtJUQICImyoD6w3sHvoa0ghUDO','2018-04-06 20:28:32','2018-04-06 20:28:32'),(4052,3359,'D3CkFFXQmJToF5sDeSqcc2OVvwOD4dx7','2018-04-06 20:36:52','2018-04-06 20:36:52'),(4056,2368,'DJPJTA3SuiLqFjdmRtcZfibqX0TdEBBl','2018-04-06 20:54:41','2018-04-06 20:54:41'),(4057,2132,'8RCQmpiCmUWELzL04W0nTZ4bpxGVAXNn','2018-04-06 20:56:19','2018-04-06 20:56:19'),(4060,940,'xVbayXTsBoFqUTaIaaGSm83eB3uakLEH','2018-04-06 21:01:06','2018-04-06 21:01:06'),(4062,1402,'z5MCTn20ZTrQoOyItgBYotA2ek2Sr7in','2018-04-06 21:05:00','2018-04-06 21:05:00'),(4063,3277,'nZQIYk3POoLCbRIfoIhkSsWdZ1j8QFRu','2018-04-06 21:09:24','2018-04-06 21:09:24'),(4067,445,'RfUGSSlop76TBr5E05YmC97TPARKsu5Y','2018-04-06 21:13:57','2018-04-06 21:13:57'),(4069,359,'YALc2Xlr3MFwSn3XqinPzuC6kIftliGr','2018-04-06 21:16:50','2018-04-06 21:16:50'),(4073,2363,'q7CHIenFkMTypA2C8GG9sEjLdQkkdikM','2018-04-06 21:31:36','2018-04-06 21:31:36'),(4079,2828,'LXuMXT2un0Roy5Ak6cm1vG8gXP98mTob','2018-04-06 22:00:11','2018-04-06 22:00:11'),(4080,3286,'2dQqisGTQaZE0MsGgQ2hhS4bcjoBetH5','2018-04-06 22:49:53','2018-04-06 22:49:53'),(4081,1380,'zQXC2rI2vP8D40ylwisc0iMjCivtOhe3','2018-04-06 23:15:56','2018-04-06 23:15:56'),(4084,1498,'7yrOVjPJsnTrPSS0wScErPx4iWBDoT1G','2018-04-07 03:38:04','2018-04-07 03:38:04'),(4086,1764,'c9l8QUdcaUhL1NlfeZSvkNgZPD1XwKWF','2018-04-07 04:56:49','2018-04-07 04:56:49'),(4088,1764,'OEOvxYvAx9invx1gkn5S8guDlh8YaoJ9','2018-04-07 05:01:39','2018-04-07 05:01:39'),(4093,1664,'HNnhs7CrQ1ZdnDu1iPfiyYldeg20vokm','2018-04-07 12:02:56','2018-04-07 12:02:56'),(4094,1498,'gFEFzFDY9W3UkPpHzNJtcykFrE0BFvdV','2018-04-07 12:19:45','2018-04-07 12:19:45'),(4095,1555,'sBW0Z0BR1sbHG98QfTaclGVi3fZYxPcW','2018-04-07 13:33:15','2018-04-07 13:33:15'),(4099,2229,'YRUceTdV3fQ0SutOwYlR5kqf6QCtU8Od','2018-04-07 15:13:26','2018-04-07 15:13:26'),(4100,2132,'rc4bwOZwZJiNLJjMC4nUM6GqBRcDO4RH','2018-04-07 17:08:04','2018-04-07 17:08:04'),(4101,1498,'s4pf4s43SOa1fzQ48XilEh8HsvCruQzm','2018-04-07 19:26:57','2018-04-07 19:26:57'),(4102,1,'ZoRvGReTNg3uugYJBbOGQzhyrW4eh3Pr','2018-04-07 20:08:51','2018-04-07 20:08:51'),(4103,1555,'bNNJiFG9y1THkNueVJUiaKf9Xfc4ZBpR','2018-04-07 21:20:15','2018-04-07 21:20:15'),(4104,1555,'wNCv03G7ThoUNoI97NzfUEPDrkdLw8YQ','2018-04-07 21:20:15','2018-04-07 21:20:15'),(4105,2119,'fC2LWfFUDyxsnaU5J2fIlUqYGUPSDELb','2018-04-07 23:52:09','2018-04-07 23:52:09'),(4106,1498,'c4931kgXVorWiqs8Dbn0qTqoiDqJsBiv','2018-04-08 00:05:57','2018-04-08 00:05:57'),(4108,2119,'13mOYQ37ObDYsetU3f97Gzc0CPqgUtrD','2018-04-08 00:44:19','2018-04-08 00:44:19'),(4109,2119,'uLTF9eFNr6hpx4bYe47367GDzluoqHjO','2018-04-08 00:59:33','2018-04-08 00:59:33'),(4110,2123,'Kdvjn4wf4zIU7qyDsDXFS1Uy28Jv3jTg','2018-04-08 11:03:20','2018-04-08 11:03:20'),(4111,1566,'OwYnFOcIEmXNcgXifwNqDqXn7RTkmIn6','2018-04-08 13:04:52','2018-04-08 13:04:52'),(4112,1498,'tGIKu49c52bJSXzwUjiyXPOx5thpJuaz','2018-04-08 13:55:35','2018-04-08 13:55:35'),(4114,2119,'b9bDDMV01MuIqjJW6NIQ37rXaIVYgtRx','2018-04-08 14:53:01','2018-04-08 14:53:01'),(4115,71,'v5OC9DzxfRgkAsHQMMpl66lciMyaCnxz','2018-04-08 14:58:45','2018-04-08 14:58:45'),(4116,2373,'2I1Kqdt1Birlr7WewqmuBTFynBgnobzF','2018-04-08 15:48:43','2018-04-08 15:48:43'),(4118,2132,'i4rlnHorPxOmW21eaVCXL798rYUZFCBe','2018-04-08 17:24:52','2018-04-08 17:24:52'),(4120,2119,'r3wIMGVFtCNXpwVVeBdz8P7oVinNqVmm','2018-04-08 18:02:49','2018-04-08 18:02:49'),(4121,2229,'4TO8C1xDICJkG4YC3PZANGhENz5AyU3S','2018-04-08 18:13:14','2018-04-08 18:13:14'),(4124,2285,'KjeIH2RZUYE0fmIE0zAg9LpKP37a0iOs','2018-04-08 23:17:44','2018-04-08 23:17:44'),(4125,1555,'z0M2RixWBGU2dCNIUCmmnluTYBXjYR3k','2018-04-09 01:05:04','2018-04-09 01:05:04'),(4126,1555,'jXMAC8v0XxiMgDfIM4sXq9g7p1kWYm8g','2018-04-09 01:06:43','2018-04-09 01:06:43'),(4128,1992,'mPkKOcHuELme3oycrQPa9naCub5dhjyh','2018-04-09 02:43:22','2018-04-09 02:43:22'),(4129,2285,'G0emZVanYCfxzLwk5IB1CrS1Z0rP7nav','2018-04-09 02:54:02','2018-04-09 02:54:02'),(4133,2132,'sBpG1nlKQ8FlLFu1dNzhjkc7dCkTlixc','2018-04-09 13:01:17','2018-04-09 13:01:17'),(4134,4416,'TTi2dtgmHgVcMaOlanBNneu9A7ngdlwY','2018-04-09 13:20:16','2018-04-09 13:20:16'),(4136,1555,'FXepIlXr2T1ZgEY7moWbYtAwzjFt7Y8R','2018-04-09 13:23:50','2018-04-09 13:23:50'),(4137,2285,'ypdV6ZUBWxRmKZonu9VSwDgeKWaYz3Xz','2018-04-09 13:26:08','2018-04-09 13:26:08'),(4138,1498,'Oti4KwgU79FYXL8VbBVQl15EC1dNI2Bf','2018-04-09 13:26:36','2018-04-09 13:26:36'),(4140,1,'lhhC8OXo3aHimrz87XJtno83zmZstWPO','2018-04-09 13:41:58','2018-04-09 13:41:58'),(4145,1555,'SPTTdT7td13e5wHtalINy4VdWedsRIsG','2018-04-09 13:53:45','2018-04-09 13:53:45'),(4147,1500,'pGYYwNg3MnCMXwg2K8nsg8Huz8AIm43v','2018-04-09 13:58:33','2018-04-09 13:58:33'),(4149,2285,'KzhTYx6Bism92JA5TliWIJbT20IUX40J','2018-04-09 14:05:57','2018-04-09 14:05:57'),(4152,2276,'d6gXUPbTtFATXEgOCfRx36fGLMGnEuIB','2018-04-09 14:23:05','2018-04-09 14:23:05'),(4156,4432,'pKpMb3nScGPvrGNVTRIX7Mxp7HqvJAmo','2018-04-09 14:30:59','2018-04-09 14:30:59'),(4161,1363,'ny5GvDBq6El0hfw3VR2k0YkRl0FsnOum','2018-04-09 14:51:24','2018-04-09 14:51:24'),(4162,1363,'c0A5KnzpwmgbB9IRPDIVQvidVFk7Yai7','2018-04-09 14:52:09','2018-04-09 14:52:09'),(4163,2228,'fNWKKiavsU80duWUKZh7SEPJus5Lpuop','2018-04-09 14:57:58','2018-04-09 14:57:58'),(4164,2229,'uZ7URYzPyi9M0HV19JTL2Hqat1hmgPXQ','2018-04-09 14:58:01','2018-04-09 14:58:01'),(4165,2276,'YPZ8PMnNPqXXpNebLKIOAjn2kUp3b8zg','2018-04-09 15:00:25','2018-04-09 15:00:25'),(4167,1448,'L50AB44lRHesdSh14Ebf5XQyN60gU6K6','2018-04-09 15:05:21','2018-04-09 15:05:21'),(4168,1402,'6Qc9MOD5bnXF4Z0p5OD3wqUIrUisYwHe','2018-04-09 15:13:13','2018-04-09 15:13:13'),(4170,3360,'NJPh8PQBhclpuMlhQHIlZS9axTQhx0JW','2018-04-09 15:19:47','2018-04-09 15:19:47'),(4172,4367,'DETRB9s4GCRvXNPaMAhaPKiItUxwQswc','2018-04-09 15:25:11','2018-04-09 15:25:11'),(4174,1664,'aNCooczvAo5uaTR1K42lexp0PMoMqDLy','2018-04-09 15:40:26','2018-04-09 15:40:26'),(4175,1,'UdAjUdMuB6UQrEvQxdVfgVh2zrKOeNPw','2018-04-09 15:41:05','2018-04-09 15:41:05'),(4176,183,'8bn3ceQOpa0FluJzwh67ZVNy4TOMFo5z','2018-04-09 15:42:43','2018-04-09 15:42:43'),(4178,1474,'sQyUl8nRr0CBkKKTMgc8ZXcB8dBZHzwK','2018-04-09 16:17:09','2018-04-09 16:17:09'),(4181,2828,'7xwhNLhOZPoCgKYS3xCzwLvtfT3bY3az','2018-04-09 17:00:23','2018-04-09 17:00:23'),(4183,2350,'IgGRTxF5c1DC4ViTVrBqI3R0o4HuCf2z','2018-04-09 17:19:54','2018-04-09 17:19:54'),(4185,1498,'amiiI6sDkOcak9XPug0ZmXmBqeZGWV4G','2018-04-09 17:23:01','2018-04-09 17:23:01'),(4187,4502,'SsUiMk2sunqRU5lA3Wd8RcxHHvOnVj9n','2018-04-09 17:24:34','2018-04-09 17:24:34'),(4189,1745,'2WQ2AZZ4FCazWtRvAuqiprZWdS0h9NoM','2018-04-09 17:25:52','2018-04-09 17:25:52'),(4195,1464,'XU1VoIWpaYpgHNLs0pZBf1njMduFgL5D','2018-04-09 17:50:47','2018-04-09 17:50:47'),(4198,1498,'OeoZDx8SRMOJPxu6NqdPBM5xjhAQ9xpn','2018-04-09 17:57:30','2018-04-09 17:57:30'),(4200,68,'X62Ct8LnbH3vH4rtgqpovkonxOCWOOEY','2018-04-09 18:04:12','2018-04-09 18:04:12'),(4203,1455,'f17zC9OYW2IANhzEcBkr9yUt0z0XCJge','2018-04-09 18:09:05','2018-04-09 18:09:05'),(4206,1347,'lnQpZEmVqyjmh7mjeILrEec9nKnERQvO','2018-04-09 18:12:44','2018-04-09 18:12:44'),(4208,1347,'786kHbVoBAvzluziMw4DyhXnSos1krJa','2018-04-09 18:13:42','2018-04-09 18:13:42'),(4212,3064,'c00zb0JyQ3w10pEwRI627R3Fhd3xDyMO','2018-04-09 19:14:21','2018-04-09 19:14:21'),(4226,2190,'89Ii120dSTpbxky9hD1e3bmAkH7uTgjS','2018-04-09 19:54:55','2018-04-09 19:54:55'),(4231,3359,'UosOo2TsSRJMXU9MlB4SIwU3sv73clB1','2018-04-09 20:02:07','2018-04-09 20:02:07'),(4234,1498,'sjxJ8ZnoxosGsWOaTExw0RARCeS3SWIj','2018-04-09 20:07:06','2018-04-09 20:07:06'),(4236,2183,'uNIGl1bTtaUmArXTuNmcaA2D45ya9rWW','2018-04-09 20:09:06','2018-04-09 20:09:06'),(4253,1626,'5JrL94nUjTLglRqQNozGy3FKEOHrwhy9','2018-04-09 20:34:07','2018-04-09 20:34:07'),(4255,68,'m04nZc4qcRsgiatJswG4oL08RVlFsVkY','2018-04-09 20:35:04','2018-04-09 20:35:04'),(4257,73,'UIgWVEIx02Dvih4CZGLWROolImSHgWpi','2018-04-09 20:36:14','2018-04-09 20:36:14'),(4258,73,'Z8zYyl1ysxgRtluisUe7KXPyeUG4mFbY','2018-04-09 20:36:16','2018-04-09 20:36:16'),(4260,73,'AXoHrTXTLWqdGbVEHEDMddSaYLElXOO1','2018-04-09 20:36:19','2018-04-09 20:36:19'),(4262,2157,'OfKuCseKx5b815bje1OWJTkdfof45XBI','2018-04-09 20:39:50','2018-04-09 20:39:50'),(4268,3064,'Cnf62M9FdqCXMTOodvO3guPywSa3Ir1H','2018-04-09 20:56:34','2018-04-09 20:56:34'),(4270,2328,'fVoRCAJA1vR6khZV2EXp4bo0CZWSafuQ','2018-04-09 20:56:46','2018-04-09 20:56:46'),(4271,2328,'m2b0GtP1CHLeZzTB0MOnVr88P2C1MlNn','2018-04-09 20:57:24','2018-04-09 20:57:24'),(4272,2234,'xV5HQy66NXxMASvl55iJhodGNigD49I3','2018-04-09 20:57:39','2018-04-09 20:57:39'),(4275,1,'BpYDYF7Nqbj2L9HyJuWJm3l0X7d2TbJ1','2018-04-09 21:03:10','2018-04-09 21:03:10'),(4276,41,'pF8d5z2RHYEe2q85RbuVusephuVUxRt6','2018-04-09 21:06:35','2018-04-09 21:06:35'),(4280,2285,'g6Kv4Z8eCAPB5tU7C1oHlYj3jManSpBo','2018-04-09 21:07:28','2018-04-09 21:07:28'),(4283,2229,'14MyAHe6g1r4RRBFCO7P9aqwjIgnhy9w','2018-04-09 21:08:44','2018-04-09 21:08:44'),(4284,2173,'cVcGuo5C0XYbbOJbZeOgnppVWCnP2HMl','2018-04-09 21:09:11','2018-04-09 21:09:11'),(4285,1431,'ZGMXwjLKjaX60OTO3iQPQFdslypcqqsK','2018-04-09 21:11:43','2018-04-09 21:11:43'),(4300,2285,'PBuKMqGGHLx1yaaV3afBV1jKg5F1Otyv','2018-04-09 21:50:58','2018-04-09 21:50:58'),(4310,2828,'CVqS7NMEMglIMyiFgm1tJNJpQ2XfqhBC','2018-04-09 21:59:33','2018-04-09 21:59:33'),(4313,1356,'stGdJwKpbFcBYjjWutJcjkRg7NPCaHWz','2018-04-09 22:12:53','2018-04-09 22:12:53'),(4315,1356,'CtBMdh33wpawcvk8RIqalpeB9hOOHIL7','2018-04-09 22:13:47','2018-04-09 22:13:47'),(4319,2229,'6babrvQ79ZAA5QQxIZJvldOqVHvFcyx4','2018-04-09 22:44:57','2018-04-09 22:44:57'),(4321,1555,'sHdCAcJIOOZD38GUCg17F56I688Nwm4j','2018-04-09 23:39:20','2018-04-09 23:39:20'),(4323,1568,'fAWDUDa6OWqi2Ug6WhfE9sQbE6WoJFVC','2018-04-10 00:38:36','2018-04-10 00:38:36'),(4324,2008,'MjPOC5kbpVx4yCaMoTg9KllKi4dvqO3m','2018-04-10 00:57:37','2018-04-10 00:57:37'),(4327,1555,'XZ8xbb3F8lNgW5cYsINs1XXEwK7jWIUa','2018-04-10 01:47:41','2018-04-10 01:47:41'),(4328,2132,'E5uMtSXzKNYYocGFFelZFGNC9kEfi7RN','2018-04-10 03:34:25','2018-04-10 03:34:25'),(4330,2130,'t8s9sYsl3UrTBj73wk2MtpkQsel5IDLl','2018-04-10 12:27:04','2018-04-10 12:27:04'),(4331,2229,'ikAybWH7Gr3cDC3YO2L9uIkjloE7Ya6o','2018-04-10 12:58:04','2018-04-10 12:58:04'),(4332,47,'rp53EuwNBXfkUfUpYzeKObTgNfCz7zJb','2018-04-10 13:24:50','2018-04-10 13:24:50'),(4336,4372,'nQ5LXddwfKThygS54mBkzLGc7XbOHAry','2018-04-10 13:31:14','2018-04-10 13:31:14'),(4340,1486,'InN4oDadnNoPFOz59sV7To9wttVUga2a','2018-04-10 14:04:55','2018-04-10 14:04:55'),(4341,4435,'Ao097MWSDJ7GqXKxJUeEeP39i3jq4mZh','2018-04-10 14:12:13','2018-04-10 14:12:13'),(4351,2285,'RLPk4wy1X1pVjylJIAAyN8R2PyWa6isT','2018-04-10 14:27:45','2018-04-10 14:27:45'),(4362,2828,'3aBFZLIpgXQOu68ddoaOZKa3PJr7KMOK','2018-04-10 14:41:00','2018-04-10 14:41:00'),(4369,2285,'tOm2hI67Y2tX4pOUvSZYkuQQ48hpUHrf','2018-04-10 14:43:04','2018-04-10 14:43:04'),(4371,2285,'8ms5hxm0SIkMboLsE1wWfxnIS2g2xlsk','2018-04-10 14:43:20','2018-04-10 14:43:20'),(4401,2285,'RTUpNym92bN74NWoveOKlh46BQheamtA','2018-04-10 14:50:20','2018-04-10 14:50:20'),(4411,2285,'FuSLS61Vhnh9KD7hP7kPlHwdZYf6zLiS','2018-04-10 14:53:24','2018-04-10 14:53:24'),(4418,2285,'lluzbXIUlsoB3V0cRe7RHwXXNEQl6bvB','2018-04-10 14:54:56','2018-04-10 14:54:56'),(4426,2123,'VpnrAgDKHKBuzOQRlenDv2vTbJLNuuV0','2018-04-10 14:59:49','2018-04-10 14:59:49'),(4430,1,'cPDI9rTaysVSkLbsKoL0FB5CruPMjHv3','2018-04-10 15:05:55','2018-04-10 15:05:55'),(4437,2099,'bYD5cmPMX7JVdyq5BIButjnBOk15adts','2018-04-10 16:39:12','2018-04-10 16:39:12'),(4439,2077,'cFpZVoySi0EzfGn4TVLoDTPSTEOGBmIy','2018-04-10 16:44:00','2018-04-10 16:44:00'),(4442,2082,'0yqWEeFPmmrgeE5Kkn2EwvUF3nBfewuu','2018-04-10 16:47:51','2018-04-10 16:47:51'),(4450,73,'7R3XQpBV0sM2hzsu6TXTFMPHWs0AuHsN','2018-04-10 17:27:16','2018-04-10 17:27:16'),(4468,2346,'zsyVetzEell2EAktuG1bZD4F9bThHIq9','2018-04-10 17:46:06','2018-04-10 17:46:06'),(4474,785,'teikZzC7u4UPCwxQK17k3Hz1BwoHJAJr','2018-04-10 17:57:34','2018-04-10 17:57:34'),(4476,2828,'uHPGS3mL6WIPbKDo4sEwP1IOEWRFbzyV','2018-04-10 18:01:44','2018-04-10 18:01:44'),(4485,2265,'h4xGpqsB97vo8VGajscDvS8FzHvLA1Z1','2018-04-10 18:41:06','2018-04-10 18:41:06'),(4486,1664,'mYbjTtPAA1OvcCkZK3qWlTtDtYiDM3y3','2018-04-10 18:44:09','2018-04-10 18:44:09'),(4493,2354,'NBYTUy0pQSsUHElLIAQsyj3hctDpskzi','2018-04-10 19:35:55','2018-04-10 19:35:55'),(4494,1534,'qlnmKtOPu9pr1ja8DmZlp1D6NTiLrlUY','2018-04-10 19:48:43','2018-04-10 19:48:43'),(4495,1535,'ZotcsotGxeG1giGL3HC6Y2mwWZNHUJ9D','2018-04-10 19:52:33','2018-04-10 19:52:33'),(4496,1524,'E1I7OrzzXjeTtOPSieMfkyCeI86rfEi8','2018-04-10 19:59:38','2018-04-10 19:59:38'),(4507,1695,'ZTjGpQG7pt0Cw5Mvzg2yLXw4M0bOMKYH','2018-04-10 20:30:10','2018-04-10 20:30:10'),(4512,2229,'JD2Yo9pmsQ637HQ8Z9Rt9a5KJ7XhTjiF','2018-04-10 20:43:19','2018-04-10 20:43:19'),(4525,1758,'MMuHTiPWEFXVfLjrWuV2hPkM38kzebBz','2018-04-10 21:24:56','2018-04-10 21:24:56'),(4544,1762,'R3f4Ns2UNVZjqrmrYQvoH3EEOKc8wZ5T','2018-04-10 21:52:26','2018-04-10 21:52:26'),(4549,2285,'rVkPgGLkKRzE8IlhMWBAb2XfPXZtpRYr','2018-04-10 21:53:49','2018-04-10 21:53:49'),(4550,2285,'WWHH7U2m72ghECfob2fX4WUVerUa3KTp','2018-04-10 21:53:52','2018-04-10 21:53:52'),(4554,2305,'fnzZo8B34saQdkJ9HMA4wjinQFkln0aZ','2018-04-10 22:24:55','2018-04-10 22:24:55'),(4558,4501,'bIN2MrW5GMv73dQt2j8VnRl35NqoWD4v','2018-04-11 00:14:42','2018-04-11 00:14:42'),(4559,2285,'EMNvOz8c16GzK60G80zeDaqHNNH9JGel','2018-04-11 00:25:18','2018-04-11 00:25:18'),(4562,2132,'gjEtU7CAgKT16oHQlk8Yl0ux77JwFHhO','2018-04-11 02:49:38','2018-04-11 02:49:38'),(4565,1555,'DRHk5pUJvUJdZN4PeXGada991moxxmI5','2018-04-11 12:29:46','2018-04-11 12:29:46'),(4566,2123,'IZPKtGj9A38QMCIzg5J07T6KhKYyGiHI','2018-04-11 13:02:55','2018-04-11 13:02:55'),(4571,1555,'qkuh7vaFuAeaKJpjtpvZllw5il2zQexy','2018-04-11 14:05:37','2018-04-11 14:05:37'),(4573,2229,'cpnKU35Uu8eMys5clYwaqwGxMM7wphTl','2018-04-11 14:25:24','2018-04-11 14:25:24'),(4576,4439,'9i8fVPYLiZm3FHT5jp8IPnzFrmVXJLzo','2018-04-11 14:30:59','2018-04-11 14:30:59'),(4577,4435,'IiK6OS7GfFcNkoUVQWtf3eOVKuScEeZW','2018-04-11 14:31:18','2018-04-11 14:31:18'),(4584,47,'XAxVvpOxzXrauNxeOpTkP1P1ZEuttP3R','2018-04-11 15:41:19','2018-04-11 15:41:19'),(4589,1334,'yEspX3ucGq4A2XztoPkvnVjBr8DKzrs5','2018-04-11 16:19:25','2018-04-11 16:19:25'),(4590,2307,'QxrNAFjJy0wJQmNv5W8Q8K1IwtlVNUr4','2018-04-11 16:22:24','2018-04-11 16:22:24'),(4591,1757,'jaR2aeCv4PlcVmLZrbHu6mKN8n3EQ0XP','2018-04-11 16:26:05','2018-04-11 16:26:05'),(4592,2062,'TDMbcSRGYoeAw3AOyIImAdL4iFyDkMS7','2018-04-11 16:30:18','2018-04-11 16:30:18'),(4595,2065,'F7pIv6REzCEIlQekjsHK9H0qzOdOZ75G','2018-04-11 16:34:27','2018-04-11 16:34:27'),(4597,2061,'NKwLcpkFBpQ2shOSrVeF45U0Sdg9SjG0','2018-04-11 16:44:16','2018-04-11 16:44:16'),(4598,1413,'mQA1pKlSK4r27tmIkNk2wJ3Fe6tMApFB','2018-04-11 16:44:19','2018-04-11 16:44:19'),(4600,2294,'sAxMEMdWq6Uz2BXknP89gC28IQ7HyOpx','2018-04-11 16:46:50','2018-04-11 16:46:50'),(4601,4507,'HPy2nZxoTuIdEGfItGSPzhmSyidrrezm','2018-04-11 16:48:27','2018-04-11 16:48:27'),(4613,2228,'yxEY5wRZWmGR2xigJAQ2NsDuhlrTw1uG','2018-04-11 17:26:13','2018-04-11 17:26:13'),(4614,1742,'8xv7oSLg4IbDIF15mQoly9dk0WocbI80','2018-04-11 17:29:54','2018-04-11 17:29:54'),(4626,1283,'EQV9wLuEFVUD2LDSfkr1HOst26uqx2Jp','2018-04-11 17:52:53','2018-04-11 17:52:53'),(4627,49,'xoXWAmPxxvBcDm4n9lxKo1RN6UrYuvI0','2018-04-11 17:57:46','2018-04-11 17:57:46'),(4629,4367,'kApKLtVPdLARCP4NqFrz34ppeu8CMwER','2018-04-11 18:08:30','2018-04-11 18:08:30'),(4630,74,'9g8rTofFUMljLfWjlQAewwCw6oz7Q1hm','2018-04-11 18:09:37','2018-04-11 18:09:37'),(4632,3274,'y1attWGZKDHqzkFPhDdCOU7nkDRzn15I','2018-04-11 18:45:53','2018-04-11 18:45:53'),(4633,47,'wiB2IBX8EXVtZFlgScBL0iAmVxtoAGST','2018-04-11 18:58:13','2018-04-11 18:58:13'),(4634,1555,'dHfhhYQ3DTDpqjLXYtRCR2fbLDUIjRCR','2018-04-11 19:27:29','2018-04-11 19:27:29'),(4635,1,'3dVnpLI0bkBToqtKu7uVKBUD5dbjOENJ','2018-04-11 19:28:10','2018-04-11 19:28:10'),(4636,1554,'3ftVPGMRuYQEJa7LNpZ0duWYz19mH3zl','2018-04-11 19:28:25','2018-04-11 19:28:25'),(4638,4549,'CMuJhWwzttCfELlkb8oHPNSYxN58iQE3','2018-04-11 19:34:57','2018-04-11 19:34:57'),(4641,1371,'JQ2bvGlww950mWor96fmc88RZGKL7rQE','2018-04-11 19:49:08','2018-04-11 19:49:08'),(4642,1757,'aVyaDc3jqLf9iok1Geu8mao9wa0DIIJp','2018-04-11 19:59:17','2018-04-11 19:59:17'),(4650,3275,'zrHRanJb5pWUeq3z4Rtl1t63DMny3jlG','2018-04-11 20:26:02','2018-04-11 20:26:02'),(4651,4435,'Xo9VovkaRTcwBoIkqKagwMQmkJiZd2ru','2018-04-11 20:26:32','2018-04-11 20:26:32'),(4654,1895,'QwzvN2xHa4STKicBRhrnbCrY9dcUfryh','2018-04-11 21:41:03','2018-04-11 21:41:03'),(4655,1895,'6g3AWChWg3XWvYsIJFo7z711fvWaZ5E1','2018-04-11 21:44:30','2018-04-11 21:44:30'),(4657,2132,'FqZHZpeVCkq84gZbrdfDbVFa0MLoZn3O','2018-04-11 21:55:32','2018-04-11 21:55:32'),(4658,2285,'a6giLs29cHAAyqAH3ehsmpmm6LPO7Mxt','2018-04-11 22:42:25','2018-04-11 22:42:25'),(4659,2285,'m3dtvGRb2Ex7guFShhU6fnx2uoJHrfFe','2018-04-11 22:42:26','2018-04-11 22:42:26'),(4660,4501,'lFTk2SGpSPLnUXhN3LzwqFICRffXG1DB','2018-04-11 23:15:54','2018-04-11 23:15:54'),(4664,1992,'i8X3HmaHnZmuG1HM6rtpv4drtbgriLRh','2018-04-12 02:53:46','2018-04-12 02:53:46'),(4665,2119,'LcHAHkA4pUtVQ981Djna2tYLufmNf4kp','2018-04-12 03:50:12','2018-04-12 03:50:12'),(4667,1498,'zju9yk5lhfcB4bdjOW5DBPvwUEoiIIq9','2018-04-12 11:22:15','2018-04-12 11:22:15'),(4668,2119,'sqTkUrgsfEUJkMqi9GWBfRTVru7H1GcU','2018-04-12 13:34:02','2018-04-12 13:34:02'),(4669,2119,'e941iDzJmdCUfrAyweHnmt3bhVXWLWpY','2018-04-12 13:45:59','2018-04-12 13:45:59'),(4671,46,'95YP1s9gbjI1FjovqZa6EWBQizMVPIP5','2018-04-12 18:40:23','2018-04-12 18:40:23'),(4672,2132,'LLG7UTzuTrdVaUoOZOrLxGdi5lkjoCUC','2018-04-13 01:19:16','2018-04-13 01:19:16'),(4682,2285,'BDuF6DzvFvJ3ZgUcbVHPcev0PkFiUxOC','2018-04-13 01:38:44','2018-04-13 01:38:44'),(4727,1324,'JsgW5ibYnsyTLQbwB9vzNuRqnhBt53DD','2018-04-13 02:04:17','2018-04-13 02:04:17'),(4730,1,'XZ7kr4LvoLSuqYuDROWLq3bH8DqU2J8r','2018-04-13 02:21:36','2018-04-13 02:21:36'),(4731,2006,'Iu8ZZ7SXMBVrSPRlousRAd1vqjRNSabE','2018-04-13 03:15:05','2018-04-13 03:15:05'),(4761,2285,'3NcR4ZPjf2KRKTkNmNnZEq7040d461bN','2018-04-13 11:43:49','2018-04-13 11:43:49'),(4814,2285,'YARG4hV6BGbn5MXHceaGMWQtWDCYOXLl','2018-04-13 12:43:41','2018-04-13 12:43:41'),(4818,2285,'GyPSzXTVy5khp6LuTlI3jZ9z5B6WgoUW','2018-04-13 12:46:58','2018-04-13 12:46:58'),(4819,2285,'JYfKqgHYNTL1DOrFLSWscVNuqEHgZ1OH','2018-04-13 12:46:59','2018-04-13 12:46:59'),(4820,2285,'XUESRKwTKIClTkrcYaVFjUaf8vvMm08W','2018-04-13 12:47:00','2018-04-13 12:47:00'),(4821,2285,'f7K2aiH3SMstCxUAyq6oDRo00y75h97F','2018-04-13 12:47:00','2018-04-13 12:47:00'),(4822,2285,'pn1eoE746Sh7wnJml2BZL2cUXgHlmp8i','2018-04-13 12:47:01','2018-04-13 12:47:01'),(4823,2285,'QbSH5OxtGzMVBMJRHRUrt4qLjwx7MpWL','2018-04-13 12:47:01','2018-04-13 12:47:01'),(4824,2285,'LE1dlHETyvGXqIyYFDihwbJv0MTeuFLM','2018-04-13 12:47:02','2018-04-13 12:47:02'),(4831,2285,'L6Iahwk9ebQXokWrnEpBTtoExdaF8UfU','2018-04-13 13:01:45','2018-04-13 13:01:45'),(4832,2285,'5OYpiMK5QPtlEPD25gtXuyL3PJBMGQCm','2018-04-13 13:01:46','2018-04-13 13:01:46'),(4834,2285,'XsPdqqsDS9OlBojJXH7c7dtIvSzXW6w8','2018-04-13 13:02:41','2018-04-13 13:02:41'),(4845,2285,'YEWlecJnmbBbExTbGJqm6iTlFMQEdNCq','2018-04-13 13:22:23','2018-04-13 13:22:23'),(4878,477,'1cJQY7P3ujjgpMGJQR52KSTTqjGRWpzA','2018-04-13 15:49:35','2018-04-13 15:49:35'),(4882,2132,'LXjhjz75WjOSsVJyv2gqaglXC2FHRXMh','2018-04-13 21:11:06','2018-04-13 21:11:06'),(4883,2132,'pWguSACmeVVHKZVGGv3PXXGPEfwlOQ71','2018-04-13 21:55:27','2018-04-13 21:55:27'),(4891,2285,'iQqMPPjpBsZCevgWLw4qE6SBPuLi1UXS','2018-04-13 22:36:56','2018-04-13 22:36:56'),(4894,2132,'GaimlpWNQGW0hcpeNGVdBpSYdq2WKuKJ','2018-04-14 03:34:51','2018-04-14 03:34:51'),(4895,2132,'KG0j7doEDQqwEP2k4GyxHrr5GkSbFo2R','2018-04-14 13:47:39','2018-04-14 13:47:39'),(4897,2132,'VmDem2V02e6fCE8x7HDEqcia7N6m5hYu','2018-04-14 16:01:27','2018-04-14 16:01:27'),(4898,2132,'dGJoVnhK93OUdjoePY7k1Z9amOXrH4bG','2018-04-14 19:04:03','2018-04-14 19:04:03'),(4972,2285,'UcJLMfbpW104HCmabrJYoufqZBQPwvwo','2018-04-14 21:50:39','2018-04-14 21:50:39'),(5034,2285,'d0yBBoauA7tewca87dj1aHUteTJh5LIb','2018-04-14 22:25:34','2018-04-14 22:25:34'),(5036,2132,'Xppeeps9lp7kYZ3bNHTph07Oi7WdI6Uo','2018-04-14 23:13:15','2018-04-14 23:13:15'),(5108,2285,'KOHR4NURfzlvFEvW1QnoE1cmRPacZ38g','2018-04-15 00:33:32','2018-04-15 00:33:32'),(5387,2285,'TuJb8EiDnVvSlK8Bb02QzsByuUvKbbzp','2018-04-15 02:45:19','2018-04-15 02:45:19'),(5396,2285,'80C9UsvE1Soq3Wk4nNpqGa5oBitwdE3j','2018-04-15 02:50:21','2018-04-15 02:50:21'),(5397,2285,'QG0QTumhqbTvvXgMPN6GBvBMPdmRaOG5','2018-04-15 02:50:23','2018-04-15 02:50:23'),(5402,2285,'wPEQYcWIXXcV7uEDz0hdwiSaVbes4nJD','2018-04-15 02:51:41','2018-04-15 02:51:41'),(5410,2285,'oYHxnEFMjF5Z7fvPyLEK7wDfnZoQPjmm','2018-04-15 02:53:40','2018-04-15 02:53:40'),(5414,2285,'KMMJqDqokmQMHnNhf3YwIEBPPIivn07K','2018-04-15 02:54:34','2018-04-15 02:54:34'),(5415,2285,'b49Evi0QOoQsi8rUGmtkQ08c5LireeCB','2018-04-15 02:54:34','2018-04-15 02:54:34'),(5420,2285,'4d4xinPJIk0WqXhQOvkR0GjgoTgvJt3G','2018-04-15 02:55:58','2018-04-15 02:55:58'),(5423,2285,'s73psNydAixHLiMDXbpobx6qXQiGFkxW','2018-04-15 02:56:34','2018-04-15 02:56:34'),(5427,2285,'ZHa3f3JpTdiaq886vI7iI0zaQDb97a8K','2018-04-15 02:57:22','2018-04-15 02:57:22'),(5432,2285,'aKhZCNEIgFhrBEC4fKduQggfQnQuRQVd','2018-04-15 02:58:36','2018-04-15 02:58:36'),(5437,2285,'Cle07ZnixfUATXtIGHGMNqejZomlRVhJ','2018-04-15 03:00:17','2018-04-15 03:00:17'),(5444,2285,'mbNwQYhJCtUfB8eUyricVCwuIZvSpHzj','2018-04-15 03:02:14','2018-04-15 03:02:14'),(5450,2285,'DIL9YU8nlP2ppHE9euB5fBhX0YCGmW1d','2018-04-15 03:03:48','2018-04-15 03:03:48'),(5457,2285,'SBsrk27Q2pC8KhnzTUEcCLmypmSgbGWf','2018-04-15 03:06:14','2018-04-15 03:06:14'),(5465,2285,'UWgnuiOszYzhXZAeubaV3qlvdLV04FIR','2018-04-15 03:09:15','2018-04-15 03:09:15'),(5467,2132,'GKAXvjAFoqAOG8fIqjwtbcMzjVW1X8rh','2018-04-15 03:38:23','2018-04-15 03:38:23'),(5524,2132,'c4ygkqDH7GWS4bBguM5Ku3bmNDqRAtDR','2018-04-15 11:48:27','2018-04-15 11:48:27'),(5832,2285,'ct9Vsw8anfQMLnU7ZqNQEUKRj7xTDc4B','2018-04-15 14:39:05','2018-04-15 14:39:05'),(5836,2285,'H0ocWFvv4QS7VAtfIm1Ixj0wjokMijub','2018-04-15 14:40:02','2018-04-15 14:40:02'),(5840,2285,'DGVLpEpHoJ3wtc9zQcMuK2DXP09rXwZ1','2018-04-15 14:41:16','2018-04-15 14:41:16'),(5841,2285,'EVP80QidRJXPoSrh87IDsFnGNXx24tJa','2018-04-15 14:41:17','2018-04-15 14:41:17'),(5842,2285,'qGkRkMxk0zDKkwfS7AJUkB9likFGnh79','2018-04-15 14:41:18','2018-04-15 14:41:18'),(5850,2285,'gDc4CvqduJtwE7rC8YJWCrQ1j7Esc1H4','2018-04-15 14:43:14','2018-04-15 14:43:14'),(5860,2285,'6foAUhbC02cFjKUT624SSWYKGmMp4S0r','2018-04-15 14:45:50','2018-04-15 14:45:50'),(5861,2285,'4Re8ehC4EWO5fYks0wwGdVN01EgGl2l1','2018-04-15 14:45:51','2018-04-15 14:45:51'),(5872,2285,'uy6y8nbCzLPeABTu3fNWgCJ5vKBhCQOv','2018-04-15 14:55:18','2018-04-15 14:55:18'),(5941,2285,'AknyI0ONsRahbwMR0j1pJL4mM0VN426n','2018-04-15 15:10:29','2018-04-15 15:10:29'),(6775,2132,'lW6UssI7UyPRfJK8VdLtiy8uCCR3wUTy','2018-04-15 19:26:19','2018-04-15 19:26:19'),(6923,2285,'mNzSjaUscA2MrEfIBZ4v7JNfXyVlOEmZ','2018-04-15 20:49:03','2018-04-15 20:49:03'),(6963,2285,'1guBy28AEH8dJPEf94AmS4yhvT4mT33J','2018-04-15 21:06:56','2018-04-15 21:06:56'),(6964,2285,'Mc7rUWuCEIaLVqFSL4mb1VKm6wiku1VO','2018-04-15 21:06:58','2018-04-15 21:06:58'),(6967,2285,'TGMID8DU17jtVvMHF37MHQR6z3CmEHRf','2018-04-15 21:08:38','2018-04-15 21:08:38'),(6980,2285,'MjXNwICbffWnIoSLNpWHEFxCQyUJqmRP','2018-04-15 21:20:25','2018-04-15 21:20:25'),(7105,2006,'PTn8x9pHuNrYNkI59oSBiR3SH7mvzQxq','2018-04-16 01:18:20','2018-04-16 01:18:20'),(7171,2285,'GB0iFrT7nm1UzhZzs1YyYPXK4T71SyUa','2018-04-16 01:55:11','2018-04-16 01:55:11'),(7174,2285,'2jL87f6q67OHXi8uNPoulKgjCt2QxDeD','2018-04-16 01:55:53','2018-04-16 01:55:53'),(7211,2132,'uf2itDcdF0vDqT1dObeW3niTr6XIJdpL','2018-04-16 13:06:23','2018-04-16 13:06:23'),(7213,2132,'JtbYbewLXxfh68pw4rffmLhjBGhWi33o','2018-04-16 19:42:32','2018-04-16 19:42:32'),(7215,2132,'6mRuW685gMulDBnE8vscSNwmCmkYQ3bS','2018-04-17 01:06:17','2018-04-17 01:06:17'),(7216,2285,'fDwBvotQxzWlS1jR2sha7uVUfGwt6k48','2018-04-17 01:26:27','2018-04-17 01:26:27'),(7219,2132,'ynYXuSuO9DkJ9vzvcJTCoIzTX2XZjZaR','2018-04-17 09:55:24','2018-04-17 09:55:24'),(7220,227,'HDPDigezVjJQOUfLj5gr4TNPU7p0hHEq','2018-04-17 12:17:34','2018-04-17 12:17:34'),(7221,2132,'7MdsyZ369o3JRAeIoLupSecAFccvDLam','2018-04-17 15:23:56','2018-04-17 15:23:56'),(7223,1,'Lqm0DtjCNoDuWELUabJ9MpYkYRmNjV36','2018-04-17 17:00:51','2018-04-17 17:00:51'),(7224,47,'jISWtVJG2W9e83amLz1xgnzAEYjr1fz3','2018-04-17 19:37:25','2018-04-17 19:37:25'),(7226,2006,'o4Q9OzCGcn10FEkDT7DOXLXfc7Dzx3WV','2018-04-18 00:58:21','2018-04-18 00:58:21'),(7227,2006,'AETb9TdOZZkHz2lPFsLoxfxH6C0cCWJI','2018-04-18 03:25:55','2018-04-18 03:25:55'),(7235,2285,'zIiSlsvB1IoiUvmfx2ruqQqf0k3CNQA7','2018-04-18 05:15:24','2018-04-18 05:15:24'),(7239,2132,'vWpQpy9mTn0S4g15UpLmFXGCGDYNaaTX','2018-04-18 12:06:05','2018-04-18 12:06:05'),(7240,2132,'3eCF9MjefUUtlGusybObgs7dtl329doB','2018-04-18 15:48:53','2018-04-18 15:48:53'),(7241,2119,'Xtyr43G34CYudGi0W9FEMgr4R0I2crTT','2018-04-18 20:14:57','2018-04-18 20:14:57'),(7242,2119,'aRMYkMebMiV12MERgEx76LQIo8e4qLr7','2018-04-18 21:37:30','2018-04-18 21:37:30'),(7380,86,'nSgcPtRYGTxYH8rPJRAsuntdqyXh8Rzf','2018-04-18 23:54:48','2018-04-18 23:54:48'),(7944,2132,'xbxVe3zctrVo8bkJ43fpjyb5LIyHWcxe','2018-04-19 20:00:40','2018-04-19 20:00:40'),(7958,2285,'sjbHG0PMQ6ZZ0IkrBWwjekQwAf7zsR2W','2018-04-19 20:04:20','2018-04-19 20:04:20'),(7990,2285,'423I0IE980DjTIsaI4Y4orq00EIRxwvp','2018-04-20 02:25:47','2018-04-20 02:25:47'),(8038,2285,'WTtrcQAcdM3JJSMfhoX8fx0TnWXXmN44','2018-04-20 02:42:41','2018-04-20 02:42:41'),(8069,2285,'ISbb01qyjCcUxvIFDtzH0v7ytvPCaev8','2018-04-20 02:55:28','2018-04-20 02:55:28'),(8082,2285,'qgrcCciRxyta8BIwi47ptsqT0xrxGeSV','2018-04-20 03:08:23','2018-04-20 03:08:23'),(8142,2285,'DH05yDjDviwdiW1PMzPpIF1fRu74CA5B','2018-04-20 03:37:50','2018-04-20 03:37:50'),(8148,2285,'oSlGQpEZHeYi0Lnb4qcDrVx8QKuy6x9R','2018-04-20 03:39:12','2018-04-20 03:39:12'),(8149,2285,'Mf1JO9umE6qC2cArEM0LlopwsqjoHHq7','2018-04-20 03:39:29','2018-04-20 03:39:29'),(8156,2285,'LfxSaxz11lFOQCS38stZmwBXoXIab1Fh','2018-04-20 03:42:09','2018-04-20 03:42:09'),(8159,2285,'2SZAG0mINzm8zLKrVstHaZRx0PAfR6HN','2018-04-20 03:42:33','2018-04-20 03:42:33'),(8222,2285,'u7WXcHt8WLG2qTmWRJJv57bgeajEWRg8','2018-04-20 07:33:23','2018-04-20 07:33:23'),(8225,2132,'bzkLvJzF3S7D0Uszos5rdIgbIiudI7op','2018-04-20 12:40:08','2018-04-20 12:40:08'),(8233,2285,'MRLEfvVZLVa3HcZ6wgbBFSj7SU0ZrMe1','2018-04-20 16:28:09','2018-04-20 16:28:09'),(8239,2285,'UzAHwyLDJ2uEjGA1isj3Bm2LPMF4WYxW','2018-04-20 16:46:11','2018-04-20 16:46:11'),(8240,2285,'k8WTKuHOc76LMHSzHzvauz9RmPEcHOlZ','2018-04-20 16:46:18','2018-04-20 16:46:18'),(8250,2285,'L1Lg3VsigCXaeewzCIIM8OtgER3qM5xY','2018-04-20 19:08:07','2018-04-20 19:08:07'),(8270,2285,'JQrHfMRfj76qySlCZLydSnOL7v1K091s','2018-04-20 19:37:26','2018-04-20 19:37:26'),(8271,2285,'DdYsUb2sGta3opjB1ZLT2wnT5DFUXwKB','2018-04-20 19:37:27','2018-04-20 19:37:27'),(8299,2132,'f8iNFcbU08sakmjlMg2GpfuytCAOhzUc','2018-04-20 22:52:34','2018-04-20 22:52:34'),(8300,2265,'JfREayx9eXDuWMKTsfTRINmg9c4qVa28','2018-04-21 02:45:51','2018-04-21 02:45:51'),(8325,2285,'Oih2hcihAYrEyjuTrYzXFhHZ5FzkyDHK','2018-04-21 19:53:05','2018-04-21 19:53:05'),(8328,2285,'Y7W60dxXpJYzCYPydW0FyZ8pywWMbG3J','2018-04-21 19:53:29','2018-04-21 19:53:29'),(8398,2285,'bHJTcxCLSzL5kYKltciWpKSlZQB9GiMr','2018-04-21 20:27:13','2018-04-21 20:27:13'),(8436,2285,'rXtgmYxYeIWdBog4KWwQdLt5bjgENNmS','2018-04-21 20:38:57','2018-04-21 20:38:57'),(8532,2285,'IgSGh0V0jFNNtIkaN6lDetkSzwJL4yov','2018-04-21 21:08:40','2018-04-21 21:08:40'),(8533,2285,'lFRcP4oLjAhAkwCcQ4memwYxwhsnsPK9','2018-04-21 21:08:40','2018-04-21 21:08:40'),(8538,2285,'PPlI3G82fXn3vU4enKzKsKJkZ5xdB6tl','2018-04-21 21:09:59','2018-04-21 21:09:59'),(8660,2285,'Ky25nztr42c21kw7qLxGe5hezQwfw9Em','2018-04-21 22:07:24','2018-04-21 22:07:24'),(8690,2285,'55L6fPdjkhB7ucVgCBNct9Jb7mfOHeEx','2018-04-22 03:30:53','2018-04-22 03:30:53'),(8695,2285,'XM5JXaZrQQIdce52i9I704af9Y8RQXvF','2018-04-22 04:25:11','2018-04-22 04:25:11'),(8701,2285,'LRH2CCMj6KCfhz6HXyTVoWgWfkkZm8hl','2018-04-22 04:26:38','2018-04-22 04:26:38'),(8703,2285,'8SNflDEPZOHc0qrQZEgLKHB9870Du1gk','2018-04-22 04:26:59','2018-04-22 04:26:59'),(8729,2285,'esShnQ6iafHuz3QAJzISDQUEGxNCkhOx','2018-04-22 04:34:35','2018-04-22 04:34:35'),(8730,2285,'6BOYXFvYmGQnV773L0ARB9bfwmHF0oTk','2018-04-22 04:34:36','2018-04-22 04:34:36'),(8762,2285,'PvY7HUrT9BSqhBgQH4ItXrzBPSEc2lwp','2018-04-22 04:43:14','2018-04-22 04:43:14'),(8812,2285,'kG0xaFl7HRsOZsMLJpwYb339riCkkwSn','2018-04-22 04:58:36','2018-04-22 04:58:36'),(8824,2285,'wmRLTU0GTioUK1McdHM6ZaGOW5u1W9Xa','2018-04-22 05:01:31','2018-04-22 05:01:31'),(8826,2285,'yLIk8Us6T2aANeSTdkesSSIQoDaKotor','2018-04-22 05:01:45','2018-04-22 05:01:45'),(8959,2285,'SLv1BG4DWgLi3ZzjDKofNX7aZqvJBqQu','2018-04-22 15:52:30','2018-04-22 15:52:30'),(8994,2285,'IeQgSa3EYXkFG5w25smSuA9tMIk76osS','2018-04-22 17:35:04','2018-04-22 17:35:04'),(8998,2285,'md2FPCoEzYwQ7dQty0Zx8eOeorB8u66J','2018-04-22 17:35:57','2018-04-22 17:35:57'),(9000,2285,'pbaByD55QGVBpLG0pF52nKHGXfdyZCRX','2018-04-22 17:35:59','2018-04-22 17:35:59'),(9007,2285,'Y3vnk5U97oVXzgqWeszvJD6ens6hXp29','2018-04-22 17:37:27','2018-04-22 17:37:27'),(9136,2285,'TsFWo4U8E1cELjohn1nk7pFcvsRPOVcA','2018-04-22 18:06:06','2018-04-22 18:06:06'),(9147,2285,'jKBNlBbedSDtU9ZJHXiv5jf4pn1ujHER','2018-04-22 18:07:12','2018-04-22 18:07:12'),(9150,2285,'GaVpz2NtVRI1SlmV5RbVht7534xX08xo','2018-04-22 18:08:03','2018-04-22 18:08:03'),(9151,2285,'H9eA1lHkoEdMEYhuWqTBZNfcQj1BDmfs','2018-04-22 18:08:04','2018-04-22 18:08:04'),(9155,2285,'HGjYbvyhKyATD2CP9Puyz2D1HCxL1ohY','2018-04-22 18:09:22','2018-04-22 18:09:22'),(9156,2285,'rcgEhg06P8boS0DTN87uA1kntoXHvuKk','2018-04-22 18:09:23','2018-04-22 18:09:23'),(9157,2285,'kHZnqU5Qc810BrtBMLGmCvtq48CMa8J6','2018-04-22 18:09:36','2018-04-22 18:09:36'),(9174,2285,'vGo6DxGoejjdBCvBLxcY8sw6MAwPUOHY','2018-04-22 18:12:23','2018-04-22 18:12:23'),(9200,2285,'GeY6kr0TDnkoONVtCok01u80G2pXUOCv','2018-04-22 18:16:41','2018-04-22 18:16:41'),(9437,2285,'ysafEcv1hDaHArWuHpDqdl6lwxIYgiBB','2018-04-22 19:49:53','2018-04-22 19:49:53'),(9438,2285,'tjSBeiJO7UDFT4gIGLUIf4GRtOTndUra','2018-04-22 19:50:04','2018-04-22 19:50:04'),(9461,2285,'PCv44PQ8B1auUBeIYGnsSO4w85SqMVkO','2018-04-22 20:23:58','2018-04-22 20:23:58'),(9464,2285,'PGrOQWvnT2Tthr0MEkAIAMxfAFaChkQx','2018-04-22 20:25:59','2018-04-22 20:25:59'),(9541,2285,'k5zdqmW2aZS0l164ugviczFN8Z6RFval','2018-04-22 20:50:48','2018-04-22 20:50:48'),(9546,2285,'igqn7KUhfGSpnMPYCzSimCCUWVQ5XMVh','2018-04-22 20:52:02','2018-04-22 20:52:02'),(9553,2285,'b6gq0CrFu3Pe4TpdfPX42YqoCaFSR8od','2018-04-22 20:53:12','2018-04-22 20:53:12'),(9573,2285,'jtRG9YycD5KH7WFCWvBQtPay1SWpMhic','2018-04-22 20:56:00','2018-04-22 20:56:00'),(9574,2285,'1nSofLWvqFugUB91leukoA4difckN3K8','2018-04-22 20:56:16','2018-04-22 20:56:16'),(9584,2285,'8pXMfpLV7VDxnEbi4UuSjO8qaORd7Uej','2018-04-22 20:58:31','2018-04-22 20:58:31'),(9607,181,'O7MmtW0LWku1dmcoJBoaAgyVqVtifdaL','2018-04-22 21:36:49','2018-04-22 21:36:49'),(9612,2285,'k8rIRUVu7P4TcFGpYXItHEfnDRxW4tiV','2018-04-22 22:25:27','2018-04-22 22:25:27'),(9614,2285,'o2yk1tziSwlK0zn1rb8GGnOpB9WiKTvn','2018-04-22 22:26:30','2018-04-22 22:26:30'),(9616,2285,'HpBAj8ob1hPrHI3lF76IH7kd1PMGZDKk','2018-04-22 22:27:18','2018-04-22 22:27:18'),(9617,2285,'Js6myqcRTOYiaoPkkD4MkOrPitmup90W','2018-04-22 22:27:21','2018-04-22 22:27:21'),(9626,2285,'sN8Xy0a4ncbq2sRR4PBv2Ya0lhHQ1dS3','2018-04-22 22:30:28','2018-04-22 22:30:28'),(9646,2285,'hIHdg5qoTA1BvTTjey38Tcn6ZQwy6yuh','2018-04-22 22:57:01','2018-04-22 22:57:01'),(9658,2285,'2hJUFxHMEI9wC75BI5Ic8QUqtTWsT3uB','2018-04-22 22:59:17','2018-04-22 22:59:17'),(9679,2285,'RHO9EcYeGPQWUXdDYiSzarmT5e5NCNvo','2018-04-22 23:04:02','2018-04-22 23:04:02'),(9683,2285,'VwOtmmKKUd0gtCE6oyP9W3xYjdI7zpTs','2018-04-22 23:04:47','2018-04-22 23:04:47'),(9736,1498,'3SYyBk15Gv17z1hs61iRKqGU9WIWJjtQ','2018-04-23 00:37:06','2018-04-23 00:37:06'),(9745,2285,'DiDQ1yuqMDBWn1p8mKZwlmrg98ncG5Rf','2018-04-23 00:47:54','2018-04-23 00:47:54'),(9756,2285,'X1DFGInAT2NgzNGGFTZBh8YbtUAd1HCd','2018-04-23 11:56:05','2018-04-23 11:56:05'),(9777,2285,'y2hZ44Dqff08Pzy7FjjzOzdlVkpQXYiK','2018-04-23 13:22:11','2018-04-23 13:22:11'),(9786,4435,'Pf9rZUXD4nRaHnk4SZOQ3dQrIo1XJPYG','2018-04-23 14:28:04','2018-04-23 14:28:04'),(9788,2228,'ybUIEvhphgBE1H24Rhj99JnRHExbWJzv','2018-04-23 14:28:46','2018-04-23 14:28:46'),(9791,2228,'vZSLMj7WTrBLwa0hsaZyaTULAntJ2WeD','2018-04-23 14:37:53','2018-04-23 14:37:53'),(9795,2285,'pOEZJpybiTzTDbTgl4NhfhDmfkHtXoZJ','2018-04-23 14:59:11','2018-04-23 14:59:11'),(9797,1498,'d6pDkqHW3AmhHq4hRDdoWeeeljUB22IL','2018-04-23 15:04:08','2018-04-23 15:04:08'),(9830,183,'cq6BpdL35ZhtB9C10pOoy8nEfj4hv8i4','2018-04-23 15:52:39','2018-04-23 15:52:39'),(9914,2285,'mqWOOCBITljNlOikUnL4YHzSkYVlVRBq','2018-04-23 16:46:04','2018-04-23 16:46:04'),(9963,1498,'cMgGIBBeZtW4YZ66eJzmth18N0NdfBgX','2018-04-23 17:21:50','2018-04-23 17:21:50'),(10024,2285,'2d7pcr68nHIzYiM8n0C1ICxEYJDwZl3j','2018-04-23 17:37:00','2018-04-23 17:37:00'),(10237,2348,'HEGD1r12FOkkvxEjZrrpzv7SegIirFox','2018-04-23 20:21:42','2018-04-23 20:21:42'),(10238,2348,'v59cYRWq47SUnbjGUO74lYNqHYb48Sxk','2018-04-23 20:21:44','2018-04-23 20:21:44'),(10239,2348,'9Twcj66bdj7tGAtVAtPT3jLIs72YOj9U','2018-04-23 20:21:45','2018-04-23 20:21:45'),(10240,2348,'BJQYyR7CFzpqHUoiSZaTfYdRri5DnE9a','2018-04-23 20:21:47','2018-04-23 20:21:47'),(10242,2285,'2WpKR4aso8nl8ryxKX9MFDSXusM4X2o4','2018-04-23 20:26:27','2018-04-23 20:26:27'),(10283,2285,'3pPC72YEIrC96uCayWOnIzQ1inh6odTv','2018-04-23 20:49:06','2018-04-23 20:49:06'),(10438,2285,'0MqHVJI19uvHzp9ZnitUtfnqmYKew4kD','2018-04-23 22:00:12','2018-04-23 22:00:12'),(10454,2285,'361DXYzlNf1J2Dza9KRtypBbGOYOTa08','2018-04-23 22:28:43','2018-04-23 22:28:43'),(10484,2285,'v5Aps2EdwFsxTQ1JywkzMg9tgMtwgI3m','2018-04-23 22:36:15','2018-04-23 22:36:15'),(10514,2285,'6QaBcuEemLWbYtLSac7EWKichHtcGvj1','2018-04-23 22:42:39','2018-04-23 22:42:39'),(10515,2285,'jpCwYrNM8FRs9QsZegqMPUKAjLotYTPv','2018-04-23 22:42:42','2018-04-23 22:42:42'),(10522,2354,'lvqMw8kIFkSF9nPxME5oXM9Oto2kEbtq','2018-04-23 23:17:09','2018-04-23 23:17:09'),(10524,2285,'wJiy2WJDHGoyT2tQ9pD3leSjVC3uvB9M','2018-04-24 00:17:26','2018-04-24 00:17:26'),(10525,2285,'PgBC6aCVDPUMmzRuNymfks9Qw6et2aTB','2018-04-24 00:18:03','2018-04-24 00:18:03'),(10538,2285,'rPZDpGrtBGFE5TFbPHYrFYgTEfVkHpmn','2018-04-24 01:04:10','2018-04-24 01:04:10'),(10541,2285,'T9BsG6ddD4GdFEYjsSNexVJrPJLTthqA','2018-04-24 01:04:41','2018-04-24 01:04:41'),(10555,2132,'S6UUtXvfho2IgcFipgZzru6B8YRU4Bg2','2018-04-24 02:09:26','2018-04-24 02:09:26'),(10556,2329,'tS49ebsBUn8ERn6hbQD2RdSMCdlPi3RQ','2018-04-24 04:21:24','2018-04-24 04:21:24'),(10595,2285,'B6GVMPebKaHvuIsTQrjXy7r258CT0rRA','2018-04-24 13:27:21','2018-04-24 13:27:21'),(10671,1555,'RwShOenFnzqVXWKfHTX79IQTzeADAT8B','2018-04-24 13:45:55','2018-04-24 13:45:55'),(10937,2285,'7kaOykfooUGP4zbhP4RACuUpgjXPRxl3','2018-04-24 15:33:18','2018-04-24 15:33:18'),(11167,2285,'RyFQSJgWAxIgLRB4BdGWSsHx8pV2D8cN','2018-04-24 17:24:48','2018-04-24 17:24:48'),(11211,1498,'V29flelVKxivYxkqdQYcMNKdaHfHBbbR','2018-04-24 17:40:18','2018-04-24 17:40:18'),(11311,2285,'Et5QiD3kiUtiHh4J5cDYO7rSC5EiTrRk','2018-04-24 18:01:22','2018-04-24 18:01:22'),(11344,320,'H6gRFmQ7cObPELuMv5N8ylgiu0a5ksvE','2018-04-24 18:27:06','2018-04-24 18:27:06'),(11408,2828,'sGpPypyXky6oita0ripBvMujrv6IfLUk','2018-04-24 19:25:10','2018-04-24 19:25:10'),(11577,87,'vYcTsPvR2BXp560HEMT3vlrM6SxXBMTh','2018-04-24 20:13:17','2018-04-24 20:13:17'),(11579,2132,'F8drnyLn51P8DUH06NVcJxqDvvlTirxy','2018-04-24 20:22:45','2018-04-24 20:22:45'),(11690,1498,'EtX9Uo8z8OJIbTfletItop1sdKutyc0Z','2018-04-24 21:24:51','2018-04-24 21:24:51'),(11737,2285,'j82w0gnU5RmOW6KTau1SkZUpFZCpy9wU','2018-04-24 21:45:57','2018-04-24 21:45:57'),(11776,2321,'KOf6II1RTesyknZb8Dts04HKVTunRsCH','2018-04-24 22:03:56','2018-04-24 22:03:56'),(11780,87,'bqWcOO9M1A42ugfuq9Hqlx9Bb0I4J6om','2018-04-24 22:16:09','2018-04-24 22:16:09'),(11781,1555,'msLf1InbhrH3axpqnHrcmUsDDT6wPVtg','2018-04-24 22:30:08','2018-04-24 22:30:08'),(11790,2285,'Y7KtKjKJ4fatHRXdG05IxlLXgjwle7kM','2018-04-24 23:52:14','2018-04-24 23:52:14'),(11805,2285,'biLv0gR9wUG3VE9XDSuzZd7srT71yrxl','2018-04-25 00:04:21','2018-04-25 00:04:21'),(11811,2285,'3yR0pgmPkIoHPnlRK9NBLZJVZ79qnVZW','2018-04-25 00:06:01','2018-04-25 00:06:01'),(11812,2285,'A69HSV2Vgz9ZDgK96PEAKVCpnt0zxyTu','2018-04-25 00:06:02','2018-04-25 00:06:02'),(11813,2285,'Zl7bxTJPtDG0KQcQR4YnQyBAEy7mEqK0','2018-04-25 00:06:03','2018-04-25 00:06:03'),(11816,2132,'hCOUzd11596tXo3YPrcazdlg18fWoTdw','2018-04-25 02:05:12','2018-04-25 02:05:12'),(11821,2321,'SDCAPorSgwoXFdoHM2s6ywwTeENk69xr','2018-04-25 02:48:27','2018-04-25 02:48:27'),(11822,2285,'x6iWdRJt60pm2TXSzpCZhM1mlYhUurd6','2018-04-25 02:52:25','2018-04-25 02:52:25'),(11853,2285,'btZOFauyXP6NsQpYS22LILpAo7BjKPTm','2018-04-25 11:48:32','2018-04-25 11:48:32'),(11936,4439,'yTQbR6OA7k4AzqRhg7x7Kr6dqQrI4ho6','2018-04-25 13:47:47','2018-04-25 13:47:47'),(11999,2229,'Od0xuGBH6nFgdE3IeFWpOwF2dUO7OjWe','2018-04-25 14:18:46','2018-04-25 14:18:46'),(12142,1330,'JOu6fFANv4ts7cMuAiLWS1WjwMoDXok0','2018-04-25 15:01:09','2018-04-25 15:01:09'),(12168,2285,'Frc0fvE5Avd5p9EfEG7egsYX6OrSIhUz','2018-04-25 15:06:25','2018-04-25 15:06:25'),(12174,2285,'UXYOHttELQyMIAwYqMIW38XedbRMXQhY','2018-04-25 15:07:19','2018-04-25 15:07:19'),(12762,2132,'mjaJG35vvPJrRKRAE4Q1FtEaQKz7XPOP','2018-04-25 21:08:52','2018-04-25 21:08:52'),(13007,2285,'gThm7fr5SweMulRYlTa7LXg38S8lRWq0','2018-04-26 03:33:01','2018-04-26 03:33:01'),(13017,1757,'vJBndX8cRdxHqiOG3vxOOoupj90qbt7M','2018-04-26 12:50:05','2018-04-26 12:50:05'),(13038,2828,'H6N4LeLoexjzneTPHTE24wZIwhbywMoc','2018-04-26 13:43:01','2018-04-26 13:43:01'),(13272,4435,'7JCB9ZhrnydYuoviRXL8HewHY0JuPx8W','2018-04-26 15:34:51','2018-04-26 15:34:51'),(13340,1330,'vIeML0LbelmmUydLoErUuHW6OVIcTfq2','2018-04-26 17:31:52','2018-04-26 17:31:52'),(13501,2285,'2KII7YIlFxP8PxdHC3G0nGSBW5iOvVvK','2018-04-26 18:14:02','2018-04-26 18:14:02'),(13534,2118,'zQJdzu1t2QfGqxcxm2zt97wEjShRed2W','2018-04-26 18:19:04','2018-04-26 18:19:04'),(13551,2126,'oBET3cSjIq5H49BUBR4oGJowW4AEDfHM','2018-04-26 18:22:11','2018-04-26 18:22:11'),(13581,171,'AXQ9rwujMWsNzVMsahiDJfnmW950gleS','2018-04-26 18:58:12','2018-04-26 18:58:12'),(13655,4435,'9CAgO9fa7MozvNHdrITznYcwmkkkDooc','2018-04-26 19:36:34','2018-04-26 19:36:34'),(13748,2285,'SxGVGBHVNCnbZFh5fqLTOtiFQBnGClBH','2018-04-26 20:00:36','2018-04-26 20:00:36'),(13873,2132,'38auMZDLwfFpI3jBIxoZ5OoftqjG00Wj','2018-04-26 20:36:55','2018-04-26 20:36:55'),(13987,2116,'her5JaAkDDX1WG3YIIh056UySciQ6Ik7','2018-04-26 20:58:47','2018-04-26 20:58:47'),(14192,2285,'IkDEbqR4RFsNL3h4cfIrEcKwzLfDzmOZ','2018-04-26 22:57:22','2018-04-26 22:57:22'),(14193,2285,'RKba3glLiObPr7jTaRkDla61OahveqhE','2018-04-26 22:57:25','2018-04-26 22:57:25'),(14194,2126,'G9y3jtEPE241K9t3veTy0HKPu58aQibj','2018-04-27 01:30:31','2018-04-27 01:30:31'),(14310,2285,'ho8RJURsmdaPRb9UlgyYHgmMVPOjrEC2','2018-04-27 13:48:28','2018-04-27 13:48:28'),(14503,2132,'JW7LR2fZkxW7uovc4ufEuKYR5baUmTM6','2018-04-27 15:14:57','2018-04-27 15:14:57'),(14626,2285,'uFbozl6UkZKamRCXISvQA94rp0NbfD6M','2018-04-27 17:16:26','2018-04-27 17:16:26'),(14627,2132,'axl42v8YEblGGVXlgTxcBZUAnJXlbgxw','2018-04-27 17:32:05','2018-04-27 17:32:05'),(14879,2285,'dPqGLxFuhD9KII1PSDEwCsnYPjm69WSg','2018-04-27 20:54:00','2018-04-27 20:54:00'),(14930,2285,'9shYjKcafMlVSsOJNHhN70dAMZm2EQMi','2018-04-27 21:05:19','2018-04-27 21:05:19'),(15170,2285,'fz2nWjybsR4sriosro51kPUatgTIQkuJ','2018-04-27 21:49:01','2018-04-27 21:49:01'),(15186,2285,'njHXVhvIdMCnB6GKaAmiAgQAR2uhDasP','2018-04-28 12:55:33','2018-04-28 12:55:33'),(15187,2132,'IZGEfwsnJDfXu7kN57uWG53AlGIwAqh6','2018-04-28 21:16:30','2018-04-28 21:16:30'),(15188,1,'vPMQKK0V6pc5Y1zP2GL6mCJPAWsuo4uY','2018-04-29 02:00:00','2018-04-29 02:00:00'),(15189,2132,'pkyjoSuq1k7ScBNrNh41ArdBPTfdjlMc','2018-04-29 03:24:00','2018-04-29 03:24:00'),(15200,2285,'CfeIVqs2d0F3svpFWLWqrzGk7NOMKZ3Z','2018-04-29 03:52:39','2018-04-29 03:52:39'),(15212,1498,'8fw7XRzQIerZffkmYdqSZsG0Qmj8FInc','2018-04-29 06:53:11','2018-04-29 06:53:11'),(15213,2132,'hHcSFPLRggyqLEJ9U57U6NXIGC9uAm6B','2018-04-29 20:19:31','2018-04-29 20:19:31'),(15214,2132,'UT5Jc72l1FGCqHaonUIG40SgRvFzJMUZ','2018-04-29 20:33:00','2018-04-29 20:33:00'),(15217,1498,'ksQrCPBhTd8Z4tNRlBvlc3pVEZnzO0Rd','2018-04-30 05:19:48','2018-04-30 05:19:48'),(15225,2132,'WW3j0N46SaCmT0utpfRoAn6QxHjyKyo9','2018-05-01 00:17:26','2018-05-01 00:17:26'),(15226,2285,'kohOndArmUIh5jt6Ja9UlLnEYIK9R6GF','2018-05-01 12:04:34','2018-05-01 12:04:34'),(15513,4435,'UzYZ2qY1wFYuPFogHAdzSR5AyBdylrg6','2018-05-01 14:26:12','2018-05-01 14:26:12'),(15884,526,'2Lrq6hBSJPMGg1g6jMCVwmVKGeco2YPC','2018-05-01 16:12:45','2018-05-01 16:12:45'),(15885,2285,'6rMhHG84zurLay0XRR3cRvEBGiojnCck','2018-05-01 16:13:00','2018-05-01 16:13:00'),(15964,2285,'JfClPoo7CuRazCmnxiKORieXZrnkNSCP','2018-05-01 16:29:00','2018-05-01 16:29:00'),(16215,2285,'KNyYbQVFMZFFWpd1GPXWCJkEWI79Lm0N','2018-05-01 17:51:50','2018-05-01 17:51:50'),(16323,2285,'j5tV164jeVt2eauFfvgt3cng3bvD0Sfv','2018-05-01 18:10:19','2018-05-01 18:10:19'),(16413,2160,'vvRkOPeZAaSrCJmFwK5NFbSABBnZsB2C','2018-05-01 19:27:38','2018-05-01 19:27:38'),(16677,2132,'MLK58vwU85GURsqjFskDLgXJ8opn8Ceb','2018-05-01 21:10:35','2018-05-01 21:10:35'),(16833,2126,'WNDPBSCSNzRUU5LBwm74PKFX3aedqznG','2018-05-01 21:37:17','2018-05-01 21:37:17'),(16834,2229,'NGvGd8ggq4crGC547wVx5DIa5p4nMTsI','2018-05-01 21:53:23','2018-05-01 21:53:23'),(16984,2004,'4gWwzQuoMbtUsfLHz4VqEyKFoycYQqTw','2018-05-02 14:03:10','2018-05-02 14:03:10'),(17039,2285,'4SFhyLEZbJ7QMwSSFHXXe68rmvpQxKSm','2018-05-02 14:20:43','2018-05-02 14:20:43'),(17042,2285,'5W7mTcrteBjTRgCQbFz2oBElyS5ITUx3','2018-05-02 14:21:08','2018-05-02 14:21:08'),(17108,1,'jIOMSrH7A1LyoWTKiyRgBFCOodhWKGT7','2018-05-02 14:37:34','2018-05-02 14:37:34'),(17150,4553,'7zOrSghOdVRTke78gCgHCES6fplb9TEJ','2018-05-02 15:00:05','2018-05-02 15:00:05'),(17221,23,'WTXmhkAtbv55PeSUWVVowbf2XZK9tJQh','2018-05-02 16:01:06','2018-05-02 16:01:06'),(17222,2276,'6OC9OseWn6Hu87sFrE25kpqbMmxAiYH4','2018-05-02 16:11:15','2018-05-02 16:11:15'),(17223,2285,'4wGe1gsyj7b8GnXqjTHbjjRyXxjeQvOE','2018-05-02 16:13:19','2018-05-02 16:13:19'),(17452,329,'TReq8VKub0ueXgkfVRRB6ZcfMZIJ0jn0','2018-05-02 17:08:30','2018-05-02 17:08:30'),(17901,2132,'ZZUTf62xzMRtGRV1PHvtlEc5E63wyCvp','2018-05-02 19:33:59','2018-05-02 19:33:59'),(18013,2285,'bBVyAhcw2YvTbSoSQDW6c8tnZnggwaYJ','2018-05-02 20:06:55','2018-05-02 20:06:55'),(18058,2285,'eHN4xiUNYwwhNFsqeYtnvbKfKsQcIUxw','2018-05-02 20:16:48','2018-05-02 20:16:48'),(18076,1,'S2cajLUSlVu5BDYuMrCVCLgxb9QKqbx6','2018-05-02 20:20:12','2018-05-02 20:20:12'),(18248,2285,'QyarP3lvRNfqA79D8tXMct73jkoEiN7L','2018-05-02 21:14:55','2018-05-02 21:14:55'),(18296,329,'JSPr1BB1IVfgG2SWOvXK65817tilPGnq','2018-05-02 21:34:45','2018-05-02 21:34:45'),(18339,2285,'itQ7ihUSQ2MjhzdJ7osL0CUOcScSbPwS','2018-05-02 21:49:48','2018-05-02 21:49:48'),(18340,2285,'dm4YlNBu2dNFFalJxtVoIGvf1hJFCz7X','2018-05-02 21:51:14','2018-05-02 21:51:14'),(18341,1,'8BrqhVGj9WUfxXxdDsmaxy2OraInbyIl','2018-05-03 01:11:43','2018-05-03 01:11:43'),(18452,4416,'wI2GQYc4o7YrgOd7lEz3Zx5RlKlv5ALs','2018-05-03 15:23:53','2018-05-03 15:23:53'),(18518,2285,'lIsZcSX1TXV2MlEiWMECTFdULielucDQ','2018-05-03 16:31:33','2018-05-03 16:31:33'),(18595,2285,'WjlkiUTUnyxnft0zcC0jONDstPWQ6r9J','2018-05-03 16:57:54','2018-05-03 16:57:54'),(18664,2285,'ifzLRa8qlKvowpMXqnE8KbntoUgnZY6R','2018-05-03 17:27:54','2018-05-03 17:27:54'),(18677,4435,'LLN5a4I2qTzc3S4DF1v42rJjbOULJCp7','2018-05-03 17:29:29','2018-05-03 17:29:29'),(18710,4552,'UpqXkrRAdIhkj6RnAgEmNVWVolZy8pHe','2018-05-03 17:35:15','2018-05-03 17:35:15'),(18776,2285,'jpTlTLk1PEgsGxvXza5KKWBzbXoy2BqP','2018-05-03 18:01:49','2018-05-03 18:01:49'),(18783,3277,'6jQzPUpPCHOFHcmYUPVrBXXhXKijec7U','2018-05-03 18:04:10','2018-05-03 18:04:10'),(18785,3277,'YKstMS9TJvYD1Q4LRU5y8KSIi1bILfmq','2018-05-03 18:04:17','2018-05-03 18:04:17'),(19205,2132,'BN7HHFgYk3TLYOfv41s6osU1tIqWKrNJ','2018-05-03 20:16:36','2018-05-03 20:16:36'),(19614,2285,'4smmwtuLla4y8m8HcBp2ZqmcHc9TWlt2','2018-05-03 21:22:36','2018-05-03 21:22:36'),(19764,1498,'qYeGjYeRtnjkYQqjfu5PubDPe27ZDRMH','2018-05-03 21:46:36','2018-05-03 21:46:36'),(19775,526,'3Q7vs0HMDh5eK7tADXbhSXWqwV0MISHx','2018-05-03 21:47:57','2018-05-03 21:47:57'),(19788,2285,'toaivmDU2WAv3V49gXhlA7kCULqdGkSu','2018-05-03 21:49:36','2018-05-03 21:49:36'),(19789,1706,'eGBX0Qnc6Aibd9UpYnkXaLtyIstJHB8p','2018-05-03 22:15:05','2018-05-03 22:15:05'),(19862,1498,'m9Ol6iXj192WXiiQp3LYgBpRQpdFJAoI','2018-05-04 15:07:38','2018-05-04 15:07:38'),(19954,2285,'xmvUT9lISPim5VZLVWLrvsdblFu6EBAo','2018-05-04 15:26:03','2018-05-04 15:26:03'),(20218,1498,'WkgZ2Hce2ckoiP2dAneDgKWi6I9kfBj0','2018-05-04 17:07:15','2018-05-04 17:07:15'),(20301,2122,'JkciEVztNyYfb1gDFVLkWuqKUVEk5zcf','2018-05-04 17:45:09','2018-05-04 17:45:09'),(20499,2285,'mMZCzxujZbPY6UPD1mRRfrXXcq5TTcTY','2018-05-04 19:02:47','2018-05-04 19:02:47'),(20695,1,'APrelx2xMczqbWLk6Epv6PctJ3trik7Y','2018-05-04 19:47:44','2018-05-04 19:47:44'),(20696,1499,'6WYJUYhtCIpaNCTyvici3DtjNBmcDSp4','2018-05-04 19:58:12','2018-05-04 19:58:12'),(20876,4435,'VFYwAnO9DZNn8ymRXvz0B4r9CuX0AjYg','2018-05-04 20:58:40','2018-05-04 20:58:40'),(20921,169,'XdGo1Qe2KcXjwFUXzh7HcdKoSOIkd1ne','2018-05-04 21:09:52','2018-05-04 21:09:52'),(21082,2132,'jhuA9Xbzc0fueSMQbOjQeuRB6WuOv3FH','2018-05-04 21:31:24','2018-05-04 21:31:24'),(21187,1498,'Aiddz7UQjp5vHMF2nM8xDfwgOeZD0PVS','2018-05-04 21:48:38','2018-05-04 21:48:38'),(21188,2122,'N6lpHCbFhj70N1w2vTfLXheMtp0w4xQr','2018-05-04 22:45:38','2018-05-04 22:45:38'),(21192,2285,'uTfLtPwrgKH7b8n30EZtXpgR9Ngxir9Y','2018-05-05 23:31:31','2018-05-05 23:31:31'),(21193,2285,'lsipz1BbW6SSp32HS9PVRecfWWfpkzcC','2018-05-06 01:08:19','2018-05-06 01:08:19'),(21194,2285,'644UNqhaB67F2bOU6agtSM4SxU6Hf3P5','2018-05-06 01:08:19','2018-05-06 01:08:19'),(21195,2285,'CqbwjL10vAkA1C6bkem9GvKRrksoU6m0','2018-05-06 13:28:56','2018-05-06 13:28:56'),(21196,2285,'gO63WpauJBqiOo5fuoXgOZM3PuBN4vWl','2018-05-06 13:28:57','2018-05-06 13:28:57'),(21197,2285,'16pOwL2CH3VrWxjQPXCaP0TKadUlYKjS','2018-05-06 19:23:29','2018-05-06 19:23:29'),(21202,2132,'O8FWm7TxD3PROfdx4AXdSrLLVQeUlQ7G','2018-05-07 03:46:12','2018-05-07 03:46:12'),(21203,2132,'IbJaCLIY79W3O7LZKhYEBv6rdk0obU6B','2018-05-07 03:46:13','2018-05-07 03:46:13'),(21215,1498,'vbyWMYwkbJczFdS8YrE7d5ZBfw7q8V0o','2018-05-07 12:28:08','2018-05-07 12:28:08'),(21216,2285,'p7IogPPsGIAivbEIWnTs14xkKlW52Kys','2018-05-07 17:53:20','2018-05-07 17:53:20'),(21221,1992,'M8yfrtwl5vXw6EOOIqhGwGb50XE5PNYr','2018-05-08 02:42:41','2018-05-08 02:42:41'),(21222,1498,'V7iU4mGJuX2dfIzhAwEKAKm5Cg0wQa6S','2018-05-08 03:59:13','2018-05-08 03:59:13'),(21223,4435,'kKDbQjXdkbYDSJdOYw9SbkkeovsIXHJg','2018-05-08 13:22:04','2018-05-08 13:22:04'),(21226,2285,'TbvXqYpyGKkb5Pjm726LHzbQ1qjEZqs8','2018-05-08 14:46:53','2018-05-08 14:46:53'),(21238,2285,'s7B8WZZ3Ii2BAXxWE2pUJLgtjLxSBy1g','2018-05-08 15:21:05','2018-05-08 15:21:05'),(21239,2132,'BD2URt6oft8uSPoUv4NKNHdwO3bIuwSN','2018-05-08 16:04:17','2018-05-08 16:04:17'),(21256,2285,'KiuM6pbxs6LH1F8ob1FEU78cxsJPhsOA','2018-05-08 22:12:16','2018-05-08 22:12:16'),(21288,2285,'Ig7NBYHKJU6bArnBJpt2zoJZcHao7P6A','2018-05-08 22:27:04','2018-05-08 22:27:04'),(21349,2285,'vdndu4Uy9OOSji9zr4mHXWaA8uJdchq2','2018-05-09 13:55:08','2018-05-09 13:55:08'),(21541,2285,'exL4TZoUmmMrvPpBMDh4NSZDIRS9byld','2018-05-09 15:31:25','2018-05-09 15:31:25'),(21549,2285,'UK1QqkWrAlfonHqjq707yVx9VnwR3rb5','2018-05-09 15:40:25','2018-05-09 15:40:25'),(21639,4435,'DsNTSp4hUISXFrAWylqTydHv57z5tK0J','2018-05-09 16:25:59','2018-05-09 16:25:59'),(21788,2132,'zX5nT2bAVdZmFSiwuxdq9juG3jQLbEN1','2018-05-09 17:01:46','2018-05-09 17:01:46'),(22269,4435,'eqdeuhPiRF1hlP37J5wDlMrzpr1pT2bN','2018-05-09 20:38:48','2018-05-09 20:38:48'),(22273,2337,'PQzw2UFzzXXFb3RWtXTJCx2BTRK4uGgM','2018-05-09 20:47:27','2018-05-09 20:47:27'),(22274,2337,'sPdLKByWVMvtTBD0dwVM51WHjxuNtC2P','2018-05-09 20:51:23','2018-05-09 20:51:23'),(22276,2337,'cUcDS8k1Ao6n6eLJun6vAzrTTY6ipsFn','2018-05-09 21:07:01','2018-05-09 21:07:01'),(22296,2285,'daI1jHyTiMorERxW5ExEYZlq5uDR7wgK','2018-05-09 21:13:51','2018-05-09 21:13:51'),(22332,2285,'47VoD9lclYUkBhfVuDPIjnEgdwDPDH70','2018-05-09 21:41:28','2018-05-09 21:41:28'),(22355,2285,'D4qJTvg6Y6KyFGYRud82yjEUZ6qS2JvI','2018-05-10 00:42:07','2018-05-10 00:42:07'),(22361,2285,'xoNx2502Kb7q66yyesifbVHWhtDZ5UFv','2018-05-10 00:43:20','2018-05-10 00:43:20'),(22369,2285,'0DyhyXBFbaqewSmBuGjyM2ei6b62yXXE','2018-05-10 00:44:41','2018-05-10 00:44:41'),(22371,2285,'J7BebEFaXLFaB1S0cU3CBOPZc8F6nTHs','2018-05-10 00:45:02','2018-05-10 00:45:02'),(22375,2285,'SuAEC0Lya8wtZRIirL1SbiQTJ4CF4MBj','2018-05-10 00:45:34','2018-05-10 00:45:34'),(22382,2285,'FxMwRzaTCIhcAP2PYvphKptExqrQWnw4','2018-05-10 00:46:28','2018-05-10 00:46:28'),(22389,2285,'A383ivJfO73hMbYvPzYEi4A9cEhwBxxP','2018-05-10 00:48:27','2018-05-10 00:48:27'),(22396,2285,'RrSxcek73LQOo56yawy7w2OebKvMMie4','2018-05-10 00:49:21','2018-05-10 00:49:21'),(22399,2285,'urCdZNNHE4chKJ7ShZDmdrKmJMCppMX3','2018-05-10 00:49:42','2018-05-10 00:49:42'),(22407,2285,'f7CFBuEJolTx3Pkg2O8yFLzm9dAnhbc4','2018-05-10 00:51:08','2018-05-10 00:51:08'),(22414,2285,'Bls9phZX8jKY5apdGXfJblaPB2cDVV7i','2018-05-10 00:52:02','2018-05-10 00:52:02'),(22419,2285,'QvnxzQDRqo5fhg0saL1xodcOjW8ROrFw','2018-05-10 00:53:16','2018-05-10 00:53:16'),(22424,2285,'D4kWNPpAB1DfnvPoOeUj078Q62ICLm14','2018-05-10 00:54:10','2018-05-10 00:54:10'),(22435,2285,'MiDUHYPOMHCKsj25JkWjKufAcLqNoETG','2018-05-10 00:56:05','2018-05-10 00:56:05'),(22441,2285,'NNyS2OvANqqersx7gSOHPX8iua9cd61q','2018-05-10 00:57:24','2018-05-10 00:57:24'),(22448,2285,'R8KZaRI2m2SrGZeAYbH3KSmAEjGyvCSa','2018-05-10 00:58:18','2018-05-10 00:58:18'),(22456,2285,'dKWbTyxxO0iPkLwAA4jNJOT1Zwa7t9mW','2018-05-10 00:59:33','2018-05-10 00:59:33'),(22461,2285,'AcSSQEVU2WOGW0t3j1jVcrtYSKkao7rO','2018-05-10 01:00:27','2018-05-10 01:00:27'),(22468,2285,'Dn7PZq5UjCXyJObs3vC1AJ1olgBdGFEA','2018-05-10 01:01:53','2018-05-10 01:01:53'),(22475,2285,'v8Nd9WUg8zoGoFgu2YhuWruywyx6dPFk','2018-05-10 01:03:09','2018-05-10 01:03:09'),(22484,2285,'UeA9XiHdoMtkctX9vyDtIUj8KLogKG8C','2018-05-10 01:04:35','2018-05-10 01:04:35'),(22490,2285,'aBf6CNfHx2G2IrW684Dyt44VtA99ZT7A','2018-05-10 01:05:28','2018-05-10 01:05:28'),(22500,2285,'BVIEETQQBdHPI2OekwyW4oV2NDZMqw5F','2018-05-10 01:07:16','2018-05-10 01:07:16'),(22505,2285,'JY6ILAcTH320fWyol6NC6Xvp4IouUAZW','2018-05-10 01:07:57','2018-05-10 01:07:57'),(22507,2285,'mfVqJ4Yq09HYf3UYld4V5lJnEPI7BJlR','2018-05-10 01:08:09','2018-05-10 01:08:09'),(22514,2285,'mBPe7Hy99QB3nuRyQwhxEhqzeizungT8','2018-05-10 01:09:04','2018-05-10 01:09:04'),(22519,2285,'d6OiqBPSoq2cpkslZHggnqyNapn7jAqZ','2018-05-10 01:09:57','2018-05-10 01:09:57'),(22525,2285,'5oIy1f6f8sOYuwJImQuFA2vSHxgwH22U','2018-05-10 01:10:51','2018-05-10 01:10:51'),(22531,2285,'TAjcKBOrzDlBFFSeKOpUf87KH4soGEep','2018-05-10 01:11:44','2018-05-10 01:11:44'),(22537,2285,'X5GRBtcz9VSYzFpwThZaMr6VkMNAKPsu','2018-05-10 01:12:38','2018-05-10 01:12:38'),(22543,2285,'mT70DioUEyWmstb93HHXcmkzze31W0s1','2018-05-10 01:14:15','2018-05-10 01:14:15'),(22547,2285,'m8fosc70aMr2Yo12OSYaAH6GuKdYGkOn','2018-05-10 01:15:45','2018-05-10 01:15:45'),(22559,2285,'StkexPLSAft1MZXNjeBaaKp6YWiLDgTv','2018-05-10 01:17:54','2018-05-10 01:17:54'),(22563,2285,'ROFF9xo5hsMg9Tf8g5ps98mz46a53OIh','2018-05-10 01:18:26','2018-05-10 01:18:26'),(22578,2285,'EzLnmGKCr2fTop6MknwIfT97XcgBKsUo','2018-05-10 01:21:07','2018-05-10 01:21:07'),(22588,2285,'yWMPw8rr5lYotbtgPRo8DFNbjLyhwG9C','2018-05-10 01:22:45','2018-05-10 01:22:45'),(22593,2285,'w4azskbH7adxtSvxoTcbuBokIRldLGJl','2018-05-10 01:23:57','2018-05-10 01:23:57'),(22598,2285,'y4plbVVj9lzZ0DkNIxZczTDtzNM0Tdru','2018-05-10 01:25:00','2018-05-10 01:25:00'),(22607,2285,'4fTjDPqO4mSmw5JMTotvVSeUmDzuky5P','2018-05-10 01:26:47','2018-05-10 01:26:47'),(22618,2285,'Bx9rSHwg1lTqfJDjQWNXBZlRCWIheyKZ','2018-05-10 01:28:35','2018-05-10 01:28:35'),(22623,2285,'MOKUu34cKMt8aCbw7IQ9OyTO5EQypgJO','2018-05-10 01:29:29','2018-05-10 01:29:29'),(22629,2285,'9E47FJK4fkYwxHn9PNwBVnxq5NldcanW','2018-05-10 01:30:22','2018-05-10 01:30:22'),(22632,2285,'FCl1KY5tAihcA8kOO3x2oy0u7Tu1wILj','2018-05-10 01:30:44','2018-05-10 01:30:44'),(22636,2285,'Z6QhSlVAiMJep9BL7vR240WMWUI3rYmi','2018-05-10 01:31:16','2018-05-10 01:31:16'),(22639,2285,'H1RenpK3c64VS6OtNc4Y09DI7i990i3w','2018-05-10 01:31:38','2018-05-10 01:31:38'),(22648,2285,'DSxcoE7gZr8wloBRkAtqNs0wLuRsxHHi','2018-05-10 01:33:04','2018-05-10 01:33:04'),(22653,2285,'F64Inhb1N4kkCEBs2uLsJLR5rOgYTrvz','2018-05-10 01:34:12','2018-05-10 01:34:12'),(22659,2285,'I85PXUATJKU7BbLi5ooo1WVSLgJrNwDN','2018-05-10 01:35:07','2018-05-10 01:35:07'),(22664,2285,'EG3DZ1TcQLhhK2Vozd4IThqLcHMDnILD','2018-05-10 01:36:00','2018-05-10 01:36:00'),(23176,2285,'CjSqnKy78hGir8Ty5KdjYWghShCRccVW','2018-05-10 03:18:00','2018-05-10 03:18:00'),(23264,2285,'uwSEbExOeJJO5Ps95n3qufjWurlWK87J','2018-05-10 03:34:05','2018-05-10 03:34:05'),(23347,2285,'xHKn6zl85pzwT6ouC5NjpuoHkQi3Xbsr','2018-05-10 03:48:46','2018-05-10 03:48:46'),(23456,2285,'PXLl6lIvx3M7kUpnMDHUfCBrzCsArmLW','2018-05-10 04:20:31','2018-05-10 04:20:31'),(23464,1498,'VC71qSN1ihIRPhD3a4vD4dgA6wgfxqvB','2018-05-10 14:05:24','2018-05-10 14:05:24'),(23479,4435,'SqdrQE9U6tjQx7Ft9Vlywov7JLun7GE0','2018-05-10 15:10:08','2018-05-10 15:10:08'),(23493,2285,'4rluobS0mYX6sihJnnzX8EwICSD9OoSg','2018-05-10 15:30:38','2018-05-10 15:30:38'),(23583,2285,'XiQl3mr8t0IQ2ZVhDOz9AV7dRZZTwhqM','2018-05-10 15:50:14','2018-05-10 15:50:14'),(23584,2285,'Dgm70rZJDWfqTZZhsFK4EEfWTeAEOn08','2018-05-10 15:50:19','2018-05-10 15:50:19'),(23691,2285,'QTeByFOQeu8A3go9gsDdQ0yxSbhKHyur','2018-05-10 16:09:56','2018-05-10 16:09:56'),(23813,2285,'QvFMnYflFtAhKthcw6G4n6SZpOc1V9sG','2018-05-10 16:30:22','2018-05-10 16:30:22'),(24008,2285,'Xv8EC5orqOfYSvbnCflvFHaP2gJNGO1m','2018-05-10 17:09:16','2018-05-10 17:09:16'),(24077,2229,'EuPALtogXSpy6XG2PVGElERSd5ITsy8D','2018-05-10 17:26:55','2018-05-10 17:26:55'),(24149,1498,'BYG19csjivIFrIRGzN92AsfgAhXSR4bz','2018-05-10 17:39:17','2018-05-10 17:39:17'),(24313,2285,'iic3MgX1v1cHivbX5YlndLJrM5eDgRNL','2018-05-10 18:08:44','2018-05-10 18:08:44'),(24316,2285,'7LpYdcAxqIxBgUKTKX33JfuWeDWf3pZv','2018-05-10 18:09:09','2018-05-10 18:09:09'),(24352,2285,'GcGgWibhFlzOTumC7NbdBVUJ3AA2mRiP','2018-05-10 18:16:04','2018-05-10 18:16:04'),(24749,2285,'eDK73v6M6GqEFdj1r769YKtoigpEKIP1','2018-05-10 19:29:33','2018-05-10 19:29:33'),(24770,2285,'z4zib5HW3zAexTAIOAbbKVCiMAXST0jQ','2018-05-10 19:34:55','2018-05-10 19:34:55'),(24772,2285,'eZ4xDPsD3gzAp1TGseViXumHGN6SS189','2018-05-10 19:35:25','2018-05-10 19:35:25'),(24776,2285,'ffyHxuRGncIDD6Diy68dfdoBVElOFI9s','2018-05-10 19:36:41','2018-05-10 19:36:41'),(24778,4435,'IfpVvlpI4uBXoD53f7FlPCStiCRqqnB8','2018-05-10 19:37:53','2018-05-10 19:37:53'),(24827,2285,'TbXu09TcBNkSp4wV5mVVtqhqgcmeJkMM','2018-05-10 19:48:58','2018-05-10 19:48:58'),(24880,2285,'VJowX09LlJvV5J5pQQc50x8c29yjRTZT','2018-05-10 20:01:14','2018-05-10 20:01:14'),(24887,2285,'IxSSVIha9soRSm297JXTOcAXhYFJp6XR','2018-05-10 20:02:42','2018-05-10 20:02:42'),(25176,2132,'YuxpX4Z3KGy6rzUIx331bWsCWjV38OR9','2018-05-10 21:11:56','2018-05-10 21:11:56'),(25316,2285,'hWkyUSN6CwOE1EpktbfwCF9t0XcipjYo','2018-05-10 21:57:38','2018-05-10 21:57:38'),(25323,1498,'kuFji7fnOtGGrHkF5M8bhDPhzHFNhKHv','2018-05-10 23:31:42','2018-05-10 23:31:42'),(25325,2285,'GN6Wqs7gcb4SQIgDAkapMXOYjazvZnJG','2018-05-11 13:18:25','2018-05-11 13:18:25'),(25362,2285,'pi3omqx8PG3JIZ6WTXiGQ3bmzt7fjYoS','2018-05-11 13:25:44','2018-05-11 13:25:44'),(25369,2285,'77PDjNYyX0yqacakSnlaMNWdbYbZF7gI','2018-05-11 13:27:41','2018-05-11 13:27:41'),(25377,2285,'H62a6dAbuGCtCyoWrmTj7bfdtIJ6f3PC','2018-05-11 13:36:14','2018-05-11 13:36:14'),(25381,2285,'Wr8u6ctOzLIzkoeDKnzCGgqlHZkhFjvK','2018-05-11 13:36:37','2018-05-11 13:36:37'),(25383,2285,'GJqobt8cpLH0jvtL0viw7hFWYzIGZhgi','2018-05-11 13:37:06','2018-05-11 13:37:06'),(25394,2285,'u8bcpRexo5lXQ3XMwBWPJysVoXE7He7K','2018-05-11 13:40:17','2018-05-11 13:40:17'),(25395,2285,'h6XYsqQXw0xY08LO9m2tRFSz9lCd9oum','2018-05-11 13:40:21','2018-05-11 13:40:21'),(25396,2285,'hMzWDv5c6YPFYyfuqyCEp3BE58KAzywo','2018-05-11 13:40:30','2018-05-11 13:40:30'),(25397,2285,'HZBLiKOW4kV0h0Rl5rY9g8fHDtgoM2Cl','2018-05-11 13:40:36','2018-05-11 13:40:36'),(25401,2285,'WabgIJMmHrq3wUIpwDN4Lb8sI2KiPSvN','2018-05-11 13:41:19','2018-05-11 13:41:19'),(25404,2285,'ywxci2MvTfvXz3jikLJYjzfR9UwbCUCc','2018-05-11 13:43:16','2018-05-11 13:43:16'),(25412,2285,'20rNkj7LxJV2tz7myRQKuozv1SfllYu8','2018-05-11 13:47:20','2018-05-11 13:47:20'),(25418,2285,'ks2KeRsFXyo1w1XOI5YHZQyq7odNoihW','2018-05-11 13:47:49','2018-05-11 13:47:49'),(25427,2285,'5Z5EwUbXZJctWxrwypY7QbkNd1PN8ZHY','2018-05-11 13:48:53','2018-05-11 13:48:53'),(25436,1498,'2YgV2Ex7V0V9QeSNK4wwGKyb2PnHi6Rs','2018-05-11 13:53:51','2018-05-11 13:53:51'),(25468,2285,'Tu5bwMzSbszdRa8mP7ql4qphIMVNqDLE','2018-05-11 14:02:15','2018-05-11 14:02:15'),(25475,2285,'IxePkTGuR5T3q3YlFj8pZnMbSAN99iWS','2018-05-11 14:05:13','2018-05-11 14:05:13'),(25485,2285,'OYjAsSeMP1naLa8brxWcRjCHJBRg530v','2018-05-11 14:08:08','2018-05-11 14:08:08'),(25497,2285,'OdK1UA1wN2XfJz2eeeO51ZHo4k0bfCBb','2018-05-11 14:11:18','2018-05-11 14:11:18'),(25499,2285,'hF8ENRcMrNCJ1T2XjJeJg8AfzchYb9Rc','2018-05-11 14:11:41','2018-05-11 14:11:41'),(25500,2285,'9Rwcv1APqLxd5NmKeUuwLOjLgJse9ChD','2018-05-11 14:11:50','2018-05-11 14:11:50'),(25509,2132,'UeNUDJDb7sHAdZUoYRLeLoD6NFRt9OEa','2018-05-11 14:13:58','2018-05-11 14:13:58'),(25545,2285,'L2uH4xmUVFnnnuHPR8ydcw0enDwWIvBU','2018-05-11 14:29:03','2018-05-11 14:29:03'),(25548,2285,'PunKssuQHBeGJ9tZbUu4duMzC5o7LMqx','2018-05-11 14:29:38','2018-05-11 14:29:38'),(25551,2285,'q6Q3v7vpIB2IlALeNtvQKnd8JdVaeDAy','2018-05-11 14:30:05','2018-05-11 14:30:05'),(26124,2132,'0VLdkvrwwSIZqRCur7dSNpRGlImxLigX','2018-05-11 16:25:16','2018-05-11 16:25:16'),(26311,2285,'u8xQ10nuIgDZFTQZoz7H0E7CNE9ZQUbv','2018-05-11 16:57:43','2018-05-11 16:57:43'),(26875,2285,'Ok85Inqs9ss67BTLtkQ309cZxMnJo4JB','2018-05-11 18:50:54','2018-05-11 18:50:54'),(27047,2265,'X0oADcr1H9Sxzun3Q18fWmY7fVrJKCI8','2018-05-11 19:36:34','2018-05-11 19:36:34'),(27262,2337,'4PTGWjwl40zCwZ11MpzUmHZeyeCeOtAU','2018-05-11 20:13:48','2018-05-11 20:13:48'),(27339,2337,'96BK3vBdee9tQJNftiJPvZDSuWvmgAIB','2018-05-11 20:27:18','2018-05-11 20:27:18'),(27387,2337,'YsJatceGRJapD2gADT3Ani4nTgHuhEJg','2018-05-11 20:35:16','2018-05-11 20:35:16'),(27540,2285,'IDbh9qChf0bYJlAC6OtWPz8PKWcSgOot','2018-05-11 21:01:31','2018-05-11 21:01:31'),(27603,4439,'pfHAeh15om8eJVYD8yXPGXc0hIm78otk','2018-05-11 23:20:00','2018-05-11 23:20:00'),(27898,2285,'uko0Jog4OrXLiTgo8JigdQY5fN51xfAJ','2018-05-12 02:30:45','2018-05-12 02:30:45'),(28095,2285,'RwKbv1NcFWbnfnovn584htKLZZbSEgoO','2018-05-12 03:09:20','2018-05-12 03:09:20'),(28875,1568,'klCdHdEHTFfY0ye81AGgIT7fsqtXz90b','2018-05-12 16:40:49','2018-05-12 16:40:49'),(28931,2285,'P5HSEkD7E4zshWEoFep7Ee6JsHwirXaO','2018-05-12 16:50:28','2018-05-12 16:50:28'),(28999,2285,'1NSCT1lybBmGUCgxQb9EDC8k1GVrtCyA','2018-05-12 17:01:46','2018-05-12 17:01:46'),(29000,1498,'Pe3j1t2APX7VamiLaU1ENKX7RU9nsAog','2018-05-12 20:49:21','2018-05-12 20:49:21'),(29259,2285,'S4KPUk5BNIn1Ovt4VzTW3J2tqdT0kEJg','2018-05-13 01:41:17','2018-05-13 01:41:17'),(29630,2285,'yVzwdWLy4Z2c2FdZPZAuDBzkdnRoVDRq','2018-05-13 02:47:01','2018-05-13 02:47:01'),(29711,2285,'ycc4H6xS198ekqGUUh2gOW72zNjbFhj6','2018-05-13 03:01:40','2018-05-13 03:01:40'),(30187,2285,'AKjHtbBf4JXluXWZxmJ1PsWmUQ29QmZf','2018-05-13 04:42:38','2018-05-13 04:42:38'),(30245,1498,'VcfPXKVVHQ5KnJV7lZ4B87on6beS3r8y','2018-05-13 13:42:55','2018-05-13 13:42:55'),(30247,1498,'AL9UV53qQd8qFdRwfSTIING8ZDsCAPLC','2018-05-13 18:53:58','2018-05-13 18:53:58'),(30302,171,'md8gTWTPRQYMYh27BHKyBWc0tOLCurGY','2018-05-13 19:18:34','2018-05-13 19:18:34'),(30481,2285,'Jlw4tkcQDeZ7C9pnqhLjR1fLfL8SCMfq','2018-05-13 19:48:26','2018-05-13 19:48:26'),(32311,2285,'PCXijt3VPAVxTQr9LVZh3c7bJiwH9Pfk','2018-05-14 04:20:49','2018-05-14 04:20:49'),(32314,2285,'u2QcKVdHErbKLBd8pXqZe9l7aJwmr1ks','2018-05-14 13:31:05','2018-05-14 13:31:05'),(32317,2285,'tTfn4P7RwvqSzQtNqeo0wrEbREEZVVA8','2018-05-14 13:32:19','2018-05-14 13:32:19'),(32320,2285,'9U5RXrRGfRJFJZpYn8z8uOZ0td3gJuF4','2018-05-14 13:32:48','2018-05-14 13:32:48'),(32326,2132,'ZzZbMmTugFQ5BD4DPE3SmBSNFaFaXeG4','2018-05-14 13:43:00','2018-05-14 13:43:00'),(32329,1498,'n2K1CCaELCpTaZGQt3nP1Nx7bJJbhbzO','2018-05-14 13:49:45','2018-05-14 13:49:45'),(32349,2285,'0sNpYneAAjyzMpkLh8IhghkuaEtLWPoR','2018-05-14 13:57:03','2018-05-14 13:57:03'),(32350,2285,'8Ggg4zsCYHUEkSA21kG87ZaQhapyF5em','2018-05-14 13:57:09','2018-05-14 13:57:09'),(32380,2285,'VffZLWjoL0E12dDSikiuHlXhrcyZnEmu','2018-05-14 14:16:02','2018-05-14 14:16:02'),(32399,2285,'McUbNh61sMsTConDoU0DfgBQH3vqMxow','2018-05-14 14:20:00','2018-05-14 14:20:00'),(32400,2119,'1mgw5eyd1NIIA7g5wQFuCuahAwMVDbbo','2018-05-14 14:20:05','2018-05-14 14:20:05'),(32490,2285,'CKND8VHSmrr7wLZmkskbpuxezALp2cTE','2018-05-14 14:37:35','2018-05-14 14:37:35'),(32556,2285,'EJHs1dV4Np6esbMKVUDvFxmPtqH3ADTJ','2018-05-14 14:51:50','2018-05-14 14:51:50'),(32557,2285,'jwGEGnmYGcjX8X0zX62syFGHUnVJItHF','2018-05-14 14:51:54','2018-05-14 14:51:54'),(32573,2285,'8N6EaGTL6qpDoCsKPIwnS2ZLNmAWA6xa','2018-05-14 14:56:42','2018-05-14 14:56:42'),(32574,2285,'DXr8kjGSX32zxYf3hUc4Via6ekkIUoKG','2018-05-14 14:56:47','2018-05-14 14:56:47'),(32575,2285,'4nLFXeoZQjZCcTqbiPfiK5jjXzW9osRr','2018-05-14 14:56:54','2018-05-14 14:56:54'),(32740,2285,'7q7eYzJrbDSifX1bucsJps1vnLwlGVYY','2018-05-14 15:37:34','2018-05-14 15:37:34'),(32899,2285,'ki3PRjXzSOzU2VkGtJkKJda7YnKCwvRv','2018-05-14 16:16:36','2018-05-14 16:16:36'),(33145,2285,'8El8tZvljj1f1sh8kWXNxZs7eHNfrOho','2018-05-14 16:57:35','2018-05-14 16:57:35'),(33176,2285,'eSxDSR9L7eaXfX2vEeua9ZgXy6K0VFsp','2018-05-14 17:05:04','2018-05-14 17:05:04'),(33186,2285,'wxcAqNd2rm7xnjVndqfXMYWRXx7e0ZBH','2018-05-14 17:07:03','2018-05-14 17:07:03'),(33195,2285,'mwkV8fJm40AKS2LdCpCJaDVPJ3lZKKTg','2018-05-14 17:09:29','2018-05-14 17:09:29'),(33199,2285,'L8QpLxebtY1dgFU3RyyIgi0Q8MvmJxIs','2018-05-14 17:10:05','2018-05-14 17:10:05'),(33233,2285,'5KQYuazCWA11XFXhX5jwrxXJebfVS0EJ','2018-05-14 17:18:16','2018-05-14 17:18:16'),(33285,2285,'xDvVMNh2XiUguC5IEcsJ93SG5KXjpc2V','2018-05-14 17:30:17','2018-05-14 17:30:17'),(33338,2285,'QxwfXgJNlFhh2f6XYPGpJAATatHh1w9Q','2018-05-14 17:49:01','2018-05-14 17:49:01'),(33410,2285,'5o81LZjSfNEK7yPy4IP7LYyVDL8JIObC','2018-05-14 18:13:23','2018-05-14 18:13:23'),(33412,2285,'YHVcwhHKGHozCt3f4sOmRNs1nNM1McIT','2018-05-14 18:14:49','2018-05-14 18:14:49'),(33417,2285,'EOf95PDDSFogEITEYWKKdw8h2RxzfY8o','2018-05-14 18:26:17','2018-05-14 18:26:17'),(33418,2285,'6u0RkUchjooruzLxyHyPaE7DwQIgrQEf','2018-05-14 18:26:44','2018-05-14 18:26:44'),(33419,2285,'OkdEQhA45l3vLIzHV2gR0tzAzHpGNQmI','2018-05-14 18:26:47','2018-05-14 18:26:47'),(33421,2285,'POk4Brif5UfH7NdgITqn216x9T0cMdBB','2018-05-14 18:27:23','2018-05-14 18:27:23'),(33522,2285,'AFumgl9pnnrnWfPMnfcQLzMWMvoZ7pZY','2018-05-14 19:20:33','2018-05-14 19:20:33'),(33523,2285,'wTzZ1RTtg1LeRq2mnUf3VSVEJK8JAiUR','2018-05-14 19:20:41','2018-05-14 19:20:41'),(33526,2285,'qF6tEw2Cpq6Dfr0KTZYcvunXy7Ow73hr','2018-05-14 19:21:08','2018-05-14 19:21:08'),(33531,1498,'L40tOOn5ccEzbcQubXTF4tRc8ELjbBHq','2018-05-14 19:21:27','2018-05-14 19:21:27'),(33532,2285,'IsUoWKD6UFYX08nvVHEQqM0yfPC9XSyr','2018-05-14 19:21:53','2018-05-14 19:21:53'),(33533,2285,'0bnwAbTWrw13Zt7qqi8WAQOA2T4YpCJB','2018-05-14 19:22:04','2018-05-14 19:22:04'),(33534,2285,'kwL0hZo1xbQ6dqVhZ1qqqHoFZV6D0CRd','2018-05-14 19:22:07','2018-05-14 19:22:07'),(33536,2285,'TFaNXFdxtqdeZoRPTOu7W3WFLHLQ7QpD','2018-05-14 19:22:37','2018-05-14 19:22:37'),(33539,2285,'1dQhYKtkIpAHyhoWRKvRHv5Yd48piPwZ','2018-05-14 19:23:35','2018-05-14 19:23:35'),(33552,2285,'a9oR2ojnMUsC2oZEUCKWcnmoi5p9sHqb','2018-05-14 19:27:53','2018-05-14 19:27:53'),(33558,2285,'H9JKG2a6AWAToSszcYYI6jBlUtJdGBWS','2018-05-14 19:29:21','2018-05-14 19:29:21'),(33581,2285,'PrfjLlr9LuxKvwJasF3xHlVXvnPY8xoW','2018-05-14 19:35:13','2018-05-14 19:35:13'),(33582,2285,'tsQE5dqxmsL2uTHnwre1sakkRibLZDru','2018-05-14 19:35:19','2018-05-14 19:35:19'),(33584,2285,'zAENTQvZbSvuTiG02ob6JAvxduieGgnF','2018-05-14 19:36:03','2018-05-14 19:36:03'),(33585,2285,'LkHq00ORcetBOk13AtalelQk6QbWHCsI','2018-05-14 19:36:10','2018-05-14 19:36:10'),(33586,2285,'L6ACe0Vly7sSa8tlO0ci24yzm27Uvktj','2018-05-14 19:36:17','2018-05-14 19:36:17'),(33587,2285,'7RxkPpVk7MEfX8ZDHqNNUzK2PYAxmSAZ','2018-05-14 19:36:30','2018-05-14 19:36:30'),(33588,2285,'OKl0fgIQnxkxuzf9BuIIVzxBR7NcqvSX','2018-05-14 19:36:38','2018-05-14 19:36:38'),(33589,2285,'x7Ht7MwEmmJ9l7HzbiltwOQn2O6N7M3S','2018-05-14 19:36:44','2018-05-14 19:36:44'),(33590,2285,'tnp2u5vt2IBcyxOWhFquhMMpbTfkqLWi','2018-05-14 19:36:45','2018-05-14 19:36:45'),(33592,2285,'vBHWMTDCPJx9LmdfT3JuhDFldVliih49','2018-05-14 19:37:22','2018-05-14 19:37:22'),(33593,2285,'0Tu4gIxDup5oj2YRVN9ffxWDPg4QHbqN','2018-05-14 19:37:31','2018-05-14 19:37:31'),(33594,2285,'Lpuh3G4LpBDPuZL9efJcpBwE0XRRjdQW','2018-05-14 19:37:44','2018-05-14 19:37:44'),(33595,2285,'Ks26a5l05WuYwHxKcCBmt4NjHJU1r6Sz','2018-05-14 19:37:44','2018-05-14 19:37:44'),(33601,2285,'zsGYh6g5HdL34wfrgrw3j6FfyL08vVJH','2018-05-14 19:39:12','2018-05-14 19:39:12'),(33603,2285,'NCuMsnQDwDjLvHYaHJa75IOTQ8lvGjbo','2018-05-14 19:39:41','2018-05-14 19:39:41'),(33702,2285,'KJ8fCuTvFxVlWFcI45JbYHlX7gERdN51','2018-05-14 20:09:44','2018-05-14 20:09:44'),(34000,2285,'zEPLDfWG47sqpj3ABDG924cTFl0Bv79D','2018-05-14 21:11:17','2018-05-14 21:11:17'),(34012,2285,'XlAmZN9brP1XgH9hdplMWzTOmfkjORcX','2018-05-14 21:13:44','2018-05-14 21:13:44'),(34140,2285,'13N1gd4RupcLHqrXFF42m3FwRuw1cbjL','2018-05-14 21:41:07','2018-05-14 21:41:07'),(34233,2285,'Rli99roF0KYAXT8cl5VEV5lWNPqizWig','2018-05-14 22:00:10','2018-05-14 22:00:10'),(34796,2132,'eYfLJy6NYzOqeh1KCBS1n5BEZgBR1eMc','2018-05-15 03:17:51','2018-05-15 03:17:51'),(34832,4435,'qBHMtBKZVNFH43Utqt4Qi50lbKyuUywj','2018-05-15 13:58:17','2018-05-15 13:58:17'),(34839,2285,'bbqbVV1thuUqvaleC1WLzflFMtdCq9v9','2018-05-15 14:03:47','2018-05-15 14:03:47'),(34851,2285,'iUPuCEpUbvsfJJBfstOKKCP8Qdg8t0Ek','2018-05-15 14:07:42','2018-05-15 14:07:42'),(34855,2285,'ttQD2sOGKMM4rULkaE08JOwYnJ22HpaN','2018-05-15 14:09:11','2018-05-15 14:09:11'),(34905,2285,'tn4YmwAagT49IPjxUS4CaCUv2HrKkT07','2018-05-15 14:18:20','2018-05-15 14:18:20'),(34906,2285,'pYyLw4rGSVKduMOYySqMsxnxyhKTh0wF','2018-05-15 14:18:26','2018-05-15 14:18:26'),(35213,2285,'ZEbRi1TZM56bD0OHnEM0vxEfrxpE56LQ','2018-05-15 15:41:51','2018-05-15 15:41:51'),(35345,2828,'2cCfKO81O2Xvzp2LMukoUaJWRqKKZfgD','2018-05-15 16:04:29','2018-05-15 16:04:29'),(35812,2285,'sAVKCgSPqYLl9veiXKcgkcSXYreWN0Ak','2018-05-15 17:29:50','2018-05-15 17:29:50'),(35813,2285,'l05ZlWAWX7KyCu1bKiCPtomdfCdGTnPF','2018-05-15 17:30:00','2018-05-15 17:30:00'),(35875,2285,'xSXJAlLumvV1mYJbbBn6in8IbQMt0wnw','2018-05-15 17:43:13','2018-05-15 17:43:13'),(35951,2285,'pQPqZ2ALdmQLKOmoaQ9jdzezd4trGlif','2018-05-15 18:02:05','2018-05-15 18:02:05'),(35961,2285,'fC9X3oZ5r6RRNWZKTWsPmBNdMhj0oo5T','2018-05-15 18:04:44','2018-05-15 18:04:44'),(35969,2285,'g5dLTXfLNGoxpju6dV005gRqJ4enFCmM','2018-05-15 18:06:06','2018-05-15 18:06:06'),(36093,2285,'f1TdVUhsMD8SObwvGEn5mfQT9CG1TF2n','2018-05-15 18:30:05','2018-05-15 18:30:05'),(36370,2285,'X0T4r69w8pwQWMgnZdEhjs0Jz16jURGz','2018-05-15 19:56:43','2018-05-15 19:56:43'),(36406,4435,'V4AC7KvT1NFpBnuDmYhDgWzU3K9peIQN','2018-05-15 20:04:55','2018-05-15 20:04:55'),(36527,2004,'p0NUuBeozpnP6z5BPaWaXZd6Uyr3dAYw','2018-05-15 20:38:00','2018-05-15 20:38:00'),(36861,2285,'F13xbrmRWHINVld8p29YLPBqItsZIrly','2018-05-15 21:36:34','2018-05-15 21:36:34'),(36862,1498,'q3e7mUl0NVCeOPVYdY9oMcsoG49xjQ6M','2018-05-15 21:51:56','2018-05-15 21:51:56'),(36863,2004,'l8OYIS7de7FSCRaO8xEVdrrgnbzEuk9B','2018-05-15 23:43:29','2018-05-15 23:43:29'),(36901,2285,'x0UdPR5KZmr0Zjpf4irIMcwfbB1P9eLk','2018-05-16 01:41:38','2018-05-16 01:41:38'),(37020,2285,'Ao2mzAAD5yw8JiU3SapAV7mPZmIS6tIQ','2018-05-16 02:06:03','2018-05-16 02:06:03'),(37040,2285,'5KBOd4mm4YGcjMWHYLNoWwtuXPEoz2lh','2018-05-16 02:10:26','2018-05-16 02:10:26'),(37468,2285,'RoOx9ayRZckIE1kRG6Dm0JFI4TcXbIIa','2018-05-16 13:47:40','2018-05-16 13:47:40'),(37470,2285,'1IWV4CdkPqC59O5xY5i0dwaCpSrWfiWX','2018-05-16 13:48:11','2018-05-16 13:48:11'),(37473,2285,'c0n7cZjEFLh7adArNshurAzi2R3hyYQ8','2018-05-16 13:49:03','2018-05-16 13:49:03'),(37474,2285,'ClGHgnmtENFwNHE2wTLBBeie7i3W4BgL','2018-05-16 13:49:17','2018-05-16 13:49:17'),(37479,2285,'dZW0bPk6gUUS1Hbuwi4mr8Z6vTOSW9Ag','2018-05-16 14:03:59','2018-05-16 14:03:59'),(37480,2285,'tdX30EZn9afqW3J7nNdCacI1h59XRKBg','2018-05-16 14:04:19','2018-05-16 14:04:19'),(37488,2004,'UrdlAZvFPk23Nxk4Zxqxoc2eeiziKZYu','2018-05-16 15:19:54','2018-05-16 15:19:54'),(37490,2132,'30UdSr704dFj56NcjCCuDztpnybxrvfZ','2018-05-16 15:44:37','2018-05-16 15:44:37'),(37494,2228,'hJkQD0D73XxJBcari28sHb7vn51uSNXZ','2018-05-16 16:11:39','2018-05-16 16:11:39'),(37502,1498,'GisL81KzeLWHsZDKKqenOjZU4cVc1HGy','2018-05-16 16:50:23','2018-05-16 16:50:23'),(37507,2285,'b11mqzVr27b1s2oCOI1BxsYEkZjklNyV','2018-05-16 16:51:29','2018-05-16 16:51:29'),(37516,2285,'YBHgyAbL1qedJW8TmtpA3U4tGMSt4xrq','2018-05-16 16:53:39','2018-05-16 16:53:39'),(37534,2285,'QehJ6F6oY0RQ1N6wT23ReD3eNeef2bkR','2018-05-16 16:58:14','2018-05-16 16:58:14'),(37538,2285,'u5Ex9tLx4zj9NcPTU8tvVCV0qEmfcE2s','2018-05-16 16:59:02','2018-05-16 16:59:02'),(37540,2285,'QJAz7Lfm1yTIqXXWfWyC3FN9unxY8UWK','2018-05-16 16:59:19','2018-05-16 16:59:19'),(37545,2285,'op0vVqJZWy7ZBvD0U2hdJi2JKN0MVkp7','2018-05-16 17:00:24','2018-05-16 17:00:24'),(37570,2285,'bA0YTI6BMUAjTwNractVzNrWKo13hvpV','2018-05-16 17:07:08','2018-05-16 17:07:08'),(37589,2285,'pY99p1TCty2vI6yAI5ZXlp8jfJiynx1O','2018-05-16 17:11:59','2018-05-16 17:11:59'),(37595,2285,'v6oDrSGRpOqJnzLWGdFbNF7wiTSsrOGI','2018-05-16 17:13:20','2018-05-16 17:13:20'),(37602,2285,'pxOXcSHHP4jS3583yUSqWDaklHbjmjuW','2018-05-16 17:14:56','2018-05-16 17:14:56'),(37624,2285,'vz6793ykuZL0cKI3808vxWyCMoWwssQg','2018-05-16 17:20:36','2018-05-16 17:20:36'),(37643,2285,'BkXIvQxDO2zzKS3DeilPQ0QQSACuAbc1','2018-05-16 17:25:45','2018-05-16 17:25:45'),(37648,2285,'kNVLS8X7jEoU8y0WjtHta2TzybMEWhqq','2018-05-16 17:26:48','2018-05-16 17:26:48'),(37651,2285,'397k4vp0KybJygHEq8c9NyowSYahfPVu','2018-05-16 17:27:21','2018-05-16 17:27:21'),(37662,2285,'cr6Pc1VVljZuUr0nLJUO9NKjJcFOEf24','2018-05-16 17:30:03','2018-05-16 17:30:03'),(37714,2285,'FeX5Uhm0XU7eKDpHO044b5I7Cez7Vhmm','2018-05-16 17:43:48','2018-05-16 17:43:48'),(37716,2285,'6OC3rid0BZoTXTcLabOLnt5fqvVHtZmH','2018-05-16 17:44:04','2018-05-16 17:44:04'),(37723,2285,'vBPWYo0Yto5f0RZB3CJpQVVpJtZ2EVbT','2018-05-16 17:45:41','2018-05-16 17:45:41'),(37736,2285,'JpnAHy02zOR4kZGIrb0yJsWY7hFeDs0e','2018-05-16 17:48:55','2018-05-16 17:48:55'),(37985,2285,'xZGgraS1KUvviFumma3R2cxXCPagWgTf','2018-05-16 20:11:19','2018-05-16 20:11:19'),(38301,1465,'gKibW93OnA4aS058hCQQmL5CAvRr6JX4','2018-05-16 22:46:07','2018-05-16 22:46:07'),(38305,1498,'AYHEDbULEbimg2OwZAMEJ2ur8urnXvkf','2018-05-16 23:14:58','2018-05-16 23:14:58'),(38306,2004,'DvSxKa4sLbLA6MSerJ4TG6NXuuR03o1e','2018-05-17 05:23:55','2018-05-17 05:23:55'),(38307,1664,'gXPiAhYPSKFcxgsUbskUGCHOncOB0qqS','2018-05-17 11:35:38','2018-05-17 11:35:38'),(38309,2004,'eDmYmjG9XQg9iXCXRuBdOf0Zsa8rVj1K','2018-05-17 14:40:13','2018-05-17 14:40:13'),(38439,2285,'IZnIYxSqBZS4hLBhSb4xaNjFOikLITc8','2018-05-17 15:12:07','2018-05-17 15:12:07'),(38637,2131,'B7Xo16oQSJupMMJ5ZAlYF4Nuh3GIW2WR','2018-05-17 17:15:14','2018-05-17 17:15:14'),(38638,2004,'5yAqOcQFQeSR2w7cXqkFCFW4agfH6Mz6','2018-05-17 17:37:52','2018-05-17 17:37:52'),(38705,4552,'ILDXkZBwwNZuB3ymbYl0qyyMmfXx0rm5','2018-05-17 17:56:49','2018-05-17 17:56:49'),(38748,2131,'szOYZ4raebWg8fLDthhTlEZojFZjg6pg','2018-05-17 18:24:16','2018-05-17 18:24:16'),(38806,1498,'xRakgKMe6zxW2eUhRrkcYGshKLZj3UCs','2018-05-18 02:57:48','2018-05-18 02:57:48'),(38808,1498,'nBBc6wZxYfvhBFlkkY2OiSsodd7bYiAj','2018-05-18 11:30:23','2018-05-18 11:30:23'),(38843,1,'6Ag4oEteKjM1bpRm1YFv6es6kNpFNOim','2018-05-18 14:46:48','2018-05-18 14:46:48'),(38854,4439,'bTOmn4bCDPcqK1RG0SeSOOHdx8PwX1ib','2018-05-18 16:49:49','2018-05-18 16:49:49'),(38857,1555,'SzBmhxMm2ChVvcogvnK5JRqGEQ544z9A','2018-05-18 16:54:23','2018-05-18 16:54:23'),(38873,1498,'0Z4eFGZ6tCdgxwk3qkMQQHE5HeLsGytj','2018-05-18 16:58:30','2018-05-18 16:58:30'),(38885,1555,'jUzL35xliMoOKLbu1pWNhMdv67KC1TH8','2018-05-18 20:02:29','2018-05-18 20:02:29'),(38896,2285,'CSKffD6e0hxzU5p7cnSsTRsDdlxdLFZq','2018-05-18 21:10:35','2018-05-18 21:10:35'),(38904,1498,'38VIWah4f9pMc7vE3Jy5oAtCkUFK2v5e','2018-05-18 22:42:29','2018-05-18 22:42:29'),(38905,1498,'14uRRl2DAQLFjs0yPAGScA9GqtRKjobS','2018-05-18 22:42:31','2018-05-18 22:42:31'),(38906,2006,'BkjpGqnNZqfyCmXbg15Or1wIrjMmUri1','2018-05-19 03:28:16','2018-05-19 03:28:16'),(38907,1324,'IQcXxBAxO7uo4uisXa7Mh1ihG19AN0ae','2018-05-19 12:36:26','2018-05-19 12:36:26'),(38908,1992,'S48LP0owYyfORWcYvVjcJy56RYE85IWe','2018-05-19 15:06:17','2018-05-19 15:06:17'),(38916,1498,'DzozPfPefFRWh68HIc7y3jBImpU4Sdvi','2018-05-19 22:09:45','2018-05-19 22:09:45'),(38924,1498,'oAAgexAuHieSbVn4CuGPLElpo2vc8eBw','2018-05-20 02:20:12','2018-05-20 02:20:12'),(38938,1498,'9P8BYeesXcqAOEEMVrdKzoWSk4BYMEkW','2018-05-21 01:36:02','2018-05-21 01:36:02'),(38948,1555,'Zwp2CWA1mF9sHt3QzeY0wLChcQvXSms6','2018-05-21 14:33:01','2018-05-21 14:33:01'),(38963,2126,'ONAoi5lY0UNAWVoENKFlFSChyQf4CJ99','2018-05-21 17:03:39','2018-05-21 17:03:39'),(39019,1498,'tHloxazm81S6EJMgskhT3DqWwi4c6Wn5','2018-05-21 20:47:28','2018-05-21 20:47:28'),(39020,4553,'FIlSRwTWGMv2KO7t2QHsMmme98JWvO0W','2018-05-21 21:19:50','2018-05-21 21:19:50'),(39021,1521,'FpOeCcv45gNwkhKrF4kE10oZCSu684Rw','2018-05-21 23:06:58','2018-05-21 23:06:58'),(39038,3064,'f4p46xoc6k9H5IxB0Ej1KoUnxFWbZOmz','2018-05-22 15:03:43','2018-05-22 15:03:43'),(39040,2285,'nlv3MemAJn5e60FnAGpzGmT7bFKN4N7G','2018-05-22 16:17:03','2018-05-22 16:17:03'),(39044,1498,'dwKpBvdNdHRvjNhVQkYKJinl14ORdRhL','2018-05-22 17:24:20','2018-05-22 17:24:20'),(39050,3064,'azescTWIg4wOr9EIrqYoJgKpcdg5s7Il','2018-05-22 20:36:43','2018-05-22 20:36:43'),(39091,2166,'7ty2AtotYFwk6BQvOphzsfYpG9UA3Ybf','2018-05-23 15:30:15','2018-05-23 15:30:15'),(39094,1460,'EOBulVwIpOhZCQ0EnxmYu6wSmLDgP93u','2018-05-23 15:41:33','2018-05-23 15:41:33'),(39123,1903,'ji0shgS3hIMrlLo7PL855mEel7HyFryl','2018-05-23 16:51:38','2018-05-23 16:51:38'),(39127,3064,'PcWXyOm1TURbnueIeQtuRziVgGcYLrNp','2018-05-23 17:02:31','2018-05-23 17:02:31'),(39138,1498,'ZanjJojy7qYdJ7njyhveNhc4iR99LUmb','2018-05-23 17:36:46','2018-05-23 17:36:46'),(39152,2229,'E3W9xrJgpQkAkhkpAZYUaypF6GT6Wj83','2018-05-23 20:05:48','2018-05-23 20:05:48'),(39173,1498,'YRIgJpPC5OlooYPbvldVlOrgENew5y4R','2018-05-23 21:45:02','2018-05-23 21:45:02'),(39191,1664,'rbUb9XXVtqrU1mZrKZ8tiZHRThcnfXrf','2018-05-24 00:01:37','2018-05-24 00:01:37'),(39197,1498,'fkSSV2d9bdxDqHuDYac8TsxseHqozXeB','2018-05-24 03:02:28','2018-05-24 03:02:28'),(39207,1498,'ykfDCKARoHEnsg7IkPbhD1bqhuFQQ3EJ','2018-05-24 13:25:57','2018-05-24 13:25:57'),(39209,3064,'RCFSOoiEnVnwVmJsWROdmfpDwFg0JVQQ','2018-05-24 14:40:38','2018-05-24 14:40:38'),(39210,3064,'epQdRKVxZArPMAc6e11r0GqqCO7gRiVw','2018-05-24 14:47:55','2018-05-24 14:47:55'),(39215,1498,'ujKLCCjnZTbuqofNdWyN6pGzglGK5TF8','2018-05-24 16:25:46','2018-05-24 16:25:46'),(39217,3064,'s53mQSDbz6GD5za7jtG3hyEnaHLtuufE','2018-05-24 16:50:01','2018-05-24 16:50:01'),(39218,3065,'p1ygdYjJh83DY6BW9UabpsPy3dkRMC9g','2018-05-24 16:50:17','2018-05-24 16:50:17'),(39219,3064,'OLuFjOM620y8SsLFDsCkOn6kn42C1usK','2018-05-24 17:41:04','2018-05-24 17:41:04'),(39238,1498,'FrNgBwHHVER1KLtr2gZSrxzbMiRC51p0','2018-05-24 19:59:22','2018-05-24 19:59:22'),(39280,1498,'dytGgcp3DPJ1Tua8IotgTh75ijK3SNBd','2018-05-25 13:50:12','2018-05-25 13:50:12'),(39286,3064,'RNoGqrZIlPf5XSCCs0bLdNL3BBPzbXAe','2018-05-25 14:42:38','2018-05-25 14:42:38'),(39293,1498,'0kcRPO4kAKl0VpSMZy2QmtOmiX0kjrNn','2018-05-25 17:53:43','2018-05-25 17:53:43'),(39301,1498,'6oSeHPYObjXMT4HsgFKYVdMSGd8Wgh3q','2018-05-25 22:02:24','2018-05-25 22:02:24'),(39313,3277,'N1Ge0xEgoZXJaRoQprh11qiGwMYDWK4j','2018-05-28 13:23:46','2018-05-28 13:23:46'),(39317,3064,'hwo7hcoYwOfpk8k85ltq1v29foHZtJO6','2018-05-28 13:47:58','2018-05-28 13:47:58'),(39322,1498,'xxq8hJonZkMnM4A11g0xQVNvo8L0MkDX','2018-05-28 16:37:55','2018-05-28 16:37:55'),(39323,3277,'7RpSjDHZKyI4tqEBFDtE914swuE8kdQc','2018-05-28 17:28:38','2018-05-28 17:28:38'),(39327,329,'MmCRjCPAkfxNq3vRCRgimHSCkQN89Dzv','2018-05-28 19:15:00','2018-05-28 19:15:00'),(39330,1498,'2zHMzwuD3N25tVfZuNGa7WtZpVg6EwOv','2018-05-29 00:35:02','2018-05-29 00:35:02'),(39334,1498,'rTxS863XrKJpTsy1n37z8EjYg2jW1v1z','2018-05-29 00:44:21','2018-05-29 00:44:21'),(39335,1498,'psv2d1XkedqnaC56FAYKJheOFjATsgNm','2018-05-30 03:36:45','2018-05-30 03:36:45'),(39340,3505,'Tnzl82HwTENujF4ueRTCbRmG0zF2RfEW','2018-05-30 13:59:15','2018-05-30 13:59:15'),(39344,1498,'uJRt1lNug6WQOEYLcffij4ot33V0rhYW','2018-05-30 17:15:29','2018-05-30 17:15:29'),(39348,4435,'Y7eUdwybL82F3oihnfusUsUkDnZWQyrx','2018-05-30 19:44:07','2018-05-30 19:44:07'),(39351,1498,'vU6Rk9Yv7OUZnLYKjaf9gogwFR3U31mY','2018-05-30 21:51:45','2018-05-30 21:51:45'),(39360,1498,'ZHAOSnoO7K3bMIAeGm9Uyr8M7raJ9e1Q','2018-05-31 16:09:05','2018-05-31 16:09:05'),(39361,4435,'LWCyUIG2PBM3wUenoJBbfEus5CvxuDdi','2018-05-31 17:27:14','2018-05-31 17:27:14'),(39363,1498,'orJ4Lzc7xLEJHurZWG9uknpAPCXF5nyl','2018-05-31 19:10:24','2018-05-31 19:10:24'),(39364,4435,'FO0RTe3E8jfm9GNvCoAANhcjjkIxM8xd','2018-05-31 21:27:00','2018-05-31 21:27:00'),(39365,1498,'iAxLVdteenFsy8P6JBk2P3NW1gtxE8PU','2018-05-31 22:09:48','2018-05-31 22:09:48'),(39368,1498,'8iWZ10PoAFkiujSOSYDOhg6NbuCtTsmg','2018-06-01 13:40:15','2018-06-01 13:40:15'),(39369,3505,'WIYKKWYmL6mAjLTWTUwb6tgJ0KceSrly','2018-06-01 14:03:09','2018-06-01 14:03:09'),(39370,1498,'FQcOMTMoGRUQoADme10qiq0CFskdCXI2','2018-06-01 15:10:20','2018-06-01 15:10:20'),(39371,1498,'nZfx1qt2SE05y6KH4XvL3jvxIFjoNyO4','2018-06-01 17:43:56','2018-06-01 17:43:56'),(39372,177,'xamEjfdWLV4eQcBEoF8j0YCZZ3gzH4et','2018-06-01 20:31:23','2018-06-01 20:31:23'),(39373,4435,'qUEl5aPxfD6Q9HGoYCPrA1bx0kZDArBA','2018-06-01 21:54:09','2018-06-01 21:54:09'),(39375,1498,'PHOfS6JiiA1iOfHF3TYmKc2DgHp23mMP','2018-06-02 12:16:24','2018-06-02 12:16:24'),(39377,1498,'VoQpnt8akJgKRflqp1cC9vgoCETG4m6g','2018-06-02 23:30:18','2018-06-02 23:30:18'),(39379,1498,'RcvKcW70dv53KYGs2IObzyxe7JpOnSyU','2018-06-03 02:44:20','2018-06-03 02:44:20'),(39380,1498,'uO8EjElcKMx5PXxfWpTXPHMDVCK6EKk5','2018-06-03 14:01:28','2018-06-03 14:01:28'),(39385,1498,'w1rGwmea9vppiwRDMxILdvd1f9JAw4Cl','2018-06-04 14:33:34','2018-06-04 14:33:34'),(39386,1498,'3iggmL24G8DqxoxW0sWsv4b6VA0ZzJcS','2018-06-04 16:18:56','2018-06-04 16:18:56'),(39387,4435,'AGOdm3yGzF8qj5yeDOTMOIMrHvE9XDCW','2018-06-04 21:25:55','2018-06-04 21:25:55'),(39398,3370,'EobLHicWGApXRoC49LH3DiPDBwjrQquJ','2018-06-05 15:42:52','2018-06-05 15:42:52'),(39401,3370,'F73LO99UEk0rsKOYBLbHCprjGp4Exhob','2018-06-05 15:48:31','2018-06-05 15:48:31'),(39405,978,'gAW1fwbAze14BLlVlRs2OMBFC3jusH0A','2018-06-05 16:55:49','2018-06-05 16:55:49'),(39406,1498,'b3OUChMKJDyXzKXZ30XR1F869j4SOShO','2018-06-05 17:06:58','2018-06-05 17:06:58'),(39407,645,'XW0LiMBH1EGjKeWPgifi5TiVnzxldrOT','2018-06-05 17:47:07','2018-06-05 17:47:07'),(39409,1498,'N809Ctcnu4FJGo7lU8mOA021fSKSeRbL','2018-06-05 21:00:59','2018-06-05 21:00:59'),(39410,2004,'nWtmEmVk5tc2PB6KkbU6uPHclVFi67sv','2018-06-06 00:52:10','2018-06-06 00:52:10'),(39414,1498,'FNBFzgOJICSOuvwJMVS6fx7y1JimJhVA','2018-06-06 14:58:40','2018-06-06 14:58:40'),(39420,1498,'dCtW32lAfbDIRXJr1SZOs0e77aYkD9PX','2018-06-06 21:41:05','2018-06-06 21:41:05'),(39421,978,'X67bitpTfSOTgSHU1KTh42JNyilb1EAi','2018-06-07 00:44:58','2018-06-07 00:44:58'),(39422,978,'vbEnMfEmwJUtlyEWZRuLShapcSLkvZsb','2018-06-07 00:44:59','2018-06-07 00:44:59'),(39424,858,'LgGHVwrvtYwQrRyge5AOupi3u8213uXW','2018-06-07 00:55:18','2018-06-07 00:55:18'),(39425,1535,'XzBu8Lo5CfwcgK8IjoUVkAI7f1iPwFtO','2018-06-07 13:07:20','2018-06-07 13:07:20'),(39426,2828,'S6cG0UwWOBJ6C4R2rCV42JmIClE3gmtA','2018-06-07 14:59:13','2018-06-07 14:59:13'),(39428,1555,'MwMXNJjSpoNaO34XPgs4O20Sn1sonjFG','2018-06-07 21:23:49','2018-06-07 21:23:49'),(39429,4439,'wrfNcFks6XFZpU1Ow7bzVfWpWbyxh4Oh','2018-06-07 21:44:16','2018-06-07 21:44:16'),(39432,1498,'L25ZvgFV2MFR9Gq4Nceny2kG3O8EXoNK','2018-06-08 13:37:49','2018-06-08 13:37:49'),(39433,1498,'zY7B9n04kMCvSFuaSbFdUfF05jM9gKlG','2018-06-08 17:43:57','2018-06-08 17:43:57'),(39434,978,'9uHlTBzZ3qrceLd7mIpXOGbnNQ48ZecZ','2018-06-08 17:46:55','2018-06-08 17:46:55'),(39435,3064,'HlVMylugEzzSufOV8TetJ6LPvlodzmfQ','2018-06-08 19:22:40','2018-06-08 19:22:40'),(39440,1498,'k37JBebEbxftKk9pDqtQEDKvlvvOVvU7','2018-06-09 14:36:05','2018-06-09 14:36:05'),(39447,1498,'OxWCjpSiDOwuNK4rcDfyIW0SPg2rovMS','2018-06-11 16:44:36','2018-06-11 16:44:36'),(39449,1498,'ZHIjqWqNHb6yVEqoNBCr9E33WRehjzlJ','2018-06-11 20:39:03','2018-06-11 20:39:03'),(39453,2005,'gzStH9V7HRLmCADGkYzmQwBmKbxfVtzy','2018-06-12 17:04:32','2018-06-12 17:04:32'),(39457,1498,'MkoSd8g4jSRTGMkPnIz3WGZ7O2cIcSU4','2018-06-12 18:53:28','2018-06-12 18:53:28'),(39458,3064,'jxIkwKfhQuoaiLgLpM6E2VCV35g6OxFH','2018-06-12 19:19:32','2018-06-12 19:19:32'),(39459,2035,'0IdyxWca5XRusBc2kklHdFaW7x1i6aEd','2018-06-13 13:50:51','2018-06-13 13:50:51'),(39461,1498,'9r6QlQO1XA8SNDfSr6Kd3Na8yua57np2','2018-06-13 14:10:06','2018-06-13 14:10:06'),(39462,1498,'wwtXztGWWQbWyYXTpCGTEw5CdVGmAsZ2','2018-06-13 15:01:24','2018-06-13 15:01:24'),(39463,2285,'1wkrKv2idoP1ORxhpx4xCgucBKqsvgzl','2018-06-13 18:31:09','2018-06-13 18:31:09'),(39464,3064,'ORuAsxEdfvcqyugXeijGUbQw7210tRiz','2018-06-13 20:33:31','2018-06-13 20:33:31'),(39465,84,'S1noLQTeRdgxph0v90TI3gCdxYaprgj9','2018-06-13 23:53:42','2018-06-13 23:53:42'),(39467,257,'MFButu1JhgsCEdWZivXvMiGBZL3F6q63','2018-06-14 16:11:51','2018-06-14 16:11:51'),(39470,4435,'0CP91zhuxMlQuiwuEzFJP0btmNtnRjNA','2018-06-14 21:27:11','2018-06-14 21:27:11'),(39471,1519,'nwc3TekufbdZZG4fAxIX3CCEj7SJ7bb3','2018-06-15 15:27:06','2018-06-15 15:27:06'),(39473,2828,'irh9mJ9qpCABkUT1L3nW5KkOIvVF1TAP','2018-06-15 16:23:19','2018-06-15 16:23:19'),(39474,4439,'FkgtbcB5OsJx4JmcSTcJhP5C6NvLbMjH','2018-06-15 17:28:55','2018-06-15 17:28:55'),(39475,3370,'SZDw827CMN5uOUcKO9QEs2OzvX5ZTDJC','2018-06-17 21:23:13','2018-06-17 21:23:13'),(39476,1498,'WMeJjYG5bIB8oXioMhMSfL2poBYTH0p6','2018-06-18 13:30:47','2018-06-18 13:30:47'),(39477,4439,'msJebuklJ0RffdrTTPE1cJMgIr1kMuex','2018-06-18 17:54:26','2018-06-18 17:54:26'),(39478,4439,'1pqVDgzygRobrwRxdZZHSF5GY6mKIV8T','2018-06-18 17:54:28','2018-06-18 17:54:28'),(39480,1498,'aQPQytGdEYZxMQ2dGUwzkTmlunjETcOp','2018-06-19 13:26:52','2018-06-19 13:26:52'),(39481,2285,'ahQXyYSIC5SprjLuBQo3TSW6fVZ0XLfK','2018-06-19 17:49:25','2018-06-19 17:49:25'),(39484,2119,'MDbHCpgb3FT7QvmlDDqBAVAvbDkoOf3c','2018-06-20 18:07:40','2018-06-20 18:07:40'),(39485,1498,'fFP5y0gkv2xy56Nn3uB5RXjPkW0i6CXt','2018-06-20 19:55:22','2018-06-20 19:55:22'),(39486,3370,'2DYADjGMEbX1gwgpInOId4lFwr4p5Wa6','2018-06-20 22:40:09','2018-06-20 22:40:09'),(39489,1498,'uR5SeTf89Fuwp4p9gVf9FvfG0itVPMuT','2018-06-21 15:03:37','2018-06-21 15:03:37'),(39490,2285,'318S4DTYuVtrsQfHWWX8HAunQsXGazPG','2018-06-21 17:49:34','2018-06-21 17:49:34'),(39491,1498,'5zKwD1aagrzpQZR3oUw4z0VOdpoTiSdc','2018-06-21 20:53:17','2018-06-21 20:53:17'),(39493,1993,'0a1mlrP5wH1nQ4GhAfq4nU9yfdVGC55C','2018-06-22 16:20:56','2018-06-22 16:20:56'),(39497,1498,'2jMrZ8MXppd5Dejnt7xgUWr35DOLesxt','2018-06-23 12:18:24','2018-06-23 12:18:24'),(39500,1498,'3h4pl6q5z3qTikQriTLkG6u4M1RqFENT','2018-06-25 14:16:11','2018-06-25 14:16:11'),(39502,1670,'fxFSNOrDeY66lQPDPpRWFaMBd9R1T3lA','2018-06-25 18:44:23','2018-06-25 18:44:23'),(39506,3064,'0MWpLfqrm0n5SViYy4js2k27gwDTZMwt','2018-06-26 13:32:37','2018-06-26 13:32:37'),(39508,3065,'WC2kk2hwBkgeEPP80veSexKfXUaoEYZq','2018-06-26 14:18:45','2018-06-26 14:18:45'),(39509,1498,'aJ1UngmpmNWRp1M23FRWxKKMVJcikxOu','2018-06-26 15:39:57','2018-06-26 15:39:57'),(39511,1498,'js398W0CWgAyNyZjRYTMdlb1jSnxHdIo','2018-06-26 20:57:21','2018-06-26 20:57:21'),(39512,1498,'YBosmJcrP71jR9uAPIBh4t7blG4fbUvl','2018-06-28 13:47:06','2018-06-28 13:47:06'),(39513,1498,'SYcRH7LT2U6XHSj6k9wvDgVkm0VSYGKG','2018-06-28 20:08:57','2018-06-28 20:08:57'),(39516,1993,'fXRHCkYSCjz3nAsGAFNrIIZbYnEkqu2A','2018-06-28 21:53:43','2018-06-28 21:53:43'),(39517,1498,'T9fsLChpQCyHZrPeWCridzkvtaFeoxaV','2018-06-28 22:36:01','2018-06-28 22:36:01'),(39519,1993,'gMZpEoWiDxwDIANAySh54fA1rk1URf64','2018-06-29 16:09:23','2018-06-29 16:09:23'),(39521,2006,'bIxGk6y9BOcKSlNsZ3zx8lh3Ero5NDxG','2018-06-29 17:43:35','2018-06-29 17:43:35'),(39525,1498,'8VU0bk3yJzyqlH21LhilsKUbuLs9cxvy','2018-06-29 22:43:48','2018-06-29 22:43:48'),(39528,1498,'IZmpx7rAZlJ4MP0uhfdyGprfcsObXGB0','2018-07-02 13:28:02','2018-07-02 13:28:02'),(39532,1993,'Jkj44M27ozMyQfiioyBigspxL1NexbyB','2018-07-02 18:01:53','2018-07-02 18:01:53'),(39533,4439,'yxAwO85hNjfCaUKVSdciubabZzmQeZVN','2018-07-02 20:03:51','2018-07-02 20:03:51'),(39534,1498,'Qna1iUn4U3eECBnIMULg0ZZioUz4NSTU','2018-07-02 20:49:21','2018-07-02 20:49:21'),(39536,257,'hzwYAwcT5yOb0QtczbizT3yTOXW7LdmY','2018-07-03 13:28:07','2018-07-03 13:28:07'),(39541,1992,'FKgUqXjYWyFNbIDczHhSgYUgdxXBHhMF','2018-07-04 15:24:41','2018-07-04 15:24:41'),(39542,4435,'21e8wA1yoRuG752l0PIm31MFEBOnregK','2018-07-04 18:11:46','2018-07-04 18:11:46'),(39544,1498,'DotwFzT1Cb9GnC1EFG9EgpEt9cF415qC','2018-07-05 13:31:38','2018-07-05 13:31:38'),(39545,2285,'oRGg01hiPksqwqWDsO0agv3odQVPK2Xu','2018-07-05 15:56:11','2018-07-05 15:56:11'),(39547,3064,'FLTYtSgwJbjaKw3S6IivvuVbvm6xDdHU','2018-07-05 16:22:07','2018-07-05 16:22:07'),(39550,1498,'0FvnZr0Kk9MOsQKrmBd2qx7r5J4BxayG','2018-07-05 18:26:47','2018-07-05 18:26:47'),(39551,2006,'9lkJ7QtGlN80xhUkxJtVPk2H6Ki47spL','2018-07-05 18:46:47','2018-07-05 18:46:47'),(39552,2005,'GQlbbMiUjPjb13VlxPYFhWBTt1q1hmfQ','2018-07-05 18:47:56','2018-07-05 18:47:56'),(39553,1521,'iRgIwB6afMDvR6fXLpUS4ReByc3k0FFp','2018-07-05 21:38:44','2018-07-05 21:38:44'),(39558,4435,'fGA0zGRPPVUMozvs2uIusdWCT38kJMv8','2018-07-06 19:59:02','2018-07-06 19:59:02'),(39560,1498,'wPkkVP1uFj2LOPy0c21zmJiRd7BMNA5M','2018-07-06 21:20:02','2018-07-06 21:20:02'),(39561,4435,'ulfxGwskw83McPK2orYDDWb7o1Hxhqs3','2018-07-09 14:09:47','2018-07-09 14:09:47'),(39563,4435,'6zYCq87ALQfTVhJItULrHx4u0lgouWj8','2018-07-09 17:14:55','2018-07-09 17:14:55'),(39564,1498,'lKooN8ePsRE8tvuVlshWMy118LfuIb0w','2018-07-09 18:22:24','2018-07-09 18:22:24'),(39565,1999,'2RjydTYxK0VLavP0ggy0I6ErwzH66Tjc','2018-07-09 19:28:00','2018-07-09 19:28:00'),(39566,2119,'pMlqt8mc3nFZhgV2GGHt5pfsDzzzEU5P','2018-07-09 21:25:41','2018-07-09 21:25:41'),(39567,1535,'fbDkYykBGK1yxv8y2B0ARXPZE5bZ1fPy','2018-07-10 03:17:43','2018-07-10 03:17:43'),(39569,1498,'GGUZ2wPFScNEJsg2R6cLJDmMZ9gfGjMC','2018-07-10 15:04:36','2018-07-10 15:04:36'),(39571,1498,'ZnZxndveOLOP8mMAMVsnQP2poA6tzMGo','2018-07-10 21:36:29','2018-07-10 21:36:29'),(39573,1498,'Oa7sfEed04lRMfYpBnEnKu7CMVuDwxF9','2018-07-11 13:52:30','2018-07-11 13:52:30'),(39574,2289,'nZId6isczbPC94z7JyLWDEWat9Hsb1KT','2018-07-11 19:23:52','2018-07-11 19:23:52'),(39575,1479,'lrjtchLTIpVNOweDmN5yEj1yJWZyplWM','2018-07-11 19:35:55','2018-07-11 19:35:55'),(39577,4435,'xitoqYGBYpfvcAFOq7jAPq1LRwUf9Uuz','2018-07-12 13:30:42','2018-07-12 13:30:42'),(39578,3064,'NynMIHE5Zn7d44jCxNe8YlTEoGAAmKrd','2018-07-12 16:32:43','2018-07-12 16:32:43'),(39579,4435,'eyYx7nHR6Lc8rCHEjB3rNXkufHuZQXwl','2018-07-12 16:45:28','2018-07-12 16:45:28'),(39581,1498,'SuVYYxq1kCnBJZHRtQML8cd656tOq86R','2018-07-12 20:20:37','2018-07-12 20:20:37'),(39582,2004,'T4ICQjsnAj0ZwBvXfh7d8023ikABYww8','2018-07-12 20:43:45','2018-07-12 20:43:45'),(39585,1498,'tOtFJTwLL1SXZtZQFt9z7unKLdHup7wh','2018-07-13 16:44:23','2018-07-13 16:44:23'),(39587,1498,'t5ePn5k4X7rHAk3kMIvIk2sZONKeMIix','2018-07-13 21:43:19','2018-07-13 21:43:19'),(39588,2228,'qPS3ze3g1ISo38U8qs76JPg8XCL4My90','2018-07-14 17:08:01','2018-07-14 17:08:01'),(39590,1498,'CMQPiGwAhz1g3Q5To6S5GSJ1xS4yV6lo','2018-07-16 13:50:27','2018-07-16 13:50:27'),(39591,2150,'E56VtM1yCOZXom2SDHz5cKhWZiys9ZaU','2018-07-16 16:43:36','2018-07-16 16:43:36'),(39592,3064,'h3SSHZWC858ix68jjTO8xfgwilJeDXcM','2018-07-16 19:07:46','2018-07-16 19:07:46'),(39593,2126,'Ksbm4cXDe8yQR0JwHhUkhN6B662dzpqn','2018-07-16 20:07:47','2018-07-16 20:07:47'),(39596,2004,'RbwiVDaVlfEKAnC5imVGNmHFvkGzI5Bi','2018-07-16 22:07:44','2018-07-16 22:07:44'),(39598,238,'k9DERSYwbSbkRnU5nboJIXkFUQQ76QQ7','2018-07-17 17:02:20','2018-07-17 17:02:20'),(39600,1498,'lgXtMzuFAhcY47TUgi7xaKQz0NWlld94','2018-07-17 21:22:46','2018-07-17 21:22:46'),(39601,1498,'1SjXRsMQwyRH6NaMVbDa8hQRX0RGXoG6','2018-07-18 13:32:56','2018-07-18 13:32:56'),(39603,2126,'2cYPOx16vDtBWfjRxqCmksZ0lG4pscui','2018-07-18 20:07:26','2018-07-18 20:07:26'),(39606,4435,'tqp7jZtQo80rD7uU64mBqPfrkqcZ7JDu','2018-07-19 19:14:05','2018-07-19 19:14:05'),(39609,1498,'k1nI1lg2iv3WgyHsYkn3GEzOEw8JuI4d','2018-07-20 13:41:19','2018-07-20 13:41:19'),(39610,2249,'YBdwFwn5XLSYTycGwxajHQQ27ZUgmgIl','2018-07-20 21:02:24','2018-07-20 21:02:24'),(39611,1989,'VAQLuOOCzQrwspvjIoocotlBDHNupkcy','2018-07-22 19:42:19','2018-07-22 19:42:19'),(39612,1330,'xxlSbIlqxUIVCT0Z0NYcRcpKM7hMUyOA','2018-07-23 20:58:55','2018-07-23 20:58:55'),(39613,4439,'qwQBClNDJpr8F4oI1N2ptIA5miWigzwp','2018-07-23 22:32:16','2018-07-23 22:32:16'),(39614,4439,'wg8pVUgCYnK7GkBohnWdY2yhUrJDy8vi','2018-07-24 17:53:36','2018-07-24 17:53:36'),(39615,1330,'MpMJnTYZpKEOQBuBxRxZm7MSvYDiz7AP','2018-07-26 17:25:20','2018-07-26 17:25:20'),(39617,1330,'Gws499bzz3fV9eiOK81wygPKsWTu84Ds','2018-07-30 15:16:34','2018-07-30 15:16:34'),(39618,2126,'F6R2y73csY3WESy2Uxfmjmu4v0AS5Szm','2018-07-30 19:40:51','2018-07-30 19:40:51'),(39619,2004,'0aJsgtDW3zv6VSuAzCDAIvP9FZ4nTnzr','2018-07-30 20:13:54','2018-07-30 20:13:54'),(39620,4439,'X04UnGpipJIMtgkrbuUAkcvhJHCDYSHI','2018-07-31 13:46:55','2018-07-31 13:46:55'),(39621,2004,'ciQLXvIU87xdhwe2z1pqwco4oicpEhBs','2018-08-02 14:51:04','2018-08-02 14:51:04'),(39623,1498,'QvhITMNkH1QlfFWaXPC4kbB2MP2ocPDa','2018-08-03 12:52:18','2018-08-03 12:52:18'),(39624,1999,'7DikxNSovi3Crk2WDpzXNz8afqBaDRsq','2018-08-03 13:39:18','2018-08-03 13:39:18'),(39625,1498,'KIVCdcT0Ghz2gustjMZsBcNLmkOHLIdL','2018-08-08 13:50:18','2018-08-08 13:50:18'),(39626,1330,'iWrWwEuocRsAGzseqwa7JdMZQKHqgW1h','2018-08-10 20:22:24','2018-08-10 20:22:24'),(39627,269,'rNS4HZ9uXxuwwPCUCA15zRZ1t0iloLKS','2018-08-12 19:20:31','2018-08-12 19:20:31'),(39628,269,'Xbx1bqTsk5drbE2MPVfxY1Yy5NSBV5RO','2018-08-12 21:47:46','2018-08-12 21:47:46'),(39629,4435,'FuW0xHwb5PeDdp8FCxOsCBoSrBET7fc7','2018-08-13 17:18:10','2018-08-13 17:18:10'),(39630,4435,'WFFBdWMTGVZEvmdk4qmfRDhffmtFR8LX','2018-08-14 16:27:25','2018-08-14 16:27:25'),(39631,4435,'RWlSnCWgrMk7sIHYiaPBtKB84zcT838F','2018-08-15 16:36:56','2018-08-15 16:36:56'),(39632,4435,'i50Guq8Y3kIjtBYNZhWP5kCB3ghmmgSI','2018-08-15 16:40:44','2018-08-15 16:40:44'),(39634,2004,'TdADG83a8LRKPmvL5Ru6JfAnGzDH6xuv','2018-08-17 15:57:34','2018-08-17 15:57:34'),(39635,4435,'RzTabai908nScYHal3lf5BBHamYDA3de','2018-08-20 13:40:39','2018-08-20 13:40:39'),(39638,2150,'23JLYT93RB0E48yWP8K3osPYFu39Arp1','2018-08-20 15:46:54','2018-08-20 15:46:54'),(39640,3370,'WBRKiGRze0iNBcFBTH80GTRDS0VFIfRO','2018-08-22 21:54:32','2018-08-22 21:54:32'),(39641,1992,'lZfBZIdFr41zOmYYnMZEEubmnqq9nfy9','2018-08-23 13:50:19','2018-08-23 13:50:19'),(39643,4435,'izMGRMXjSMLLQWZeWqT1ptlNu5Fpkdmd','2018-08-23 21:15:47','2018-08-23 21:15:47'),(39645,2035,'ZX23hUB4QqH7w5gkuuR8zh8BW4YC3fLS','2018-08-27 17:44:37','2018-08-27 17:44:37'),(39646,1363,'HGouypPqBd7CpwtpHcDGFtEWwQCLZFVi','2018-08-27 21:47:44','2018-08-27 21:47:44'),(39647,3064,'fSqQATogf5UlxZhz9UlAWYfiNv4N1Ghf','2018-08-28 20:33:36','2018-08-28 20:33:36'),(39648,4501,'jB5XISG7rxhyvFVAZxDgwCQAlBJI05K0','2018-08-28 23:03:54','2018-08-28 23:03:54'),(39649,4435,'m1tJghMl8yDEJaIT4R427f0F2ONAuaNf','2018-08-29 14:33:45','2018-08-29 14:33:45'),(39650,1992,'s0sO4xoXmspmrlSLGbRM1e4JkmzWfMrI','2018-08-29 18:35:15','2018-08-29 18:35:15'),(39651,1330,'d7OdJO7rciL0SFRMSQJg2z0TnLzBx7sy','2018-08-30 13:21:24','2018-08-30 13:21:24'),(39653,4435,'PAeRKVummV2fpEb9coGXfMGTWe3SccvG','2018-08-30 20:52:46','2018-08-30 20:52:46'),(39654,1066,'lBI5Clm3Hb1k6lWsymWMH4lyKhxJub8P','2018-08-30 23:44:21','2018-08-30 23:44:21'),(39655,177,'pHNcbm8PXkigvMW39XIDUB0yF7IgImJI','2018-08-31 16:50:55','2018-08-31 16:50:55'),(39656,4435,'awoUCrSN7Bm7f0qdxLPrrfHCfLTUFO4I','2018-08-31 19:05:11','2018-08-31 19:05:11'),(39658,2229,'FiF4l9QR7hKOQ17s6ROFhOI83h5j1Ufg','2018-09-03 16:39:04','2018-09-03 16:39:04'),(39659,2229,'Pwq3ICfB3FNK7vrryXyQgVTP3xzrZcxt','2018-09-03 16:39:08','2018-09-03 16:39:08'),(39662,4439,'73YrvQjG0ZUP9tLxtfyfrbBwiNId1037','2018-09-04 19:33:34','2018-09-04 19:33:34'),(39663,1994,'V3FL8Au20HShZwR7GjTP79Q6CPT9volW','2018-09-04 22:21:50','2018-09-04 22:21:50'),(39664,1992,'0PxowqzQt5ObXTVT0pLlNS9YlyenKPhA','2018-09-05 18:22:43','2018-09-05 18:22:43'),(39665,4485,'UHx5C606icV1XtIECAw30tK3tZ5isY28','2018-09-10 03:27:10','2018-09-10 03:27:10'),(39666,269,'SIxAnIoFeFWd5RDN9XsFPhoSSgHg0NUH','2018-09-10 21:38:45','2018-09-10 21:38:45'),(39669,4439,'nVBj93mYQOgOhA4DhmtsGPw6W5VjYqpj','2018-09-12 15:43:20','2018-09-12 15:43:20'),(39670,4439,'6OwaU1DCKB4jAdrmq4eZYlND3HCkN2X9','2018-09-13 13:36:14','2018-09-13 13:36:14'),(39671,2006,'JG0e4XEfwP8vD6V8n1JEYcpbzvJXsyhk','2018-09-14 19:53:36','2018-09-14 19:53:36'),(39672,4435,'8UwGz5sNl2tYvrIAt9jBfDTw0wp6wRS9','2018-09-18 17:25:23','2018-09-18 17:25:23'),(39674,2150,'c7BJ5SFcewlovNLWdJzzbcb2vx6uFUHL','2018-09-19 08:45:50','2018-09-19 08:45:50'),(39675,2150,'UJEHTSFHFd8jtm3uNCRU4qvOaaC62jO3','2018-09-19 13:27:58','2018-09-19 13:27:58'),(39678,1989,'b4ZuvhaHbrmUzDtwhAcsxSYK5WwbqT3w','2018-09-19 20:24:34','2018-09-19 20:24:34'),(39681,1999,'A9QVRdU2knp8fN7SFzEyeLRMCRoIrEYm','2018-09-19 22:51:48','2018-09-19 22:51:48'),(39682,1535,'fZf5lNws3nsOBp3ZWajvSkU0MRvFJpSV','2018-09-20 01:28:25','2018-09-20 01:28:25'),(39684,3064,'FjudOaCFysuTcVjnfGrC5NX4JYatuiiR','2018-09-20 15:30:14','2018-09-20 15:30:14'),(39686,2150,'zdk8GmMxFYHDyp34ILrGT3HbV9Q7VZIx','2018-09-21 01:17:12','2018-09-21 01:17:12'),(39687,2150,'3lvejrJuihK9Q73QSlZ55QxNqWnTOfB5','2018-09-21 01:17:13','2018-09-21 01:17:13'),(39688,1992,'1RDQPEJdEuvj8K5Q1mFNpGbSK8csIkAp','2018-09-26 13:04:51','2018-09-26 13:04:51'),(39691,3064,'AWubbrO76zB0KiulAx9tl1agnKPHDmba','2018-09-27 20:35:50','2018-09-27 20:35:50'),(39692,2150,'9YUFo5Ze0xNsNhmmCMZlbXRbw6RkpLRP','2018-09-28 13:35:59','2018-09-28 13:35:59'),(39693,2004,'WTsmYzLhaWEAtghPyZ3brnBMdyFYtVxl','2018-09-28 15:22:30','2018-09-28 15:22:30'),(39694,2229,'w0rZnk5afmC5mYgVtFfiwU2ROO1vCmd2','2018-09-28 21:06:28','2018-09-28 21:06:28'),(39695,4435,'a9Kf20ZyDP2EBAX6CaFxVLVK19brFRNT','2018-09-28 21:25:11','2018-09-28 21:25:11'),(39697,2229,'Hsu38miudCLcsmGAUdPVzEdJMCxEX6Oa','2018-10-02 13:22:50','2018-10-02 13:22:50'),(39698,257,'RJ32ohLvkjip6OYvQooLfc2KLRyaOLoK','2018-10-02 15:35:15','2018-10-02 15:35:15'),(39699,2004,'um8rt29i3Qw6QvWOFlOV9r9dnhP2K9uB','2018-10-03 16:15:03','2018-10-03 16:15:03'),(39700,2229,'JBw9K4sNLuGda1si7UW9t6CtXZ2JbEkq','2018-10-05 19:48:21','2018-10-05 19:48:21'),(39701,4439,'ZOSEBmVZo52J73Lc4HsHzglJ7eKA2XAC','2018-10-09 16:21:37','2018-10-09 16:21:37'),(39705,1992,'pa5YnsfAX8kloWthZJyYvngyeoPfuk9s','2018-10-12 20:19:18','2018-10-12 20:19:18'),(39706,47,'qQ4ER51tiZJpb9DtmktQkC5l11FGyvGn','2018-10-15 14:11:51','2018-10-15 14:11:51'),(39707,47,'CK4ynAiHae0MRMXwmXQc8bBnjgCaY1VM','2018-10-15 17:54:47','2018-10-15 17:54:47'),(39708,1999,'6eLLBRwyj3Nqa8x6WsaC4Oei1YeEIVTf','2018-10-15 23:10:55','2018-10-15 23:10:55'),(39709,1992,'vp9Xhr8UIqqTUSGB9ZdXMWrlcwgkKlvB','2018-10-15 23:24:17','2018-10-15 23:24:17'),(39710,4439,'yJ8bl6H3MPj3VCsJf0FLJzdvpMeDPVfq','2018-10-16 15:00:19','2018-10-16 15:00:19'),(39711,1999,'MITWowHeAi8kl1lChgEJWTmDEG3SWQ8X','2018-10-18 20:00:12','2018-10-18 20:00:12'),(39712,2005,'xooGrJXxV4d4kuvK8HjKSKmthlevzqfP','2018-10-19 13:54:19','2018-10-19 13:54:19'),(39713,4439,'FoFKG2l9clAs2066X6UjB42uL0BqGzDE','2018-10-19 14:01:02','2018-10-19 14:01:02'),(39714,1992,'rUemtZito2WfgLcQ0i2tSYmqe2w3YKcG','2018-10-19 16:51:12','2018-10-19 16:51:12'),(39715,4435,'gAu4h8nsZE3nV08PpQ0FDt7RNvIAljbT','2018-10-22 19:42:11','2018-10-22 19:42:11'),(39716,1992,'nujzEVJG9FrfGOO6W3Po8lw5DFhkEwmk','2018-10-23 14:33:30','2018-10-23 14:33:30'),(39718,2001,'udvYfQBCPGAe9iSMXjjHMChh1jcKYFVY','2018-10-23 18:34:42','2018-10-23 18:34:42'),(39720,1999,'MoU9cLDbYGlM5eO5SpW6CZraNBFL6WxS','2018-10-26 20:31:46','2018-10-26 20:31:46'),(39721,2035,'4jfaqP6z8TBGKB3O1pjIXGJ3ZpPBUxIu','2018-10-29 02:27:41','2018-10-29 02:27:41'),(39723,526,'6dgYu2DMfZbLtgGIvMdQkVCIBq2FdLvA','2018-10-30 19:36:54','2018-10-30 19:36:54'),(39729,1994,'5DdWrlA5D4tzABCmj4fBlf87xsgRHsMP','2018-11-01 19:28:29','2018-11-01 19:28:29'),(39730,1989,'HLFWj5Uzd9W0KFFroUg9vgUU6hmRwpHT','2018-11-03 13:12:40','2018-11-03 13:12:40'),(39731,2001,'O32Kbr9QnRYn8aJvocuoJrSL2fH57Ha4','2018-11-04 03:37:15','2018-11-04 03:37:15'),(39732,4439,'kn3DpoA3uax0zQrHUog0JKdwjDJ2HFbr','2018-11-05 20:51:55','2018-11-05 20:51:55'),(39737,320,'V6QmgRvO7LW4dEDGxxGSGCgtWxaiUL6R','2018-11-06 22:52:08','2018-11-06 22:52:08'),(39740,783,'182tanhqtZpqaKXm9jq0p9cuAVIourjJ','2018-11-07 01:44:50','2018-11-07 01:44:50'),(39743,1330,'Ovfz8hjY4IRYvimbWnz9U5vLC5rM4UIi','2018-11-09 16:36:54','2018-11-09 16:36:54'),(39744,329,'4bnxyXLAxLm5mDT9R9ESWW8mWBq8C7xx','2018-11-09 17:18:28','2018-11-09 17:18:28'),(39745,1757,'QXzKjWrMDlMBwmP6DIrl47vlaCIfYpHg','2018-11-09 20:22:42','2018-11-09 20:22:42'),(39746,1757,'uGwbGeqwnBQsXeKY8heSwU50JjDYVdmq','2018-11-09 20:22:44','2018-11-09 20:22:44'),(39747,1757,'wJ3KL0Q9BikpxywcjOYwmojlq1oehhmD','2018-11-09 20:22:45','2018-11-09 20:22:45'),(39751,47,'ffBVDd43USrBSntHwyOOaHUKbglyWi8e','2018-11-12 22:41:51','2018-11-12 22:41:51'),(39752,430,'TvMSu5T9l4UX6OJBeagCy5bMLjvinuhV','2018-11-15 02:32:41','2018-11-15 02:32:41'),(39754,4439,'BFuqREOgLj4z86gc1PgDPmkVHi6M4ceA','2018-11-15 16:51:47','2018-11-15 16:51:47'),(39755,3064,'gCjKNtRgWCDsL36nADAJpubuLU0ofV2s','2018-11-16 14:28:39','2018-11-16 14:28:39'),(39756,3064,'AfnDVYh5AplAmIxbzPDuswtNAEBz2ksT','2018-11-16 18:12:11','2018-11-16 18:12:11'),(39757,3064,'qZaJlkaC0R3wunF99tnSt0XjDgGNdwyB','2018-11-16 21:53:17','2018-11-16 21:53:17'),(39758,2229,'x3lJ07hmijXSHmzuXiSews6iUbHM9hUA','2018-11-17 18:25:33','2018-11-17 18:25:33'),(39759,4435,'9NPywn9suTQAXbY9Rexa2O6WKhvBxVxg','2018-11-21 20:58:07','2018-11-21 20:58:07'),(39760,1567,'GLPMOspSTXJF4JhxJnyg8nqpR2q5tUSW','2018-11-23 13:36:43','2018-11-23 13:36:43'),(39762,4439,'UvoCPcyvIuQy49m2FY0znRmxjTdb6V0b','2018-11-26 16:38:42','2018-11-26 16:38:42'),(39763,2004,'22jb7mk5tmDJ4shhEQO6AI8iPdeguLEg','2018-11-26 19:15:33','2018-11-26 19:15:33'),(39764,4439,'QwMf4LdcQx5qyffUrT3KB4L69XGcBZTg','2018-11-26 21:05:15','2018-11-26 21:05:15'),(39765,4439,'nYnKaIGxfh6We89vMe6RRncD6WUZ0wd5','2018-11-29 17:46:37','2018-11-29 17:46:37'),(39767,3064,'fMcfpQuT1VFPXQpgiiBK5RdH8DsDHF75','2018-11-30 15:34:47','2018-11-30 15:34:47'),(39768,2228,'yan5edn5P5RyEuX2E12CjsrYn5OwsMYD','2018-12-01 18:08:54','2018-12-01 18:08:54'),(39769,1992,'VscgYUAm1kBa0ByhncbZf2F1wE0lnZJ0','2018-12-01 19:04:39','2018-12-01 19:04:39'),(39772,1330,'6Xt7hsjpEKYBxXIXBIzochvhX8BbLKoF','2018-12-04 14:25:04','2018-12-04 14:25:04'),(39773,1994,'4YSphrRzwTg01v4TyUe6vSP9OI4nizwP','2018-12-05 21:29:19','2018-12-05 21:29:19'),(39774,2004,'RceFKPByL6NoN3zjEcnQf2SDxtWPhq2z','2018-12-05 23:00:55','2018-12-05 23:00:55'),(39775,2004,'nEEmqoOOjxpHBciZwnGovX9YY0EVahg6','2018-12-05 23:00:56','2018-12-05 23:00:56'),(39776,4439,'RKZv7glutHT43da7y1NOMkDzNb80nTDF','2018-12-06 17:29:57','2018-12-06 17:29:57'),(39778,2006,'65WINXg67kP4b0FLpP6CM6GXNca93aE7','2019-02-28 16:59:41','2019-02-28 16:59:41'),(39779,2006,'v8yECmpVCX6qiGV5WcGV592umEuAaV0A','2019-05-13 11:56:29','2019-05-13 11:56:29'),(39780,2005,'zrUzWNifwCA1ZyVhQhstHqkycDqVh10h','2019-05-13 12:07:08','2019-05-13 12:07:08'),(39781,1994,'Tu83Vuq2MfRQPr6rNredGjm8DA2a8pNQ','2019-05-13 12:07:46','2019-05-13 12:07:46'),(39786,1994,'mcI85kTx6o4kweG7D6qAnkQ6QsoC2Bov','2019-05-23 14:13:12','2019-05-23 14:13:12'),(39787,2005,'Y4io7qzy4A07ZlIs3JsGeizYLB2tLCKU','2019-05-30 12:56:24','2019-05-30 12:56:24'),(39790,1,'82xZXl0n5dh6b3S605VbOVmdfTerDwsk','2019-05-30 19:34:43','2019-05-30 19:34:43'),(39791,1992,'yAJBlRgg2iU2KBJhA9J0WOHCDzDxBSn0','2019-06-04 10:20:53','2019-06-04 10:20:53'),(39793,2005,'YlRL64qNZAuoh6g2Oq7XbLUPEHt4pC1z','2019-07-29 10:15:15','2019-07-29 10:15:15'),(39794,2006,'Gu7O7ResI3YRYck0IZvXYsD9uWK6kBDy','2019-08-21 16:45:37','2019-08-21 16:45:37'),(39796,1,'qR94oX7apIxW8tqgMIqGlaS6ZM6s8Lle','2019-08-21 22:01:34','2019-08-21 22:01:34'),(39797,1,'ZMxJV2DAaXHAQ2InIz323ZF16lmDY84E','2019-08-21 22:08:21','2019-08-21 22:08:21'),(39798,1,'OEo2d3Yezc3MjVMVhm5xI9mpNyb1dFgq','2019-08-22 11:10:21','2019-08-22 11:10:21'),(39799,1,'g9gN3K9Dp47MSzhsPNmwhqnnntpsvfUz','2019-08-22 12:54:49','2019-08-22 12:54:49'),(39800,1,'zXs6PBfgsdwRXU1jyGth7q3YCjYIaxWa','2019-08-23 10:56:13','2019-08-23 10:56:13'),(39801,1,'D4IMwr2lf5gOmDKElkvzd0lhlV6toAzp','2019-08-23 15:44:39','2019-08-23 15:44:39'),(39802,1,'HtFhBCR4THZlxHgtLWZhjoEcJYsS9mpZ','2019-08-23 16:39:42','2019-08-23 16:39:42'),(39803,1,'tovIXVnoeSgIbjtodsL71R8au9RBnGKo','2019-08-26 08:13:40','2019-08-26 08:13:40'),(39805,1,'EcRuBqsPEfrP2WW08nVFQUzq0sTyL85A','2019-08-27 15:34:05','2019-08-27 15:34:05'),(39806,1,'qUWHVNT9uSMizCwdFbSRshN8qgBcj6El','2019-08-27 15:35:24','2019-08-27 15:35:24'),(39807,1,'zGhFTntQw8sxRMnm3Rok2aq54aBzdCKE','2019-08-27 15:38:41','2019-08-27 15:38:41'),(39808,1,'J6BRQArBvsN6pHa47cYFmKXbPHcQ1l5p','2019-08-27 16:20:28','2019-08-27 16:20:28'),(39809,1,'VQDP5TwlJ4IW7p1NVw93S84bS8MsFMSd','2019-08-27 16:20:42','2019-08-27 16:20:42'),(39810,1,'aF6y0kAnaxVhRtAeUHh0cjuvPf5FYcal','2019-08-27 16:22:53','2019-08-27 16:22:53'),(39811,1,'vydc3bh1yYNk1TfiLbIV14tc1aE8VMAx','2019-08-27 16:27:03','2019-08-27 16:27:03'),(39812,1,'ihn8r63DD8bmC9vgALdoU0GFBAweTrxw','2019-08-27 16:28:04','2019-08-27 16:28:04'),(39813,1,'Og4N9Qn6WpMbdvuaYzq7FyCr36tpfGVd','2019-08-28 08:19:16','2019-08-28 08:19:16'),(39814,1,'eNT2EbwiUXnaJuq2Cny3b0LCTYyl0Y1k','2019-08-29 11:52:55','2019-08-29 11:52:55'),(39815,1,'ikaBzHCYLuFh2JnHd1Hd8qszo06GuSra','2019-08-30 09:32:26','2019-08-30 09:32:26'),(39816,1,'JidIgt2ve5Aa0KQhcABD30QAXRuchFvS','2019-08-30 15:07:39','2019-08-30 15:07:39'),(39817,1,'ewISnRGRKygveTBpM0a4ulPpT538YoY7','2019-09-04 12:37:54','2019-09-04 12:37:54'),(39818,1,'iaPSM7nyouA1MbicZfDqpO3KSJVUCyhk','2019-09-04 14:50:51','2019-09-04 14:50:51'),(39819,1,'5FCeILMDIBeUghauY7DGF0NfvNJAAj6C','2019-09-04 15:12:52','2019-09-04 15:12:52'),(39820,1,'OO9eWCw95IuFekdZ09qP1rA01Kz1h6tZ','2019-09-05 16:27:51','2019-09-05 16:27:51'),(39821,1,'JFPGshktIAdg6TEP6hdKjOV3xzYfM5O8','2019-09-05 16:39:38','2019-09-05 16:39:38'),(39822,1,'dJTyNTdrU3yuKeF1QOMKNVKOoh0al38f','2019-09-06 08:31:07','2019-09-06 08:31:07'),(39826,1,'7aL3MaRCHFxoWxXTPNJQE2S5fO4T6PRD','2019-09-06 12:08:48','2019-09-06 12:08:48'),(39828,1,'5eiZoMjSIoVDYmoCVnClhQ1UZPWN3H5u','2019-09-06 12:26:19','2019-09-06 12:26:19'),(39831,2,'73tlhGGFdaH3srT5fW5kcNW6tpFNFnQ6','2019-09-06 12:41:15','2019-09-06 12:41:15'),(39832,1,'XEiLInF6zWKwBoxXaRKjeRmUzUuaxf1P','2019-09-09 08:34:58','2019-09-09 08:34:58'),(39833,1,'zkfFNyqZnsrzRwcbqSi9F0VRLvZwYj6P','2019-09-09 11:54:01','2019-09-09 11:54:01'),(39834,1,'PdKNZ0dX6gu8LrA0vdwmyS2bKc5yhymy','2019-09-09 12:57:01','2019-09-09 12:57:01'),(39835,1,'KWb1YnvQJvqwU7tKcfqFg8CAPKP8IhFa','2019-09-09 12:58:32','2019-09-09 12:58:32'),(39836,1,'jLCQBr2Lsk8vr4foluHnAzJKPdSPKlfc','2019-09-09 15:12:31','2019-09-09 15:12:31'),(39837,1,'wMPNwfNyWCSVwEMizBvt5lWNR0mzpsXa','2019-09-09 15:31:02','2019-09-09 15:31:02'),(39838,1,'zlHkuEmExwyEfq7Cf6F05lOw9FJrGkyq','2019-09-09 16:16:54','2019-09-09 16:16:54'),(39840,1,'0fPARTp2At5E2hMik2s28VH8keXj1Ej9','2019-09-09 16:30:36','2019-09-09 16:30:36'),(39843,1,'fyuDh1CFvWVHUVxw5zqMHP5WQY2lSk2b','2019-09-09 21:15:09','2019-09-09 21:15:09'),(39844,1,'Bq8qVwhFFwCjYMYYPQzBGVVZNPNj5Ulb','2019-09-09 21:21:41','2019-09-09 21:21:41'),(39845,1,'UridIs6uv5C4Qb9L8zGk0YPYjx5TM9is','2019-09-09 21:50:04','2019-09-09 21:50:04'),(39846,1,'Y5OSUKtl61OuOjzMUaNkGVfSAd6Wchv2','2019-09-10 13:19:18','2019-09-10 13:19:18'),(39847,1,'Jfk6Q7tYwwhaSv4SSbCJ85yyjyiyT1F2','2019-09-11 22:18:23','2019-09-11 22:18:23'),(39848,1,'Mhr3n8QCWvRowBzVNk4GxOKP7JfdmGIu','2019-09-19 19:51:15','2019-09-19 19:51:15'),(39849,1,'BXsuJfCYmoYFAj41g8bR9Cv9lSZPrXsc','2019-09-23 08:46:00','2019-09-23 08:46:00'),(39850,1,'lAFdPi4UDevwf3T7b8kky7fWf70S7Ogq','2019-10-02 07:17:08','2019-10-02 07:17:08'),(39852,1,'awMdizHkSIlePrXifBU0XIeqgzSmJlxI','2019-10-07 14:08:36','2019-10-07 14:08:36'),(39853,1,'E8ol7CFTiATbCQNUyb0egN05rra7SKSn','2019-10-07 16:04:49','2019-10-07 16:04:49'),(39854,1,'HwO6E23Tyo7lMRKuiDg9SJWAgM5Eu1Mx','2019-10-08 08:34:12','2019-10-08 08:34:12'),(39855,1,'ZZ1PZGQENfUTWxbOyLVNJxufo3GgEDEw','2019-10-08 22:33:59','2019-10-08 22:33:59'),(39856,1,'i4XKfrpVvJzWadxJPsPO2kMt6p1BntnD','2019-10-08 22:35:03','2019-10-08 22:35:03'),(39857,1,'ZTSb1oSIiL2CzGX73yZ0kko0MUHofgDl','2019-10-09 07:56:02','2019-10-09 07:56:02'),(39858,1,'IfacXHkbvJHQjo2PqiCaHH08l6LQWxtm','2019-10-09 09:47:15','2019-10-09 09:47:15'),(39859,1,'InfCgefJoemH50Mvf8kIlCZK33EHUboh','2019-10-10 18:48:03','2019-10-10 18:48:03'),(39860,1,'DaEZoRYUg5aV9bvXnLICLBr84fug3iWP','2019-10-10 18:48:04','2019-10-10 18:48:04'),(39861,1,'YMPRmOMxzpoYLryAnbIKTVaRKIaIVcvi','2019-10-10 19:11:49','2019-10-10 19:11:49'),(39862,1,'kHSW5I9nVSDbCIvxYtBAqFBwsoOZYNcj','2019-10-10 19:11:50','2019-10-10 19:11:50'),(39863,1,'eWkpGodqmcZFdrszltNOiMC4F4BbWrTl','2019-10-10 19:11:58','2019-10-10 19:11:58'),(39864,1,'269k5JlHXJ4G3VwNYo92Ve5I3T0lHJMg','2019-10-11 21:20:26','2019-10-11 21:20:26'),(39865,1,'xU2pc78iJLiu1in4jg6KlJohnp2WpBqC','2019-10-14 00:42:29','2019-10-14 00:42:29'),(39866,1,'yexACMi4KUZP7we6azONQs18tTb3UsbG','2019-10-14 04:35:36','2019-10-14 04:35:36'),(39868,1,'7TXjeSn2u1t5ozux5O3qsOhcH2yV5w7x','2019-10-14 05:02:29','2019-10-14 05:02:29'),(39869,3,'HO8CdDK6INAHILG6rQwRoZNrC7hujKkQ','2019-10-14 08:07:55','2019-10-14 08:07:55'),(39870,1,'52J4JgaK1Pq6hUAjPozsIl12UwagAbAu','2019-10-14 08:42:11','2019-10-14 08:42:11'),(39871,3,'dMxYnEtstW0CsAjoiLQAIXQt7Auz72k1','2019-10-21 10:16:54','2019-10-21 10:16:54'),(39873,1,'hhkoRTgzcxjO4QelXnNXdRGHmd5mBe07','2019-10-21 14:02:37','2019-10-21 14:02:37'),(39874,1,'k2LLG3JjT2mZYxULoC9NbJn7pz0ozYVU','2019-10-21 14:10:11','2019-10-21 14:10:11'),(39876,1,'7wXk2yz33yWhHwxhlwGkznMg7xaMnjhG','2019-10-21 17:58:22','2019-10-21 17:58:22'),(39877,1,'qWNHmXyxJAr6ZDZia5kBo6izLso8WTsu','2019-10-21 21:21:35','2019-10-21 21:21:35'),(39878,1,'iHvtrx7gSj3a0xpsHYKkw4WV2svWkkn9','2019-10-24 08:41:40','2019-10-24 08:41:40'),(39879,1,'xslpBsEW32Tu5a2VDfLEXJ6XFDBJfLAf','2019-10-26 21:09:12','2019-10-26 21:09:12'),(39880,1,'DawsKY67WfJmgEMdu5WEaOmfp4CCkRKF','2019-10-27 06:32:40','2019-10-27 06:32:40'),(39881,1,'30GVBdssLM05Rj0xJUPenAnSG1amlOTc','2019-10-27 18:28:16','2019-10-27 18:28:16'),(39882,1,'V0L6KZTU5wmT0MUHUF89HW49jJcUdDSd','2019-10-28 08:24:38','2019-10-28 08:24:38'),(39883,1,'OFdJWabVNy2y0jJ2fTykWOAnJB5QUzLw','2019-10-28 21:47:15','2019-10-28 21:47:15'),(39884,1,'ckgTFWXHvWaIWxrokWDKl5BJzV2u1tEm','2019-10-29 07:34:37','2019-10-29 07:34:37'),(39885,3,'8CXyPRXeY4Rq5yzWI7qnapHyP70TC5Km','2019-10-30 07:46:26','2019-10-30 07:46:26'),(39886,3,'twXotG8ae94Mx6i1gpEJQ70Kw67HO0Ws','2019-10-30 15:59:48','2019-10-30 15:59:48'),(39887,1,'taz1HjCGPNpbV35vbFbPuQXEYwJQfM83','2019-10-31 04:36:48','2019-10-31 04:36:48'),(39888,1,'HbCFnszM0jyQH0X6ve492cnFU9ioLjMn','2019-10-31 08:51:19','2019-10-31 08:51:19'),(39889,1,'BNnmyhPTXJ4qbtibmRiHZScULD5DuRjd','2019-11-01 01:49:51','2019-11-01 01:49:51'),(39890,1,'KprKjq7ZFqGccd0AtSahydf4UjNIMFiB','2019-11-02 19:14:31','2019-11-02 19:14:31'),(39891,1,'HCdNlKjZoBsppTZqN3OGAvH2g2M4N27e','2019-11-02 21:02:24','2019-11-02 21:02:24'),(39892,1,'yvtvbyATo4lWEpHdQJYvALUzknPjPhfD','2019-11-06 15:25:18','2019-11-06 15:25:18'),(39893,1,'IgH3edLyG8LGqi3sGo9lMor5TjKAeUui','2019-11-08 07:50:42','2019-11-08 07:50:42'),(39894,1,'yrnTyqP6fW7YDfhzyfUAPlP8Rs5Yoavc','2019-11-09 15:07:25','2019-11-09 15:07:25'),(39895,1,'lnryG8J4H3heHEnbxtmd3xvtiYdCY0Zd','2019-11-12 07:07:59','2019-11-12 07:07:59'),(39896,1,'QR1aTz9KMBNxzhIZqjE2SLXcPD1Y8OKj','2019-11-12 07:33:43','2019-11-12 07:33:43');
/*!40000 ALTER TABLE `persistences` ENABLE KEYS */;
UNLOCK TABLES;

--
-- Table structure for table `policy`
--

DROP TABLE IF EXISTS `policy`;
/*!40101 SET @saved_cs_client     = @@character_set_client */;
/*!40101 SET character_set_client = utf8 */;
CREATE TABLE `policy` (
  `policy_id` int(11) NOT NULL AUTO_INCREMENT,
  `created_dt` datetime DEFAULT NULL,
  `end_date` datetime DEFAULT NULL,
  `lock_flag` int(11) DEFAULT NULL,
  `policy_name` varchar(255) DEFAULT NULL,
  `policy_type_id` int(11) DEFAULT NULL,
  `start_date` datetime DEFAULT NULL,
  `status` int(11) DEFAULT NULL,
  `updated_dt` datetime DEFAULT NULL,
  PRIMARY KEY (`policy_id`)
) ENGINE=InnoDB DEFAULT CHARSET=latin1;
/*!40101 SET character_set_client = @saved_cs_client */;

--
-- Dumping data for table `policy`
--

LOCK TABLES `policy` WRITE;
/*!40000 ALTER TABLE `policy` DISABLE KEYS */;
/*!40000 ALTER TABLE `policy` ENABLE KEYS */;
UNLOCK TABLES;

--
-- Table structure for table `policy_type`
--

DROP TABLE IF EXISTS `policy_type`;
/*!40101 SET @saved_cs_client     = @@character_set_client */;
/*!40101 SET character_set_client = utf8 */;
CREATE TABLE `policy_type` (
  `policy_type_id` int(11) NOT NULL AUTO_INCREMENT,
  `lock_flag` int(11) DEFAULT NULL,
  `policy_type_name` varchar(255) DEFAULT NULL,
  PRIMARY KEY (`policy_type_id`)
) ENGINE=InnoDB DEFAULT CHARSET=latin1;
/*!40101 SET character_set_client = @saved_cs_client */;

--
-- Dumping data for table `policy_type`
--

LOCK TABLES `policy_type` WRITE;
/*!40000 ALTER TABLE `policy_type` DISABLE KEYS */;
/*!40000 ALTER TABLE `policy_type` ENABLE KEYS */;
UNLOCK TABLES;

--
-- Table structure for table `quiz`
--

DROP TABLE IF EXISTS `quiz`;
/*!40101 SET @saved_cs_client     = @@character_set_client */;
/*!40101 SET character_set_client = utf8 */;
CREATE TABLE `quiz` (
  `quiz_id` int(11) NOT NULL AUTO_INCREMENT,
  `quiz_name` varchar(255) DEFAULT NULL,
  `status` int(1) DEFAULT NULL,
  `created_dt` datetime DEFAULT NULL,
  `updated_dt` datetime DEFAULT NULL,
  `lock_flag` int(11) DEFAULT NULL,
  PRIMARY KEY (`quiz_id`)
) ENGINE=InnoDB DEFAULT CHARSET=latin1;
/*!40101 SET character_set_client = @saved_cs_client */;

--
-- Dumping data for table `quiz`
--

LOCK TABLES `quiz` WRITE;
/*!40000 ALTER TABLE `quiz` DISABLE KEYS */;
/*!40000 ALTER TABLE `quiz` ENABLE KEYS */;
UNLOCK TABLES;

--
-- Table structure for table `quiz_owners`
--

DROP TABLE IF EXISTS `quiz_owners`;
/*!40101 SET @saved_cs_client     = @@character_set_client */;
/*!40101 SET character_set_client = utf8 */;
CREATE TABLE `quiz_owners` (
  `quiz_id` int(11) DEFAULT NULL,
  `owner_type_id` int(2) DEFAULT NULL,
  `owner_id` int(11) DEFAULT NULL,
  `id` bigint(20) NOT NULL,
  `lock_flag` int(11) DEFAULT NULL
) ENGINE=InnoDB DEFAULT CHARSET=latin1;
/*!40101 SET character_set_client = @saved_cs_client */;

--
-- Dumping data for table `quiz_owners`
--

LOCK TABLES `quiz_owners` WRITE;
/*!40000 ALTER TABLE `quiz_owners` DISABLE KEYS */;
/*!40000 ALTER TABLE `quiz_owners` ENABLE KEYS */;
UNLOCK TABLES;

--
-- Table structure for table `reminders`
--

DROP TABLE IF EXISTS `reminders`;
/*!40101 SET @saved_cs_client     = @@character_set_client */;
/*!40101 SET character_set_client = utf8 */;
CREATE TABLE `reminders` (
  `id` int(10) unsigned NOT NULL AUTO_INCREMENT,
  `user_id` int(10) unsigned NOT NULL,
  `code` varchar(255) COLLATE utf8_unicode_ci NOT NULL,
  `completed` tinyint(1) NOT NULL DEFAULT '0',
  `completed_at` timestamp NULL DEFAULT NULL,
  `created_at` timestamp NULL DEFAULT NULL,
  `updated_at` timestamp NULL DEFAULT NULL,
  PRIMARY KEY (`id`) USING BTREE
) ENGINE=InnoDB DEFAULT CHARSET=utf8 COLLATE=utf8_unicode_ci ROW_FORMAT=COMPACT;
/*!40101 SET character_set_client = @saved_cs_client */;

--
-- Dumping data for table `reminders`
--

LOCK TABLES `reminders` WRITE;
/*!40000 ALTER TABLE `reminders` DISABLE KEYS */;
/*!40000 ALTER TABLE `reminders` ENABLE KEYS */;
UNLOCK TABLES;

--
-- Table structure for table `resource_type`
--

DROP TABLE IF EXISTS `resource_type`;
/*!40101 SET @saved_cs_client     = @@character_set_client */;
/*!40101 SET character_set_client = utf8 */;
CREATE TABLE `resource_type` (
  `resource_type_id` int(11) NOT NULL AUTO_INCREMENT,
  `resource_type_name` varchar(50) DEFAULT NULL,
  PRIMARY KEY (`resource_type_id`)
) ENGINE=InnoDB AUTO_INCREMENT=6 DEFAULT CHARSET=latin1;
/*!40101 SET character_set_client = @saved_cs_client */;

--
-- Dumping data for table `resource_type`
--

LOCK TABLES `resource_type` WRITE;
/*!40000 ALTER TABLE `resource_type` DISABLE KEYS */;
INSERT INTO `resource_type` VALUES (1,'lesson'),(2,'module'),(3,'course'),(4,'division'),(5,'university');
/*!40000 ALTER TABLE `resource_type` ENABLE KEYS */;
UNLOCK TABLES;

--
-- Table structure for table `role`
--

DROP TABLE IF EXISTS `role`;
/*!40101 SET @saved_cs_client     = @@character_set_client */;
/*!40101 SET character_set_client = utf8 */;
CREATE TABLE `role` (
  `role_id` int(11) NOT NULL AUTO_INCREMENT,
  `role_name` varchar(255) DEFAULT NULL,
  `resource_type_id` int(11) DEFAULT NULL,
  `resource_id` int(11) DEFAULT NULL,
  `lock_flag` int(11) DEFAULT NULL,
  PRIMARY KEY (`role_id`)
) ENGINE=InnoDB AUTO_INCREMENT=4 DEFAULT CHARSET=latin1;
/*!40101 SET character_set_client = @saved_cs_client */;

--
-- Dumping data for table `role`
--

LOCK TABLES `role` WRITE;
/*!40000 ALTER TABLE `role` DISABLE KEYS */;
INSERT INTO `role` VALUES (1,'Admin',5,1,NULL),(2,'Data Entry Operator',5,1,NULL),(3,'Mobile User',5,1,NULL);
/*!40000 ALTER TABLE `role` ENABLE KEYS */;
UNLOCK TABLES;

--
-- Table structure for table `role_scopes`
--

DROP TABLE IF EXISTS `role_scopes`;
/*!40101 SET @saved_cs_client     = @@character_set_client */;
/*!40101 SET character_set_client = utf8 */;
CREATE TABLE `role_scopes` (
  `role_id` int(11) DEFAULT NULL,
  `scope` varchar(20) DEFAULT NULL
) ENGINE=InnoDB DEFAULT CHARSET=latin1;
/*!40101 SET character_set_client = @saved_cs_client */;

--
-- Dumping data for table `role_scopes`
--

LOCK TABLES `role_scopes` WRITE;
/*!40000 ALTER TABLE `role_scopes` DISABLE KEYS */;
INSERT INTO `role_scopes` VALUES (1,'create'),(1,'update'),(1,'read'),(1,'delete'),(2,'read'),(2,'create');
/*!40000 ALTER TABLE `role_scopes` ENABLE KEYS */;
UNLOCK TABLES;

--
-- Table structure for table `role_users`
--

DROP TABLE IF EXISTS `role_users`;
/*!40101 SET @saved_cs_client     = @@character_set_client */;
/*!40101 SET character_set_client = utf8 */;
CREATE TABLE `role_users` (
  `user_id` int(10) unsigned NOT NULL,
  `role_id` int(10) unsigned NOT NULL,
  `created_at` timestamp NULL DEFAULT NULL,
  `updated_at` timestamp NULL DEFAULT NULL,
  PRIMARY KEY (`user_id`,`role_id`) USING BTREE
) ENGINE=InnoDB DEFAULT CHARSET=utf8 COLLATE=utf8_unicode_ci ROW_FORMAT=COMPACT;
/*!40101 SET character_set_client = @saved_cs_client */;

--
-- Dumping data for table `role_users`
--

LOCK TABLES `role_users` WRITE;
/*!40000 ALTER TABLE `role_users` DISABLE KEYS */;
INSERT INTO `role_users` VALUES (1,2,'2018-02-23 17:00:57','2018-02-23 17:00:57'),(3,3,'2019-09-06 11:10:38','2019-09-06 11:10:38'),(4,3,'2019-10-28 22:24:21','2019-10-28 22:24:21'),(5,3,'2019-10-29 07:39:25','2019-10-29 07:39:25'),(6,3,'2019-10-31 04:42:15','2019-10-31 04:42:15');
/*!40000 ALTER TABLE `role_users` ENABLE KEYS */;
UNLOCK TABLES;

--
-- Table structure for table `roles`
--

DROP TABLE IF EXISTS `roles`;
/*!40101 SET @saved_cs_client     = @@character_set_client */;
/*!40101 SET character_set_client = utf8 */;
CREATE TABLE `roles` (
  `id` int(10) unsigned NOT NULL AUTO_INCREMENT,
  `slug` varchar(255) COLLATE utf8_unicode_ci NOT NULL,
  `name` varchar(255) COLLATE utf8_unicode_ci NOT NULL,
  `permissions` text COLLATE utf8_unicode_ci,
  `created_by` int(20) DEFAULT NULL,
  `created_at` timestamp NULL DEFAULT NULL,
  `updated_at` timestamp NULL DEFAULT NULL,
  PRIMARY KEY (`id`) USING BTREE,
  UNIQUE KEY `roles_slug_unique` (`slug`) USING BTREE
) ENGINE=InnoDB AUTO_INCREMENT=4 DEFAULT CHARSET=utf8 COLLATE=utf8_unicode_ci ROW_FORMAT=COMPACT;
/*!40101 SET character_set_client = @saved_cs_client */;

--
-- Dumping data for table `roles`
--

LOCK TABLES `roles` WRITE;
/*!40000 ALTER TABLE `roles` DISABLE KEYS */;
INSERT INTO `roles` VALUES (1,'registered','Registered','{\"index\":true,\"user\":true,\"category.add\":true,\"category.list\":true,\"category.edit\":true,\"category.delete\":true,\"category.get-category\":true,\"category.category-hierachy\":true,\"category.get-ground-category\":true,\"category.main-category\":true,\"family.add\":true,\"family.delete\":true,\"family.edit\":true,\"family.get-family\":true,\"family.list\":true,\"product.add\":true,\"product.delete\":true,\"product.edit\":true,\"product.list\":true,\"front\":true,\"my-account\":true,\"get-wishlist-view\":true,\"get-wishlist-category\":true,\"create-new-wishlist\":true,\"create-new-wishlist-category\":true,\"add-to-wishlist\":true,\"get-wishlist-products\":true,\"remove-wishlist-product\":true,\"wishlist\":true,\"price.type.add\":true,\"price.type.edit\":true,\"price.standerd.add\":true,\"price.standerd.json.list\":true,\"price.standerd.json.family.list\":true,\"price.custom.json.userList\":true,\"add-quotation\":true,\"quotation\":true,\"quotation-history\": true,\"quotation-history.delete\":true,\"autocomplete-ajax\": true,\"guidelines\":true,\"send-feedback\":true}',1,'2015-10-26 03:46:31','2016-03-23 14:53:38'),(2,'administrator',' Administrator ','{\"user.add\":true,\"user.edit\":true,\"user.list\":true,\"user.status\":true,\"user.delete\":true,\"index\":true,\"category.add\":true,\"category.edit\":true,\"category.delete\":true,\"category.list\":true,\"family.add\":true,\"family.edit\":true,\"family.delete\":true,\"family.list\":true,\"product.add\":true,\"product.edit\":true,\"product.list\":true,\"product.delete\":true,\"category.get-category\":true,\"category.get-ground-category\":true,\"category.main-category\":true,\"category.category-hierachy\":true,\"family.get-family\":true,\"family.delete-family\":true,\"family.delete-image\":true,\"price.type.add\":true,\"price.type.edit\":true,\"price.standerd.add\":true,\"price.standerd.json.list\":true,\"price.standerd.json.family.list\":true,\"price.custom.json.userList\":true,\"quotation\":true,\"quotation-history\":true,\"price.standerd.list\":true,\"price.custom.list\":true,\"designation.add\":true,\"designation.edit\":true,\"designation.list\":true,\"designation.delete\":true,\"report.list\":true,\"report.hierarchy\":true,\"stratum-table.add\":true,\"stratum-table.edit\":true,\"stratum-table.list\":true,\"stratum-table.delete\":true,\"team.resolve-team-rating\":true,\"autocomplete-ajax\": true,\"report.rating-approve\": true,\"guidelines\":true,\"send-feedback\":true}',1,'2015-12-18 19:00:47','2017-03-07 17:10:40'),(3,'university.admin','University Admin','{\"user.add\":true,\"user.edit\":true,\"user.list\":true,\"user.status\":true,\"user.delete\":true,\"index\":true,\"category.add\":true,\"category.edit\":true,\"category.delete\":true,\"category.list\":true,\"family.add\":true,\"family.edit\":true,\"family.delete\":true,\"family.list\":true,\"product.add\":true,\"product.edit\":true,\"product.list\":true,\"product.delete\":true,\"category.get-category\":true,\"category.get-ground-category\":true,\"category.main-category\":true,\"category.category-hierachy\":true,\"family.get-family\":true,\"family.delete-family\":true,\"family.delete-image\":true,\"price.type.add\":true,\"price.type.edit\":true,\"price.standerd.add\":true,\"price.standerd.json.list\":true,\"price.standerd.json.family.list\":true,\"price.custom.json.userList\":true,\"quotation\":true,\"quotation-history\":true,\"price.standerd.list\":true,\"price.custom.list\":true,\"designation.add\":true,\"designation.edit\":true,\"designation.list\":true,\"designation.delete\":true,\"report.list\":true,\"report.hierarchy\":true,\"stratum-table.add\":true,\"stratum-table.edit\":true,\"stratum-table.list\":true,\"stratum-table.delete\":true,\"team.resolve-team-rating\":true,\"autocomplete-ajax\": true,\"report.rating-approve\": true,\"guidelines\":true,\"send-feedback\":true}',1,'2019-09-06 11:09:31','2019-09-06 11:09:34');
/*!40000 ALTER TABLE `roles` ENABLE KEYS */;
UNLOCK TABLES;

--
-- Table structure for table `student`
--

DROP TABLE IF EXISTS `student`;
/*!40101 SET @saved_cs_client     = @@character_set_client */;
/*!40101 SET character_set_client = utf8 */;
CREATE TABLE `student` (
  `id` int(11) NOT NULL AUTO_INCREMENT,
  `first_name` varchar(255) DEFAULT NULL,
  `middle_name` varchar(255) DEFAULT NULL,
  `last_name` varchar(255) DEFAULT NULL,
  `dob` date DEFAULT NULL,
  `nid` varchar(50) DEFAULT NULL,
  `nationality` varchar(50) DEFAULT NULL,
  `residential_address_id` int(11) DEFAULT NULL,
  `current_address_id` int(11) DEFAULT NULL,
  `contact_mobile` varchar(20) DEFAULT NULL,
  `other_contact` varchar(20) DEFAULT NULL,
  `email` varchar(50) DEFAULT NULL,
  `updated_at` datetime DEFAULT NULL,
  `status` int(11) DEFAULT '1' COMMENT '1=Default\n2=Conneced\n3=Deleted',
  `deleted_at` datetime DEFAULT NULL,
  `created_at` datetime DEFAULT NULL ON UPDATE CURRENT_TIMESTAMP,
  `code` text,
  `university_id` int(11) DEFAULT NULL,
  `division_id` int(11) DEFAULT NULL,
  `lock_flag` int(11) DEFAULT NULL,
  PRIMARY KEY (`id`) USING BTREE
) ENGINE=InnoDB AUTO_INCREMENT=2 DEFAULT CHARSET=latin1;
/*!40101 SET character_set_client = @saved_cs_client */;

--
-- Dumping data for table `student`
--

LOCK TABLES `student` WRITE;
/*!40000 ALTER TABLE `student` DISABLE KEYS */;
INSERT INTO `student` VALUES (1,'PA78','Chathuranga','Banara','1990-05-07','901281149v','Sri Lanka',NULL,NULL,'0716271637','0716559886','chathunbandara@gmail.co','2019-10-13 11:20:21',1,NULL,'2019-10-13 11:20:40','OLKKIOKJLKO',2,1,NULL);
/*!40000 ALTER TABLE `student` ENABLE KEYS */;
UNLOCK TABLES;

--
-- Table structure for table `student_code`
--

DROP TABLE IF EXISTS `student_code`;
/*!40101 SET @saved_cs_client     = @@character_set_client */;
/*!40101 SET character_set_client = utf8 */;
CREATE TABLE `student_code` (
  `id` int(11) NOT NULL AUTO_INCREMENT,
  `student_id` int(11) DEFAULT NULL,
  `user_id` int(11) DEFAULT NULL,
  `auth_code` varchar(10) DEFAULT NULL,
  `create_dt` datetime DEFAULT NULL,
  `expire_dt` datetime DEFAULT NULL,
  `lock_flag` int(11) DEFAULT NULL,
  PRIMARY KEY (`id`),
  UNIQUE KEY `student_code_auth_code_uindex` (`auth_code`),
  UNIQUE KEY `student_code_auth_code_IX` (`auth_code`)
) ENGINE=InnoDB DEFAULT CHARSET=latin1;
/*!40101 SET character_set_client = @saved_cs_client */;

--
-- Dumping data for table `student_code`
--

LOCK TABLES `student_code` WRITE;
/*!40000 ALTER TABLE `student_code` DISABLE KEYS */;
/*!40000 ALTER TABLE `student_code` ENABLE KEYS */;
UNLOCK TABLES;

--
-- Table structure for table `team_rating`
--

DROP TABLE IF EXISTS `team_rating`;
/*!40101 SET @saved_cs_client     = @@character_set_client */;
/*!40101 SET character_set_client = utf8 */;
CREATE TABLE `team_rating` (
  `id` int(11) NOT NULL AUTO_INCREMENT,
  `team_id` int(11) NOT NULL,
  `rated_by` int(11) NOT NULL,
  `rating` int(11) NOT NULL,
  `comment` text CHARACTER SET utf8 NOT NULL,
  `approve` int(11) DEFAULT NULL,
  `deleted_by` int(11) DEFAULT NULL,
  `ended_at` datetime DEFAULT NULL,
  `created_at` datetime DEFAULT NULL,
  `updated_at` datetime DEFAULT NULL,
  `deleted_at` datetime DEFAULT NULL,
  PRIMARY KEY (`id`) USING BTREE
) ENGINE=InnoDB DEFAULT CHARSET=latin1 ROW_FORMAT=COMPACT;
/*!40101 SET character_set_client = @saved_cs_client */;

--
-- Dumping data for table `team_rating`
--

LOCK TABLES `team_rating` WRITE;
/*!40000 ALTER TABLE `team_rating` DISABLE KEYS */;
/*!40000 ALTER TABLE `team_rating` ENABLE KEYS */;
UNLOCK TABLES;

--
-- Table structure for table `throttle`
--

DROP TABLE IF EXISTS `throttle`;
/*!40101 SET @saved_cs_client     = @@character_set_client */;
/*!40101 SET character_set_client = utf8 */;
CREATE TABLE `throttle` (
  `id` int(10) unsigned NOT NULL AUTO_INCREMENT,
  `user_id` int(10) unsigned DEFAULT NULL,
  `type` varchar(255) COLLATE utf8_unicode_ci NOT NULL,
  `ip` varchar(255) COLLATE utf8_unicode_ci DEFAULT NULL,
  `created_at` timestamp NULL DEFAULT NULL,
  `updated_at` timestamp NULL DEFAULT NULL,
  PRIMARY KEY (`id`) USING BTREE,
  KEY `throttle_user_id_index` (`user_id`) USING BTREE
) ENGINE=InnoDB AUTO_INCREMENT=13 DEFAULT CHARSET=utf8 COLLATE=utf8_unicode_ci ROW_FORMAT=COMPACT;
/*!40101 SET character_set_client = @saved_cs_client */;

--
-- Dumping data for table `throttle`
--

LOCK TABLES `throttle` WRITE;
/*!40000 ALTER TABLE `throttle` DISABLE KEYS */;
INSERT INTO `throttle` VALUES (1,NULL,'global',NULL,'2019-10-27 06:32:02','2019-10-27 06:32:02'),(2,NULL,'ip','112.134.17.24','2019-10-27 06:32:02','2019-10-27 06:32:02'),(3,1,'user',NULL,'2019-10-27 06:32:02','2019-10-27 06:32:02'),(4,NULL,'global',NULL,'2019-11-02 21:02:17','2019-11-02 21:02:17'),(5,NULL,'ip','113.59.217.30','2019-11-02 21:02:17','2019-11-02 21:02:17'),(6,1,'user',NULL,'2019-11-02 21:02:17','2019-11-02 21:02:17'),(7,NULL,'global',NULL,'2019-11-03 06:05:52','2019-11-03 06:05:52'),(8,NULL,'ip','112.134.16.220','2019-11-03 06:05:52','2019-11-03 06:05:52'),(9,NULL,'global',NULL,'2019-11-03 06:06:03','2019-11-03 06:06:03'),(10,NULL,'ip','112.134.16.220','2019-11-03 06:06:03','2019-11-03 06:06:03'),(11,NULL,'global',NULL,'2019-11-12 07:06:34','2019-11-12 07:06:34'),(12,NULL,'ip','112.134.101.149','2019-11-12 07:06:34','2019-11-12 07:06:34');
/*!40000 ALTER TABLE `throttle` ENABLE KEYS */;
UNLOCK TABLES;

--
-- Table structure for table `token`
--

DROP TABLE IF EXISTS `token`;
/*!40101 SET @saved_cs_client     = @@character_set_client */;
/*!40101 SET character_set_client = utf8 */;
CREATE TABLE `token` (
  `token_id` int(11) NOT NULL AUTO_INCREMENT,
  `type` int(1) DEFAULT '1',
  `create_dt` datetime DEFAULT NULL,
  `expire_dt` datetime DEFAULT NULL,
  `status` int(1) DEFAULT '1',
  `token_hash` text,
  `lock_flag` int(11) DEFAULT NULL,
  PRIMARY KEY (`token_id`)
) ENGINE=InnoDB AUTO_INCREMENT=45 DEFAULT CHARSET=latin1;
/*!40101 SET character_set_client = @saved_cs_client */;

--
-- Dumping data for table `token`
--

LOCK TABLES `token` WRITE;
/*!40000 ALTER TABLE `token` DISABLE KEYS */;
INSERT INTO `token` VALUES (1,1,'2019-10-13 05:29:46','2019-11-12 05:29:46',1,'5316ace8-686a-481c-a5ff-f86164b1847e',0),(2,1,'2019-10-13 05:29:51','2019-11-12 05:29:51',1,'e3f4a1c6-1a9d-48fa-9c1f-38ca506f1a48',0),(3,1,'2019-10-13 05:29:54','2019-11-12 05:29:54',1,'f31148ab-4de1-4237-a2d7-86f687fa02c1',0),(4,1,'2019-10-13 05:29:55','2019-11-12 05:29:55',1,'4fef46c0-3a26-4265-ac7a-0f4d65e36cb8',0),(5,1,'2019-10-13 05:29:56','2019-11-12 05:29:56',1,'f8160407-94f7-400a-a566-8a6302919adc',0),(6,1,'2019-10-13 05:29:59','2019-11-12 05:29:59',1,'c139a0d1-0d4d-461d-9a5f-d28c62c5aca1',0),(7,1,'2019-10-13 05:30:01','2019-11-12 05:30:01',1,'26c9d7e5-8bee-4708-bacb-4b4364faa2d6',0),(8,1,'2019-10-13 05:30:51','2019-11-12 05:30:51',1,'e6989595-19d6-4175-a24a-1c345b2933b0',0),(9,1,'2019-10-13 05:30:59','2019-11-12 05:30:59',1,'2611bd12-8315-4403-bb1c-a6b06e87c5c2',0),(10,1,'2019-10-13 05:31:05','2019-11-12 05:31:05',1,'c455d316-78f5-4622-9e82-3696ef710429',0),(11,1,'2019-10-13 05:31:06','2019-11-12 05:31:06',1,'be85e120-5e8e-417e-9181-3efc71bbfc0e',0),(12,1,'2019-10-13 05:33:03','2019-11-12 05:33:03',1,'c5b6de44-71e1-4d55-8189-1838d5fc62c9',0),(13,1,'2019-10-13 05:33:07','2019-11-12 05:33:07',1,'d7685ba8-e290-426c-a7fc-e8b27ebf494a',0),(14,1,'2019-10-13 06:27:25','2019-11-12 06:27:25',1,'9ed5c72c-cc79-4faa-90c8-3d6e22c65d72',0),(15,1,'2019-10-13 06:30:24','2019-11-12 06:30:24',1,'018dae44-0a55-43a9-b4f1-ec2e3db2a395',0),(16,1,'2019-10-13 06:53:27','2019-11-12 06:53:27',1,'1e352343-c320-496d-a193-a56a7aa94d32',0),(17,1,'2019-10-13 06:53:31','2019-11-12 06:53:31',1,'7938bd58-1623-4847-9b18-3cb310933cd6',0),(18,1,'2019-11-04 07:24:19','2019-12-04 07:24:19',1,'aab19715-9c36-4d90-8c7c-998e8bd378f1',1),(19,1,'2019-10-13 07:28:57','2019-11-12 07:28:57',1,'053d56ad-1c3e-4706-9aeb-fdf7044c093b',0),(20,1,'2019-10-13 07:29:53','2019-11-12 07:29:53',1,'7c3b7d18-caa4-410a-bf59-76bf02aa4760',0),(21,1,'2019-10-13 07:33:50','2019-11-12 07:33:50',1,'cb39da00-b5fd-4e8c-8fa2-054553de1800',0),(22,1,'2019-10-13 07:39:10','2019-11-12 07:39:10',1,'d64fa1a5-d975-4c95-8ee7-9a1974574f16',0),(23,1,'2019-10-14 02:22:09','2019-11-13 02:22:09',1,'bdb4069c-3d02-4da3-8408-1970cbd70fb5',0),(24,1,'2019-10-14 02:24:08','2019-11-13 02:24:08',1,'bb619bac-3419-4d2b-b832-531944019494',0),(25,1,'2019-10-14 03:52:29','2019-11-13 03:52:29',1,'a7c4b050-2c25-4713-b1cf-a542aa39830b',0),(26,1,'2019-10-14 03:57:02','2019-11-13 03:57:02',1,'857ba188-5d24-4ae6-801e-ea009a3c4233',0),(27,1,'2019-10-23 13:30:21','2019-11-22 13:30:21',1,'cc4ab3ba-fc97-4e95-adc1-08bdf43d1b9a',0),(28,1,'2019-10-23 21:25:07','2019-11-22 21:25:07',1,'1beadda4-a5d3-46ef-b825-990fa516abd1',0),(29,1,'2019-11-04 07:14:20','2019-12-04 07:14:20',1,'677efa0b-d70b-4726-b00a-3017fd6a8d79',0),(30,1,'2019-11-06 01:47:11','2019-12-06 01:47:11',1,'3e42bf27-b313-4f47-a753-b6a4eaceee12',1),(31,1,'2019-11-07 01:42:04','2019-12-07 01:42:04',1,'aae0919e-6db3-4311-a664-88c4a101bc19',0),(32,1,'2019-11-08 23:27:28','2019-12-08 23:27:28',1,'cdb99816-9a4e-42c1-8e96-9ff27643582f',0),(33,1,'2019-11-08 23:27:56','2019-12-08 23:27:56',1,'263178aa-6ea5-490b-9d17-1507b4dce6db',0),(34,1,'2019-11-08 23:29:22','2019-12-08 23:29:22',1,'f9fb2661-11f5-482a-8de8-408a23c4411b',0),(35,1,'2019-11-15 15:28:30','2019-12-15 15:28:30',1,'95a6c703-db4b-4aed-aa28-49c75c5e48f6',0),(36,1,'2019-11-18 16:24:03','2019-12-18 16:24:03',1,'94422583-6bd9-4ac0-a81f-427e9fb2dc2a',0),(37,1,'2019-11-18 16:29:45','2019-12-18 16:29:45',1,'c7cb010c-366f-4480-a271-fb96cec9f8ea',0),(38,1,'2019-11-19 12:40:43','2019-12-19 12:40:43',1,'dff068ef-70e5-4ac0-b0d8-3c9ccd467f0f',0),(39,1,'2019-11-19 16:25:04','2019-12-19 16:25:04',1,'f5f66f3f-7ef3-49e0-990a-61ecb513e494',0),(40,1,'2019-11-19 17:04:52','2019-12-19 17:04:52',1,'27309f33-ab7e-4c50-84e4-b14fe9b8026e',0),(41,1,'2019-11-19 17:11:33','2019-12-19 17:11:33',1,'5a1239d4-3763-4050-bb39-efba0fc498ec',0),(42,1,'2019-11-19 17:13:12','2019-12-19 17:13:12',1,'41ec282a-9f47-46be-96c3-0448b36367fc',0),(43,1,'2019-11-19 21:42:35','2019-12-19 21:42:35',1,'b5fa2970-3840-4733-a28e-4a60584665b3',0),(44,1,'2019-11-19 21:43:31','2019-12-19 21:43:31',1,'d411df25-239d-4114-9304-8c70ef0b9504',0);
/*!40000 ALTER TABLE `token` ENABLE KEYS */;
UNLOCK TABLES;

--
-- Table structure for table `university`
--

DROP TABLE IF EXISTS `university`;
/*!40101 SET @saved_cs_client     = @@character_set_client */;
/*!40101 SET character_set_client = utf8 */;
CREATE TABLE `university` (
  `id` int(11) NOT NULL AUTO_INCREMENT,
  `university_name` varchar(255) DEFAULT NULL,
  `location_id` int(20) DEFAULT NULL,
  `status` int(1) DEFAULT '1',
  `created_at` datetime DEFAULT NULL,
  `updated_at` datetime DEFAULT NULL,
  `logo` varchar(255) DEFAULT 'https://storage.googleapis.com/tuto-image/university/logo/uni1.jpg',
  `banner` varchar(255) DEFAULT 'https://storage.googleapis.com/tuto-image/university/banner/uni2.png',
  `colour` varchar(20) DEFAULT NULL,
  `address` text,
  `telephone` varchar(20) DEFAULT NULL,
  `fax` varchar(20) DEFAULT NULL,
  `email` varchar(20) DEFAULT NULL,
  `lat` decimal(10,10) DEFAULT NULL,
  `lng` decimal(10,10) DEFAULT NULL,
  `public_university_id` text,
  `deleted_at` datetime DEFAULT NULL,
  `university_id` int(11) NOT NULL,
  `created_dt` datetime DEFAULT NULL,
  `lock_flag` int(11) DEFAULT NULL,
  `updated_dt` datetime DEFAULT NULL,
  `description` varchar(255) DEFAULT NULL,
  PRIMARY KEY (`id`) USING BTREE,
  UNIQUE KEY `university_public_university_id_uindex` (`public_university_id`(10)) USING BTREE
) ENGINE=InnoDB AUTO_INCREMENT=26 DEFAULT CHARSET=latin1 ROW_FORMAT=COMPACT;
/*!40101 SET character_set_client = @saved_cs_client */;

--
-- Dumping data for table `university`
--

LOCK TABLES `university` WRITE;
/*!40000 ALTER TABLE `university` DISABLE KEYS */;
INSERT INTO `university` VALUES (1,'MIT',NULL,1,'2019-10-14 08:58:53','2019-10-14 08:58:53','https://storage.googleapis.com/tuto-image/university/logo/uni1.jpg','https://storage.googleapis.com/tuto-image/university/banner/uni2.png',NULL,'77 Massachusetts Avenue, Cambridge, MA, USA','+1 617-253-1000','','info@mit.com',NULL,NULL,'bf7b7180-ee32-11e9-8d44-756347f58b5f',NULL,1,NULL,NULL,NULL,'MIT Desc'),(2,'Harvard',NULL,1,NULL,NULL,'https://storage.googleapis.com/tuto-image/university/logo/uni1.jpg','https://storage.googleapis.com/tuto-image/university/banner/uni2.png',NULL,NULL,NULL,NULL,NULL,NULL,NULL,NULL,NULL,2,NULL,NULL,NULL,NULL),(3,'CM',NULL,1,NULL,NULL,'https://storage.googleapis.com/tuto-image/university/logo/uni1.jpg','https://storage.googleapis.com/tuto-image/university/banner/uni2.png',NULL,NULL,NULL,NULL,NULL,NULL,NULL,NULL,NULL,3,NULL,NULL,NULL,NULL),(4,'Stanford University',NULL,1,'2019-10-21 10:29:42','2019-10-21 10:49:25','https://storage.cloud.google.com/tuto-image/university/logo/logo.png','https://storage.cloud.google.com/tuto-image/university/banner/1560592403_shutterstock_278631758.jpg',NULL,'test','01121454548','','admin@Stanford.com',NULL,NULL,'97e33c80-f3bf-11e9-9122-3984620972f1',NULL,0,NULL,NULL,NULL,NULL),(5,'aaa',NULL,1,'2019-10-21 17:59:31','2019-10-21 17:59:31','https://storage.googleapis.com/tuto-image/university/logo/uni1.jpg','https://storage.googleapis.com/tuto-image/university/banner/uni2.png',NULL,'aa','a','','a@a.com',NULL,NULL,'6eac8d50-f3fe-11e9-97df-47492fbffae2',NULL,0,NULL,NULL,NULL,NULL),(6,'AB',NULL,1,'2019-10-21 18:00:50','2019-10-21 18:01:27','','https://storage.cloud.google.com/tuto-image/university/banner/images.png',NULL,'AB','AB','','suranjith.rodrigo@gm',NULL,NULL,'9ddf3960-f3fe-11e9-a374-1de9ec3c89fe',NULL,0,NULL,NULL,NULL,NULL),(8,'TEST',NULL,1,'2019-10-26 21:11:37','2019-10-26 21:11:37','https://storage.googleapis.com/tuto-image/university/logo/uni1.jpg','https://storage.googleapis.com/tuto-image/university/banner/uni2.png',NULL,'TEST','011111111','','c@c.com',NULL,NULL,'18bd6fd0-f807-11e9-84ac-ad56137f6fe4',NULL,0,NULL,NULL,NULL,NULL),(9,'aa',NULL,1,'2019-10-27 18:29:00','2019-10-28 08:24:50','https://storage.googleapis.com/tuto-image/university/logo/uni1.jpg','https://storage.googleapis.com/tuto-image/university/banner/uni2.png',NULL,'aa','aa','aaa','aa@aa.aa',NULL,NULL,'8ba87270-f8b9-11e9-be83-bf6191b4de49','2019-10-28 08:24:50',0,NULL,NULL,NULL,NULL),(10,'DFSD',NULL,1,'2019-10-28 22:23:21','2019-10-28 22:23:58','https://storage.cloud.google.com/tuto-image/university/logo/logo_logotipo.png','https://storage.cloud.google.com/tuto-image/university/banner/logo_logotipo.png',NULL,'DSDFS','0779922990','454','malindrarodrigo@gmai',NULL,NULL,'72dd5670-f9a3-11e9-a4b2-41ba83d4d327',NULL,0,NULL,NULL,NULL,NULL),(11,'aa',NULL,1,'2019-10-29 07:38:09','2019-10-29 07:40:34','https://storage.googleapis.com/tuto-image/university/logo/uni1.jpg','https://storage.googleapis.com/tuto-image/university/banner/uni2.png',NULL,'aa','aa','234','aa@aa.com',NULL,NULL,'f3e12b40-f9f0-11e9-a34b-2389d26d9bcb','2019-10-29 07:40:34',0,NULL,NULL,NULL,NULL),(12,'BBBB',NULL,1,'2019-10-29 07:41:46','2019-10-31 07:57:40','https://storage.cloud.google.com/tuto-image/university/logo/download (1).png','https://storage.cloud.google.com/tuto-image/university/banner/CUPE-3909-FACEBOOK-BANNER.jpg',NULL,'dsfsd214214214','3434314134','134443143','dsgsdfsd@aa.aa',NULL,NULL,'75c32070-f9f1-11e9-b238-91ff2e09dc77',NULL,0,NULL,NULL,NULL,NULL),(13,'aaaa',NULL,1,'2019-10-29 07:43:40','2019-10-29 07:43:40','https://storage.googleapis.com/tuto-image/university/logo/uni1.jpg','https://storage.googleapis.com/tuto-image/university/banner/uni2.png',NULL,'aa','aa','13','aaa@aa.aa',NULL,NULL,'b93d3c80-f9f1-11e9-a939-ada8ebef53c6',NULL,0,NULL,NULL,NULL,NULL),(14,'Charles Sturt University',NULL,1,'2019-10-29 08:13:58','2019-10-29 08:15:48','https://storage.cloud.google.com/tuto-image/university/logo/images (2).png','',NULL,'Australia ','123456789','34324234','Charles@org.com',NULL,NULL,'f544d550-f9f5-11e9-98ca-39e13e67cfd9',NULL,0,NULL,NULL,NULL,NULL),(15,'Charles Sturt Universitya',NULL,1,'2019-10-29 08:16:56','2019-10-29 08:50:54','','https://storage.cloud.google.com/tuto-image/university/banner/International-Campaign-Landing-Page-Banner.jpg',NULL,'Australia ','12345678','4242424','suranjith.rodrigo@gm',NULL,NULL,'5f4e5ae0-f9f6-11e9-b314-99524fb07336',NULL,0,NULL,NULL,NULL,NULL),(16,'',NULL,1,'2019-10-31 04:37:44','2019-11-01 02:41:55','','',NULL,'','','','',NULL,NULL,'14ee71e0-fb6a-11e9-ad0d-25043d3beb85',NULL,0,NULL,NULL,NULL,NULL),(17,'bbb',NULL,1,'2019-10-31 04:39:39','2019-10-31 04:39:39','https://storage.googleapis.com/tuto-image/university/logo/uni1.jpg','https://storage.googleapis.com/tuto-image/university/banner/uni2.png',NULL,'bb','bb','bb','suranjith.rodrigo@gm',NULL,NULL,'59256ce0-fb6a-11e9-8422-b14aaf2cf70b',NULL,0,NULL,NULL,NULL,NULL),(18,'Southern Cross University',NULL,1,'2019-10-31 05:00:51','2019-10-31 05:03:29','','https://storage.cloud.google.com/tuto-image/university/banner/International-Campaign-Landing-Page-Banner.jpg',NULL,'Southern Cross University','2523525235','3232235325','suranjith.rodrigo@gm',NULL,NULL,'4f32c310-fb6d-11e9-8b84-27078a8b4e8c',NULL,0,NULL,NULL,NULL,NULL),(19,'cc',NULL,1,'2019-10-31 06:14:16','2019-10-31 06:14:16','https://storage.googleapis.com/tuto-image/university/logo/uni1.jpg','https://storage.googleapis.com/tuto-image/university/banner/uni2.png',NULL,'cc','cc','cc','suranjith.rodrigo@gm',NULL,NULL,'912c8530-fb77-11e9-a038-0fa9c7702e56',NULL,0,NULL,NULL,NULL,NULL),(20,'dd',NULL,1,'2019-10-31 07:34:14','2019-10-31 07:34:19','','',NULL,'dd','dd','dd','suranjith.rodrigo@gm',NULL,NULL,'bcec04a0-fb82-11e9-ae83-43f9f03f7e44',NULL,0,NULL,NULL,NULL,NULL),(21,'UNI TEST 0012',NULL,1,'2019-10-31 08:55:13','2019-10-31 08:56:17','https://storage.cloud.google.com/tuto-image/university/logo/1560592403_shutterstock_278631758.jpg','https://storage.cloud.google.com/tuto-image/university/banner/loki.PNG',NULL,'Matara1\r\nMatara','0716271637','','chathun@gmail.com',NULL,NULL,'0d3e3220-fb8e-11e9-9e64-51071c467b02',NULL,0,NULL,NULL,NULL,NULL),(22,'University of Sydney',NULL,1,'2019-11-08 07:51:35','2019-11-08 07:59:24','https://storage.cloud.google.com/tuto-image/university/logo/download.jpeg','https://storage.cloud.google.com/tuto-image/university/banner/CUPE-3909-FACEBOOK-BANNER.jpg',NULL,'Sydney','25252525','3243243242','suranjith.rodrigo@gm',NULL,NULL,'7c7573b0-01ce-11ea-aecb-4d199fbba295',NULL,0,NULL,NULL,NULL,NULL),(23,'bb',NULL,1,'2019-11-12 07:34:57','2019-11-12 07:51:44','https://storage.cloud.google.com/tuto-image/university/logo/images.png','https://storage.cloud.google.com/tuto-image/university/banner/International-Campaign-Landing-Page-Banner.jpg',NULL,'bb','bb','','suranjith.rodrigo@gm',NULL,NULL,'d3569380-04f0-11ea-8780-7f84a8b3c7b9',NULL,0,NULL,NULL,NULL,NULL),(24,'image',NULL,1,'2019-11-12 07:52:44','2019-11-12 07:53:07','https://storage.cloud.google.com/tuto-image/university/logo/images (2).png','',NULL,'image','23213123','23123','suranjith.rodrigo@gm',NULL,NULL,'4fa7cce0-04f3-11ea-b3e2-0fc0abc72043',NULL,0,NULL,NULL,NULL,NULL),(25,'ccc',NULL,1,'2019-11-12 09:03:36','2019-11-12 09:03:36','https://storage.googleapis.com/tuto-image/university/logo/uni1.jpg','https://storage.googleapis.com/tuto-image/university/banner/uni2.png',NULL,'colombo','76887','','suranjith.rodrigo@gm',NULL,NULL,'35ff8440-04fd-11ea-b07d-2db3d2624e7c',NULL,0,NULL,NULL,NULL,NULL);
/*!40000 ALTER TABLE `university` ENABLE KEYS */;
UNLOCK TABLES;

--
-- Table structure for table `university_user`
--

DROP TABLE IF EXISTS `university_user`;
/*!40101 SET @saved_cs_client     = @@character_set_client */;
/*!40101 SET character_set_client = utf8 */;
CREATE TABLE `university_user` (
  `id` int(11) NOT NULL AUTO_INCREMENT,
  `user_id` int(11) NOT NULL,
  `university_id` int(11) NOT NULL,
  `created_at` datetime NOT NULL,
  `updated_at` datetime NOT NULL,
  `deleted_at` datetime DEFAULT NULL,
  PRIMARY KEY (`id`) USING BTREE
) ENGINE=InnoDB AUTO_INCREMENT=5 DEFAULT CHARSET=utf8 ROW_FORMAT=COMPACT;
/*!40101 SET character_set_client = @saved_cs_client */;

--
-- Dumping data for table `university_user`
--

LOCK TABLES `university_user` WRITE;
/*!40000 ALTER TABLE `university_user` DISABLE KEYS */;
INSERT INTO `university_user` VALUES (1,2,2,'2019-09-06 11:10:38','2019-09-06 11:10:38',NULL),(2,4,10,'2019-10-28 22:24:21','2019-10-28 22:24:21',NULL),(3,5,11,'2019-10-29 07:39:25','2019-10-29 07:39:25',NULL),(4,6,17,'2019-10-31 04:42:15','2019-10-31 04:42:15',NULL);
/*!40000 ALTER TABLE `university_user` ENABLE KEYS */;
UNLOCK TABLES;

--
-- Table structure for table `user`
--

DROP TABLE IF EXISTS `user`;
/*!40101 SET @saved_cs_client     = @@character_set_client */;
/*!40101 SET character_set_client = utf8 */;
CREATE TABLE `user` (
  `user_id` int(11) NOT NULL AUTO_INCREMENT,
  `public_user_id` varchar(10) DEFAULT NULL,
  `email` varchar(190) NOT NULL,
  `password` varchar(128) DEFAULT NULL,
  `first_name` varchar(100) DEFAULT NULL,
  `last_name` varchar(100) DEFAULT NULL,
  `timezone` varchar(50) DEFAULT NULL,
  `preferences` longtext,
  `is_verified` tinyint(1) NOT NULL,
  `is_active` tinyint(1) NOT NULL,
  `created_at` datetime NOT NULL,
  `updated_at` datetime NOT NULL,
  `last_login` datetime DEFAULT NULL,
  `place_id` varchar(190) DEFAULT NULL,
  `avatar` varchar(255) DEFAULT NULL,
  `source_owner_id` varchar(12) DEFAULT NULL,
  `source_description` varchar(255) DEFAULT NULL,
  `lock_flag` int(11) DEFAULT NULL,
  `social_token` varchar(1000) DEFAULT NULL,
  `social_type` varchar(45) DEFAULT NULL,
  PRIMARY KEY (`user_id`),
  UNIQUE KEY `email` (`email`),
  UNIQUE KEY `user_email_IX` (`email`),
  UNIQUE KEY `user_public_user_id_uindex` (`public_user_id`),
  UNIQUE KEY `user_public_user_id_IX` (`public_user_id`)
) ENGINE=InnoDB AUTO_INCREMENT=23 DEFAULT CHARSET=utf8mb4;
/*!40101 SET character_set_client = @saved_cs_client */;

--
-- Dumping data for table `user`
--

LOCK TABLES `user` WRITE;
/*!40000 ALTER TABLE `user` DISABLE KEYS */;
INSERT INTO `user` VALUES (1,'AAA11212','miditha@tuto.com','$10$eD33TtaRa/Wobwm/a7GzHOvsFFuhrQgXx1FvgartaP6.zVY8c4mgi',NULL,NULL,NULL,NULL,1,1,'2019-08-06 03:27:30','2019-08-06 03:28:00',NULL,NULL,NULL,NULL,NULL,NULL,NULL,NULL),(2,'BBBrerer','malindra@tuto.com','$10$vJ0/.9l8qByoN/ZFJlzew.U3SUrYnsI6QoPezSfeo9qDQYLJSjC/O',NULL,NULL,NULL,NULL,1,1,'2019-08-06 03:27:51','2019-08-06 03:28:05',NULL,NULL,NULL,NULL,NULL,NULL,NULL,NULL),(3,NULL,'sajithdoo@gmail.com','$2a$10$BzlngO2lMPFXwOqTZMv5/unQNmzMosuEnNMOx1koLcb9K/YF2Sj9e',NULL,'sajith',NULL,NULL,0,1,'2019-10-13 06:30:24','2019-10-13 06:30:24','2019-10-13 06:30:24',NULL,NULL,NULL,NULL,0,NULL,'custom'),(4,NULL,'sajith.gunarathna@gmail.com','$2a$10$8ovb4eFa491TPn8qXi2p/OzhUA.Fs.gfhchkYOAdWpjpg41X2C1de',NULL,'sajith',NULL,NULL,0,1,'2019-10-13 07:39:10','2019-10-13 07:39:10','2019-10-13 07:39:10',NULL,NULL,NULL,NULL,0,NULL,'custom'),(5,NULL,'abc@abc.com','$2a$10$NTRyyvLwZazG8e3JtDIYqe6zo5.mEFBGmU4vM878T/.TBG.XmwGvy',NULL,'Miditha',NULL,NULL,0,1,'2019-10-14 02:24:08','2019-10-14 02:24:08','2019-10-14 02:24:08',NULL,NULL,NULL,NULL,0,NULL,'custom'),(6,NULL,'maasdfs@sdf.com','$2a$10$DLLULuHuct.1qClevu5ZZ.pX6vA9VNJnzvqsPB9yQiq6Zlhk.sfBq',NULL,NULL,NULL,NULL,0,1,'2019-10-23 21:25:07','2019-10-23 21:25:07','2019-10-23 21:25:07',NULL,NULL,NULL,NULL,0,NULL,'custom'),(7,NULL,'sajith.guna@gmail.com','$2a$10$5i9UAF.QLOoSkdMgDEWD9e7JXuGMEpefp/fxyoy5rLHnnzkeFwAmC',NULL,'sajith',NULL,NULL,0,1,'2019-11-04 07:14:20','2019-11-04 07:14:20','2019-11-04 07:14:20',NULL,NULL,NULL,NULL,0,NULL,'custom'),(8,NULL,'abc@gmail.com','$2a$10$KLC/dxhVbndL0cla9CaUBu.ckDps/WkDITXF5AjeUgLlqkDXgDzQ6',NULL,'TestM',NULL,NULL,0,1,'2019-11-06 01:36:27','2019-11-06 01:36:27','2019-11-06 01:36:27',NULL,NULL,NULL,NULL,0,NULL,'custom'),(9,NULL,'dilan1@dilan.me','$2a$10$bQ55jsmar7Qyp./S3Gf2keOavoNToxBnrG1TnyLgdUfAtVgySsRHu',NULL,NULL,NULL,NULL,0,1,'2019-11-07 01:42:04','2019-11-07 01:42:04','2019-11-07 01:42:04',NULL,NULL,NULL,NULL,0,NULL,'custom'),(10,NULL,'dilan3','$2a$10$K5odP95MeVXUWY6atmwZzO8PfqZOnL6hxm8LPWy8cIAHoFTRBwt72',NULL,NULL,NULL,NULL,0,1,'2019-11-08 23:27:28','2019-11-08 23:27:28','2019-11-08 23:27:28',NULL,NULL,NULL,NULL,0,NULL,'custom'),(11,NULL,'dilan3@gmail.com','$2a$10$Hh8oIMrr7IqsFk5yOe4/PeeS4jGOrBsMZpC7pli5bRhvfgblm.DGW',NULL,NULL,NULL,NULL,0,1,'2019-11-08 23:27:56','2019-11-08 23:27:56','2019-11-08 23:27:56',NULL,NULL,NULL,NULL,0,NULL,'custom'),(12,NULL,'dilan4@gmail.com','$2a$10$Q/WN0rw9sUwMRsdP/jL5Ee6L661qDLJEhPDwryjZQq768BFaZeEIm',NULL,NULL,NULL,NULL,0,1,'2019-11-08 23:29:22','2019-11-08 23:29:22','2019-11-08 23:29:22',NULL,NULL,NULL,NULL,0,NULL,'custom'),(15,NULL,'sajith.gunadd@gmail.com','$2a$10$mRvlVbJSoKsJkGPbRN.aQeoYPNtYX0Fz4iXjDQ6ii5JrGh6tm8pci',NULL,'sajith',NULL,NULL,0,1,'2019-11-18 16:29:45','2019-11-18 16:29:45','2019-11-18 16:29:45',NULL,NULL,NULL,NULL,0,NULL,'custom'),(21,NULL,'sajith.gunaee@gmail.com','$2a$10$/RGSIVz/DIWl8h8gGbkX9uJGicedTo28YdmZWkw52Ft1uBAc.tSZy',NULL,'sajith',NULL,NULL,0,1,'2019-11-19 21:42:35','2019-11-19 21:42:35','2019-11-19 21:42:35',NULL,NULL,NULL,NULL,0,NULL,'custom'),(22,NULL,'dilan@dilan.me',NULL,NULL,NULL,NULL,NULL,0,1,'2019-11-19 21:43:31','2019-11-19 21:43:31','2019-11-19 21:43:31',NULL,NULL,NULL,NULL,0,'EAAE4zk7ZCswIBALCU0R663eCA8D3uCmsgToB0VIEf3WCMD1kZAHaoLz7VfupnOJmu7tRKG97DvHmmRhRXgTv54ZCcD2H0pzDb7ZAAoXOIJZClcFdsIF06R4vz7GWXsihvMZAurn741y2ZBKCeM9mjSzac9fCCAkuvqs9fIWggTh5K4Yrz1U7GvG2FS3cPpETdgdFsb8JecxZCdFGEZAYX9eXbbMbJDixKCu2ZBNxBZBUwB6igZDZD',NULL);
/*!40000 ALTER TABLE `user` ENABLE KEYS */;
UNLOCK TABLES;

--
-- Table structure for table `user_action`
--

DROP TABLE IF EXISTS `user_action`;
/*!40101 SET @saved_cs_client     = @@character_set_client */;
/*!40101 SET character_set_client = utf8 */;
CREATE TABLE `user_action` (
  `action_id` int(11) NOT NULL AUTO_INCREMENT,
  `user_id` int(11) DEFAULT NULL,
  `user_action_type_id` int(11) DEFAULT NULL,
  `action_dt` datetime DEFAULT NULL,
  `action_val_int` int(11) DEFAULT NULL,
  `action_val_str` varchar(100) DEFAULT NULL,
  `lock_flag` int(11) DEFAULT NULL,
  PRIMARY KEY (`action_id`)
) ENGINE=InnoDB DEFAULT CHARSET=latin1;
/*!40101 SET character_set_client = @saved_cs_client */;

--
-- Dumping data for table `user_action`
--

LOCK TABLES `user_action` WRITE;
/*!40000 ALTER TABLE `user_action` DISABLE KEYS */;
/*!40000 ALTER TABLE `user_action` ENABLE KEYS */;
UNLOCK TABLES;

--
-- Table structure for table `user_action_types`
--

DROP TABLE IF EXISTS `user_action_types`;
/*!40101 SET @saved_cs_client     = @@character_set_client */;
/*!40101 SET character_set_client = utf8 */;
CREATE TABLE `user_action_types` (
  `user_action_type_id` int(11) NOT NULL AUTO_INCREMENT,
  `user_action_type_name` varchar(255) DEFAULT NULL,
  `lock_flag` int(11) DEFAULT NULL,
  PRIMARY KEY (`user_action_type_id`)
) ENGINE=InnoDB DEFAULT CHARSET=latin1;
/*!40101 SET character_set_client = @saved_cs_client */;

--
-- Dumping data for table `user_action_types`
--

LOCK TABLES `user_action_types` WRITE;
/*!40000 ALTER TABLE `user_action_types` DISABLE KEYS */;
/*!40000 ALTER TABLE `user_action_types` ENABLE KEYS */;
UNLOCK TABLES;

--
-- Table structure for table `user_category_interests`
--

DROP TABLE IF EXISTS `user_category_interests`;
/*!40101 SET @saved_cs_client     = @@character_set_client */;
/*!40101 SET character_set_client = utf8 */;
CREATE TABLE `user_category_interests` (
  `user_id` int(11) DEFAULT NULL,
  `content_category_id` int(11) DEFAULT NULL,
  `id` bigint(20) NOT NULL,
  `lock_flag` int(11) DEFAULT NULL
) ENGINE=InnoDB DEFAULT CHARSET=latin1;
/*!40101 SET character_set_client = @saved_cs_client */;

--
-- Dumping data for table `user_category_interests`
--

LOCK TABLES `user_category_interests` WRITE;
/*!40000 ALTER TABLE `user_category_interests` DISABLE KEYS */;
INSERT INTO `user_category_interests` VALUES (1,1,0,NULL);
/*!40000 ALTER TABLE `user_category_interests` ENABLE KEYS */;
UNLOCK TABLES;

--
-- Table structure for table `user_resource_memberships`
--

DROP TABLE IF EXISTS `user_resource_memberships`;
/*!40101 SET @saved_cs_client     = @@character_set_client */;
/*!40101 SET character_set_client = utf8 */;
CREATE TABLE `user_resource_memberships` (
  `id` bigint(20) NOT NULL AUTO_INCREMENT,
  `user_id` int(11) DEFAULT NULL,
  `resource_type_id` int(11) DEFAULT NULL,
  `resource_id` int(11) DEFAULT NULL,
  `created_at` datetime DEFAULT NULL,
  `updated_at` datetime DEFAULT NULL,
  `start_dt` datetime DEFAULT NULL,
  `end_dt` datetime DEFAULT NULL,
  `status` int(1) NOT NULL,
  `lock_flag` int(11) DEFAULT NULL,
  `deleted_at` datetime DEFAULT NULL,
  `user_resource_memberships_id` int(11) NOT NULL,
  `created_dt` datetime DEFAULT NULL,
  `updated_dt` datetime DEFAULT NULL,
  PRIMARY KEY (`id`)
) ENGINE=InnoDB AUTO_INCREMENT=45 DEFAULT CHARSET=latin1;
/*!40101 SET character_set_client = @saved_cs_client */;

--
-- Dumping data for table `user_resource_memberships`
--

LOCK TABLES `user_resource_memberships` WRITE;
/*!40000 ALTER TABLE `user_resource_memberships` DISABLE KEYS */;
INSERT INTO `user_resource_memberships` VALUES (1,1,5,1,'2019-10-14 00:00:00','2019-10-14 00:00:00','2019-01-01 00:00:00','2020-12-31 00:00:00',1,NULL,NULL,1,'2019-10-14 00:00:00','2019-10-14 00:00:00'),(2,1,4,2,'2019-10-14 00:00:00','2019-10-14 00:00:00','2019-01-01 00:00:00','2020-12-31 00:00:00',1,NULL,NULL,2,'2019-10-14 00:00:00','2019-10-14 00:00:00'),(3,2,3,1,'2019-10-14 00:00:00','2019-10-14 00:00:00','2020-01-01 00:00:00','2020-12-31 00:00:00',1,NULL,NULL,3,'2019-10-14 00:00:00','2019-10-14 00:00:00'),(4,1,3,1,'2019-10-14 00:00:00','2019-10-14 00:00:00','2019-10-14 00:00:00','2020-12-31 00:00:00',1,NULL,NULL,4,'2019-10-14 00:00:00','2019-10-14 00:00:00'),(5,1,2,7,'1970-01-01 00:00:00','1970-01-01 00:00:00','2019-10-14 00:00:00','2019-10-14 00:00:00',1,1,NULL,5,NULL,NULL),(7,1,5,8,'2019-10-26 21:11:37','2019-10-26 21:11:37','2019-10-26 21:11:37','2020-09-06 03:47:45',1,NULL,NULL,0,NULL,NULL),(8,1,4,4,'2019-10-26 21:12:36','2019-10-26 21:12:36','2019-10-26 21:12:36','2020-09-06 03:47:45',1,NULL,NULL,0,NULL,NULL),(9,1,3,47,'2019-10-26 21:13:17','2019-10-26 21:13:17','2019-10-26 21:13:17','2020-09-06 03:47:45',1,NULL,NULL,0,NULL,NULL),(10,1,2,9,'2019-10-26 21:13:40','2019-10-26 21:13:40','2019-10-26 21:13:40','2020-09-06 03:47:45',1,NULL,NULL,0,NULL,NULL),(11,1,1,6,'2019-10-26 21:14:10','2019-10-26 21:14:10','2019-10-26 21:14:10','2020-09-06 03:47:45',1,NULL,NULL,0,NULL,NULL),(12,1,5,9,'2019-10-27 18:29:00','2019-10-27 18:29:00','2019-10-27 18:29:00','2020-09-06 03:47:45',1,NULL,NULL,0,NULL,NULL),(13,1,4,5,'2019-10-27 18:32:58','2019-10-27 18:32:58','2019-10-27 18:32:58','2020-09-06 03:47:45',1,NULL,NULL,0,NULL,NULL),(14,1,4,6,'2019-10-27 18:34:48','2019-10-27 18:34:48','2019-10-27 18:34:48','2020-09-06 03:47:45',1,NULL,NULL,0,NULL,NULL),(15,1,4,13,'2019-10-27 18:38:04','2019-10-27 18:38:04','2019-10-27 18:38:04','2020-09-06 03:47:45',1,NULL,NULL,0,NULL,NULL),(16,1,3,48,'2019-10-27 18:38:59','2019-10-27 18:38:59','2019-10-27 18:38:59','2020-09-06 03:47:45',1,NULL,NULL,0,NULL,NULL),(17,1,3,51,'2019-10-27 18:42:29','2019-10-27 18:42:29','2019-10-27 18:42:29','2020-09-06 03:47:45',1,NULL,NULL,0,NULL,NULL),(18,1,3,53,'2019-10-27 18:43:30','2019-10-27 18:43:30','2019-10-27 18:43:30','2020-09-06 03:47:45',1,NULL,NULL,0,NULL,NULL),(19,1,3,54,'2019-10-27 18:44:05','2019-10-27 18:44:05','2019-10-27 18:44:05','2020-09-06 03:47:45',1,NULL,NULL,0,NULL,NULL),(20,1,2,10,'2019-10-28 21:49:01','2019-10-28 21:49:01','2019-10-28 21:49:01','2020-09-06 03:47:45',1,NULL,NULL,0,NULL,NULL),(21,1,2,11,'2019-10-28 21:49:19','2019-10-28 21:49:19','2019-10-28 21:49:19','2020-09-06 03:47:45',1,NULL,NULL,0,NULL,NULL),(22,1,2,12,'2019-10-28 21:49:33','2019-10-28 21:49:33','2019-10-28 21:49:33','2020-09-06 03:47:45',1,NULL,NULL,0,NULL,NULL),(23,1,2,13,'2019-10-28 21:49:44','2019-10-28 21:49:44','2019-10-28 21:49:44','2020-09-06 03:47:45',1,NULL,NULL,0,NULL,NULL),(24,1,1,7,'2019-10-28 21:54:30','2019-10-28 21:54:30','2019-10-28 21:54:30','2020-09-06 03:47:45',1,NULL,NULL,0,NULL,NULL),(25,1,1,8,'2019-10-28 21:54:46','2019-10-28 21:54:46','2019-10-28 21:54:46','2020-09-06 03:47:45',1,NULL,NULL,0,NULL,NULL),(26,1,1,9,'2019-10-28 21:55:02','2019-10-28 21:55:02','2019-10-28 21:55:02','2020-09-06 03:47:45',1,NULL,NULL,0,NULL,NULL),(27,1,3,55,'2019-10-28 22:19:51','2019-10-28 22:19:51','2019-10-28 22:19:51','2020-09-06 03:47:45',1,NULL,NULL,0,NULL,NULL),(28,1,5,10,'2019-10-28 22:23:21','2019-10-28 22:23:21','2019-10-28 22:23:21','2020-09-06 03:47:45',1,NULL,NULL,0,NULL,NULL),(29,1,5,11,'2019-10-29 07:38:09','2019-10-29 07:38:09','2019-10-29 07:38:09','2020-09-06 03:47:45',1,NULL,NULL,0,NULL,NULL),(30,1,5,12,'2019-10-29 07:41:46','2019-10-29 07:41:46','2019-10-29 07:41:46','2020-09-06 03:47:45',1,NULL,NULL,0,NULL,NULL),(31,1,5,13,'2019-10-29 07:43:40','2019-10-29 07:43:40','2019-10-29 07:43:40','2020-09-06 03:47:45',1,NULL,NULL,0,NULL,NULL),(32,1,5,14,'2019-10-29 08:13:58','2019-10-29 08:13:58','2019-10-29 08:13:58','2020-09-06 03:47:45',1,NULL,NULL,0,NULL,NULL),(33,1,5,15,'2019-10-29 08:16:56','2019-10-29 08:16:56','2019-10-29 08:16:56','2020-09-06 03:47:45',1,NULL,NULL,0,NULL,NULL),(34,1,5,16,'2019-10-31 04:37:44','2019-10-31 04:37:44','2019-10-31 04:37:44','2020-09-06 03:47:45',1,NULL,NULL,0,NULL,NULL),(35,1,5,17,'2019-10-31 04:39:39','2019-10-31 04:39:39','2019-10-31 04:39:39','2020-09-06 03:47:45',1,NULL,NULL,0,NULL,NULL),(36,1,5,18,'2019-10-31 05:00:51','2019-10-31 05:00:51','2019-10-31 05:00:51','2020-09-06 03:47:45',1,NULL,NULL,0,NULL,NULL),(37,1,5,19,'2019-10-31 06:14:16','2019-10-31 06:14:16','2019-10-31 06:14:16','2020-09-06 03:47:45',1,NULL,NULL,0,NULL,NULL),(38,1,5,20,'2019-10-31 07:34:14','2019-10-31 07:34:14','2019-10-31 07:34:14','2020-09-06 03:47:45',1,NULL,NULL,0,NULL,NULL),(39,1,5,21,'2019-10-31 08:55:13','2019-10-31 08:55:13','2019-10-31 08:55:13','2020-09-06 03:47:45',1,NULL,NULL,0,NULL,NULL),(40,1,5,22,'2019-11-08 07:51:35','2019-11-08 07:51:35','2019-11-08 07:51:35','2020-09-06 03:47:45',1,NULL,NULL,40,NULL,NULL),(41,12,5,1,'2019-11-08 07:51:35','2019-11-08 07:51:35','2019-11-08 07:51:35','2020-09-06 03:47:45',1,NULL,NULL,0,NULL,NULL),(42,1,5,23,'2019-11-12 07:34:57','2019-11-12 07:34:57','2019-11-12 07:34:57','2020-09-06 03:47:45',1,NULL,NULL,0,NULL,NULL),(43,1,5,24,'2019-11-12 07:52:44','2019-11-12 07:52:44','2019-11-12 07:52:44','2020-09-06 03:47:45',1,NULL,NULL,0,NULL,NULL),(44,1,5,25,'2019-11-12 09:03:36','2019-11-12 09:03:36','2019-11-12 09:03:36','2020-09-06 03:47:45',1,NULL,NULL,0,NULL,NULL);
/*!40000 ALTER TABLE `user_resource_memberships` ENABLE KEYS */;
UNLOCK TABLES;

--
-- Table structure for table `user_tokens`
--

DROP TABLE IF EXISTS `user_tokens`;
/*!40101 SET @saved_cs_client     = @@character_set_client */;
/*!40101 SET character_set_client = utf8 */;
CREATE TABLE `user_tokens` (
  `user_id` int(11) DEFAULT NULL,
  `token_id` int(11) DEFAULT NULL,
  `id` bigint(20) NOT NULL,
  `lock_flag` int(11) DEFAULT NULL
) ENGINE=InnoDB DEFAULT CHARSET=latin1;
/*!40101 SET character_set_client = @saved_cs_client */;

--
-- Dumping data for table `user_tokens`
--

LOCK TABLES `user_tokens` WRITE;
/*!40000 ALTER TABLE `user_tokens` DISABLE KEYS */;
INSERT INTO `user_tokens` VALUES (1,18,5,0),(0,19,6,0),(0,20,7,0),(0,21,8,0),(4,22,9,0),(0,23,10,0),(5,24,11,0),(0,25,12,0),(0,26,13,0),(0,27,14,0),(6,28,15,0),(7,29,16,0),(8,30,17,0),(9,31,18,0),(10,32,19,0),(11,33,20,0),(12,34,21,0),(13,35,22,0),(14,36,23,0),(15,37,24,0),(16,38,25,0),(17,39,26,0),(18,40,27,0),(19,41,28,0),(20,42,29,0),(21,43,30,0),(22,44,31,0);
/*!40000 ALTER TABLE `user_tokens` ENABLE KEYS */;
UNLOCK TABLES;

--
-- Table structure for table `user_university_memberships_scopes`
--

DROP TABLE IF EXISTS `user_university_memberships_scopes`;
/*!40101 SET @saved_cs_client     = @@character_set_client */;
/*!40101 SET character_set_client = utf8 */;
CREATE TABLE `user_university_memberships_scopes` (
  `id` int(11) NOT NULL AUTO_INCREMENT,
  `user_resource_memberships_id` int(11) DEFAULT NULL,
  `context` varchar(6) DEFAULT NULL,
  `resource_type_id` varchar(10) DEFAULT NULL COMMENT 'division,course,module,lesson',
  `scope` varchar(20) DEFAULT NULL,
  `lock_flag` int(11) DEFAULT NULL,
  `deleted_at` datetime DEFAULT NULL,
  `created_at` datetime NOT NULL DEFAULT CURRENT_TIMESTAMP,
  `updated_at` datetime DEFAULT NULL,
  `scope_id` int(11) NOT NULL,
  PRIMARY KEY (`id`)
) ENGINE=InnoDB AUTO_INCREMENT=62 DEFAULT CHARSET=latin1;
/*!40101 SET character_set_client = @saved_cs_client */;

--
-- Dumping data for table `user_university_memberships_scopes`
--

LOCK TABLES `user_university_memberships_scopes` WRITE;
/*!40000 ALTER TABLE `user_university_memberships_scopes` DISABLE KEYS */;
INSERT INTO `user_university_memberships_scopes` VALUES (13,5,'cms','2','update',NULL,NULL,'2019-10-13 23:23:03',NULL,0),(14,1,'cms','5','read',NULL,NULL,'2019-10-13 23:23:03',NULL,0),(15,2,'cms','4','update',NULL,NULL,'2019-10-13 23:23:03',NULL,0),(16,1,'mobile','5','read',NULL,NULL,'2019-10-13 23:23:03',NULL,0),(17,1,'mobile','5','public-read',NULL,NULL,'2019-10-13 23:23:03',NULL,0),(18,4,'mobile','3','read',NULL,NULL,'2019-10-13 23:23:03',NULL,0),(19,9,'mobile','2','read',NULL,NULL,'2019-10-13 23:23:03',NULL,0),(20,4,'cms','3','update',NULL,NULL,'2019-10-14 03:54:22',NULL,20),(21,5,'mobile','2','read',NULL,NULL,'2019-10-14 03:54:22',NULL,0),(22,5,'mobile','1','read',NULL,NULL,'2019-10-18 13:07:58',NULL,0),(23,7,'cms','5','update',NULL,NULL,'2019-10-26 21:11:37','2019-10-26 21:11:37',0),(24,8,'cms','4','update',NULL,NULL,'2019-10-26 21:12:36','2019-10-26 21:12:36',0),(25,9,'cms','3','update',NULL,NULL,'2019-10-26 21:13:17','2019-10-26 21:13:17',0),(26,10,'cms','2','update',NULL,NULL,'2019-10-26 21:13:40','2019-10-26 21:13:40',0),(27,11,'cms','1','update',NULL,NULL,'2019-10-26 21:14:10','2019-10-26 21:14:10',0),(28,12,'cms','5','update',NULL,NULL,'2019-10-27 18:29:00','2019-10-27 18:29:00',0),(29,13,'cms','4','update',NULL,NULL,'2019-10-27 18:32:58','2019-10-27 18:32:58',0),(30,14,'cms','4','update',NULL,NULL,'2019-10-27 18:34:48','2019-10-27 18:34:48',0),(31,15,'cms','4','update',NULL,NULL,'2019-10-27 18:38:04','2019-10-27 18:38:04',0),(32,16,'cms','3','update',NULL,NULL,'2019-10-27 18:38:59','2019-10-27 18:38:59',0),(33,17,'cms','3','update',NULL,NULL,'2019-10-27 18:42:29','2019-10-27 18:42:29',0),(34,18,'cms','3','update',NULL,NULL,'2019-10-27 18:43:30','2019-10-27 18:43:30',0),(35,19,'cms','3','update',NULL,NULL,'2019-10-27 18:44:05','2019-10-27 18:44:05',0),(36,20,'cms','2','update',NULL,NULL,'2019-10-28 21:49:01','2019-10-28 21:49:01',0),(37,21,'cms','2','update',NULL,NULL,'2019-10-28 21:49:19','2019-10-28 21:49:19',0),(38,22,'cms','2','update',NULL,NULL,'2019-10-28 21:49:33','2019-10-28 21:49:33',0),(39,23,'cms','2','update',NULL,NULL,'2019-10-28 21:49:44','2019-10-28 21:49:44',0),(40,24,'cms','1','update',NULL,NULL,'2019-10-28 21:54:30','2019-10-28 21:54:30',0),(41,25,'cms','1','update',NULL,NULL,'2019-10-28 21:54:46','2019-10-28 21:54:46',0),(42,26,'cms','1','update',NULL,NULL,'2019-10-28 21:55:02','2019-10-28 21:55:02',0),(43,27,'cms','3','update',NULL,NULL,'2019-10-28 22:19:51','2019-10-28 22:19:51',0),(44,28,'cms','5','update',NULL,NULL,'2019-10-28 22:23:21','2019-10-28 22:23:21',0),(45,29,'cms','5','update',NULL,NULL,'2019-10-29 07:38:09','2019-10-29 07:38:09',0),(46,30,'cms','5','update',NULL,NULL,'2019-10-29 07:41:46','2019-10-29 07:41:46',0),(47,31,'cms','5','update',NULL,NULL,'2019-10-29 07:43:40','2019-10-29 07:43:40',0),(48,32,'cms','5','update',NULL,NULL,'2019-10-29 08:13:58','2019-10-29 08:13:58',0),(49,33,'cms','5','update',NULL,NULL,'2019-10-29 08:16:56','2019-10-29 08:16:56',0),(50,34,'cms','5','update',NULL,NULL,'2019-10-31 04:37:44','2019-10-31 04:37:44',0),(51,35,'cms','5','update',NULL,NULL,'2019-10-31 04:39:39','2019-10-31 04:39:39',0),(52,36,'cms','5','update',NULL,NULL,'2019-10-31 05:00:51','2019-10-31 05:00:51',0),(53,37,'cms','5','update',NULL,NULL,'2019-10-31 06:14:16','2019-10-31 06:14:16',0),(54,38,'cms','5','update',NULL,NULL,'2019-10-31 07:34:14','2019-10-31 07:34:14',0),(55,39,'cms','5','update',NULL,NULL,'2019-10-31 08:55:13','2019-10-31 08:55:13',0),(56,40,'cms','5','update',NULL,NULL,'2019-11-08 07:51:35','2019-11-08 07:51:35',0),(57,41,'mobile','5','read',NULL,NULL,'2019-11-08 07:51:35','2019-11-08 07:51:35',0),(58,41,'mobile','5','public-read',NULL,NULL,'2019-11-08 07:51:35','2019-11-08 07:51:35',0),(59,42,'cms','5','update',NULL,NULL,'2019-11-12 07:34:57','2019-11-12 07:34:57',0),(60,43,'cms','5','update',NULL,NULL,'2019-11-12 07:52:44','2019-11-12 07:52:44',0),(61,44,'cms','5','update',NULL,NULL,'2019-11-12 09:03:36','2019-11-12 09:03:36',0);
/*!40000 ALTER TABLE `user_university_memberships_scopes` ENABLE KEYS */;
UNLOCK TABLES;

--
-- Table structure for table `users`
--

DROP TABLE IF EXISTS `users`;
/*!40101 SET @saved_cs_client     = @@character_set_client */;
/*!40101 SET character_set_client = utf8 */;
CREATE TABLE `users` (
  `id` int(11) unsigned NOT NULL AUTO_INCREMENT,
  `first_name` varchar(100) COLLATE utf8_unicode_ci DEFAULT NULL,
  `last_name` varchar(100) COLLATE utf8_unicode_ci DEFAULT NULL,
  `username` varchar(190) COLLATE utf8_unicode_ci DEFAULT NULL,
  `email` varchar(190) COLLATE utf8_unicode_ci NOT NULL,
  `password` varchar(128) COLLATE utf8_unicode_ci NOT NULL,
  `permissions` text COLLATE utf8_unicode_ci,
  `last_login` timestamp NULL DEFAULT NULL,
  `supervisor_id` int(25) DEFAULT NULL,
  `lft` int(25) DEFAULT NULL,
  `rgt` int(25) DEFAULT NULL,
  `depth` int(10) DEFAULT NULL,
  `status` tinyint(1) DEFAULT '1',
  `first_login` tinyint(1) DEFAULT '0',
  `is_verified` tinyint(1) DEFAULT NULL,
  `created_at` timestamp NULL DEFAULT NULL,
  `updated_at` timestamp NULL DEFAULT NULL,
  `deleted_at` datetime DEFAULT NULL,
  `public_user_id` varchar(50) COLLATE utf8_unicode_ci DEFAULT NULL,
  `timezone` varbinary(50) DEFAULT NULL,
  `preferences` longtext COLLATE utf8_unicode_ci,
  `is_active` tinyint(1) DEFAULT NULL,
  `place_id` varchar(190) COLLATE utf8_unicode_ci DEFAULT NULL,
  `avatar` varchar(255) COLLATE utf8_unicode_ci DEFAULT NULL,
  `source_owner_id` varchar(12) COLLATE utf8_unicode_ci DEFAULT NULL,
  `source_description` varchar(255) COLLATE utf8_unicode_ci DEFAULT NULL,
  PRIMARY KEY (`id`) USING BTREE,
  UNIQUE KEY `email` (`email`) USING BTREE
) ENGINE=InnoDB AUTO_INCREMENT=7 DEFAULT CHARSET=utf8 COLLATE=utf8_unicode_ci ROW_FORMAT=COMPACT;
/*!40101 SET character_set_client = @saved_cs_client */;

--
-- Dumping data for table `users`
--

LOCK TABLES `users` WRITE;
/*!40000 ALTER TABLE `users` DISABLE KEYS */;
INSERT INTO `users` VALUES (1,NULL,NULL,'miditha@tuto.com','suranjith.rodrigo@gmail.com','$2y$10$eD33TtaRa/Wobwm/a7GzHOvsFFuhrQgXx1FvgartaP6.zVY8c4mgi','{\"admin\":true,\"index\":true}','2019-11-12 07:33:43',NULL,NULL,NULL,0,1,1,1,'2019-08-06 03:27:30','2019-11-12 07:33:43',NULL,'AAA11212',NULL,NULL,1,NULL,NULL,NULL,NULL),(2,NULL,NULL,'malindra@tuto.com','malindra@tuto.com','$2y$10$vJ0/.9l8qByoN/ZFJlzew.U3SUrYnsI6QoPezSfeo9qDQYLJSjC/O','{\"admin\":true,\"index\":true}',NULL,NULL,NULL,NULL,NULL,1,0,1,'2019-08-06 03:27:51','2019-08-06 03:28:05',NULL,'BBBrerer',NULL,NULL,1,NULL,NULL,NULL,NULL),(3,'Super','Administrator','sadmin','admin@admin.lk','$2y$10$vJ0/.9l8qByoN/ZFJlzew.U3SUrYnsI6QoPezSfeo9qDQYLJSjC/O','{\"admin\":true,\"index\":true}','2019-10-30 15:59:48',NULL,1,2,0,1,1,1,'2015-07-11 11:09:31','2019-10-30 15:59:48',NULL,NULL,NULL,NULL,NULL,NULL,NULL,NULL,NULL),(4,'P.S.M','Rodrigo','ANI','malindrarodrigo@gmail.com','$2y$10$cyekm5KEICS4MMqdCjyLTeZhlmAvReTYA6N9k0NB40SsP1lUJDJHW',NULL,NULL,NULL,3,4,0,1,0,NULL,'2019-10-28 22:24:21','2019-10-28 22:24:21',NULL,NULL,NULL,NULL,NULL,NULL,NULL,NULL,NULL),(5,'aa','aaa','aaa','aa','$2y$10$MkeKVtHAkJh3bRqTR1E4GOsJ9qAV.w2DBDvoC.fvbhLisdrqr/RZ6',NULL,NULL,NULL,5,6,0,1,0,NULL,'2019-10-29 07:39:25','2019-10-29 07:39:25',NULL,NULL,NULL,NULL,NULL,NULL,NULL,NULL,NULL),(6,'cc','cc','cc','cc','$2y$10$b4pdtR0Oi/qYC8d8uRK6aOEHSCsJuSAgXo/N5CtEt42vUsQ01cTsO',NULL,NULL,NULL,7,8,0,1,0,NULL,'2019-10-31 04:42:15','2019-10-31 04:42:15',NULL,NULL,NULL,NULL,NULL,NULL,NULL,NULL,NULL);
/*!40000 ALTER TABLE `users` ENABLE KEYS */;
UNLOCK TABLES;
/*!40103 SET TIME_ZONE=@OLD_TIME_ZONE */;

/*!40101 SET SQL_MODE=@OLD_SQL_MODE */;
/*!40014 SET FOREIGN_KEY_CHECKS=@OLD_FOREIGN_KEY_CHECKS */;
/*!40014 SET UNIQUE_CHECKS=@OLD_UNIQUE_CHECKS */;
/*!40101 SET CHARACTER_SET_CLIENT=@OLD_CHARACTER_SET_CLIENT */;
/*!40101 SET CHARACTER_SET_RESULTS=@OLD_CHARACTER_SET_RESULTS */;
/*!40101 SET COLLATION_CONNECTION=@OLD_COLLATION_CONNECTION */;
/*!40111 SET SQL_NOTES=@OLD_SQL_NOTES */;

-- Dump completed on 2019-12-18 15:49:19
